ISO-10303-21;
HEADER;
FILE_DESCRIPTION (( 'STEP AP214' ),
    '1' );
FILE_NAME ('M20-7910442R.STEP',
    '2021-12-06T01:22:30',
    ( '' ),
    ( '' ),
    'SwSTEP 2.0',
    'SolidWorks 2017',
    '' );
FILE_SCHEMA (( 'AUTOMOTIVE_DESIGN' ));
ENDSEC;

DATA;
#1 = EDGE_CURVE ( 'NONE', #94, #3421, #497, .T. ) ;
#2 = DIRECTION ( 'NONE',  ( -1.000000000000000000, -1.458100904399333800E-016, 0.0000000000000000000 ) ) ;
#3 = CARTESIAN_POINT ( 'NONE',  ( -1.589999999999997600, 0.1217842931841215100, -0.5775484784178112100 ) ) ;
#4 = VECTOR ( 'NONE', #6186, 1000.000000000000100 ) ;
#5 = ORIENTED_EDGE ( 'NONE', *, *, #2332, .T. ) ;
#6 = AXIS2_PLACEMENT_3D ( 'NONE', #3565, #688, #1164 ) ;
#7 = FACE_OUTER_BOUND ( 'NONE', #1902, .T. ) ;
#8 = ORIENTED_EDGE ( 'NONE', *, *, #2825, .T. ) ;
#9 = ORIENTED_EDGE ( 'NONE', *, *, #532, .T. ) ;
#10 = CARTESIAN_POINT ( 'NONE',  ( 3.490000000000000200, 0.5000000000000012200, -0.2505119680435638500 ) ) ;
#11 = DIRECTION ( 'NONE',  ( 1.458100904399333800E-016, -1.000000000000000000, -0.0000000000000000000 ) ) ;
#12 = ORIENTED_EDGE ( 'NONE', *, *, #3647, .T. ) ;
#13 = CIRCLE ( 'NONE', #50, 0.2500000000000002200 ) ;
#14 = LINE ( 'NONE', #568, #2797 ) ;
#15 = ORIENTED_EDGE ( 'NONE', *, *, #1838, .F. ) ;
#16 = ORIENTED_EDGE ( 'NONE', *, *, #5606, .F. ) ;
#17 = CARTESIAN_POINT ( 'NONE',  ( 1.590000000000001200, 0.4000000000000008500, -0.2505119680435638500 ) ) ;
#18 = ORIENTED_EDGE ( 'NONE', *, *, #2948, .T. ) ;
#19 = VERTEX_POINT ( 'NONE', #3629 ) ;
#20 = DIRECTION ( 'NONE',  ( -0.01029357226245786000, -1.500906702538970600E-018, 0.9999470197815869500 ) ) ;
#21 = EDGE_LOOP ( 'NONE', ( #5657, #3789, #3321, #4080, #5164, #405, #178, #2805, #4675, #2826, #5103, #396, #2504, #4932, #4063, #1086, #3255, #4519 ) ) ;
#22 = AXIS2_PLACEMENT_3D ( 'NONE', #566, #4385, #3865 ) ;
#23 = VERTEX_POINT ( 'NONE', #2170 ) ;
#24 = DIRECTION ( 'NONE',  ( 9.537044630965833600E-017, -0.6540730207484939400, 0.7564314136317584800 ) ) ;
#25 = DIRECTION ( 'NONE',  ( 0.9998476951563912700, 1.457878828569123600E-016, -0.01745240643728340400 ) ) ;
#26 = CARTESIAN_POINT ( 'NONE',  ( -3.490000000000000200, 1.004999999999999700, -2.975000000000000100 ) ) ;
#27 = ORIENTED_EDGE ( 'NONE', *, *, #3834, .F. ) ;
#28 = DIRECTION ( 'NONE',  ( 0.0000000000000000000, 0.0000000000000000000, -1.000000000000000000 ) ) ;
#29 = ORIENTED_EDGE ( 'NONE', *, *, #2645, .F. ) ;
#30 = EDGE_CURVE ( 'NONE', #5726, #2001, #1087, .T. ) ;
#31 = SURFACE_STYLE_FILL_AREA ( #3389 ) ;
#32 = FILL_AREA_STYLE_COLOUR ( '', #2306 ) ;
#33 = ADVANCED_FACE ( 'NONE', ( #794 ), #4586, .T. ) ;
#34 = ORIENTED_EDGE ( 'NONE', *, *, #384, .F. ) ;
#35 = LINE ( 'NONE', #4252, #2134 ) ;
#36 = DIRECTION ( 'NONE',  ( -1.458100904399333800E-016, 1.000000000000000000, -0.0000000000000000000 ) ) ;
#37 = DIRECTION ( 'NONE',  ( 1.000000000000000000, 0.0000000000000000000, 0.0000000000000000000 ) ) ;
#38 = VECTOR ( 'NONE', #1116, 1000.000000000000000 ) ;
#39 = CARTESIAN_POINT ( 'NONE',  ( -4.760000000000004200, 1.524999999999999200, -3.924999999999999800 ) ) ;
#40 = AXIS2_PLACEMENT_3D ( 'NONE', #5438, #3561, #1077 ) ;
#41 = ORIENTED_EDGE ( 'NONE', *, *, #2195, .F. ) ;
#42 = FILL_AREA_STYLE ('',( #3496 ) ) ;
#43 = CARTESIAN_POINT ( 'NONE',  ( 3.490000000000000200, 0.5000000000000012200, -0.2505119680435638500 ) ) ;
#44 = VERTEX_POINT ( 'NONE', #2106 ) ;
#45 = CIRCLE ( 'NONE', #3595, 0.2500000000000000600 ) ;
#46 = EDGE_CURVE ( 'NONE', #3024, #3783, #4178, .T. ) ;
#47 = EDGE_CURVE ( 'NONE', #2752, #1959, #179, .T. ) ;
#48 = ORIENTED_EDGE ( 'NONE', *, *, #1634, .F. ) ;
#49 = CARTESIAN_POINT ( 'NONE',  ( -3.490000000000000200, 1.124999999999999600, -3.674999999999999400 ) ) ;
#50 = AXIS2_PLACEMENT_3D ( 'NONE', #3785, #1822, #6142 ) ;
#51 = DIRECTION ( 'NONE',  ( 1.000000000000000000, 0.0000000000000000000, 7.930164461608279200E-014 ) ) ;
#52 = VECTOR ( 'NONE', #3680, 1000.000000000000000 ) ;
#53 = VERTEX_POINT ( 'NONE', #4535 ) ;
#54 = PLANE ( 'NONE',  #3107 ) ;
#55 = CARTESIAN_POINT ( 'NONE',  ( 0.0000000000000000000, 0.0000000000000000000, 0.0000000000000000000 ) ) ;
#56 = DIRECTION ( 'NONE',  ( -1.458100904399333800E-016, 1.000000000000000000, 0.0000000000000000000 ) ) ;
#57 = CARTESIAN_POINT ( 'NONE',  ( -1.589999999999997600, 1.524999999999999700, -3.674999999999999400 ) ) ;
#58 = LINE ( 'NONE', #3117, #2462 ) ;
#59 = EDGE_CURVE ( 'NONE', #1609, #1963, #642, .T. ) ;
#60 = CARTESIAN_POINT ( 'NONE',  ( -4.760000000000004200, 1.124999999999999300, -6.625000000000000900 ) ) ;
#61 = ORIENTED_EDGE ( 'NONE', *, *, #1554, .T. ) ;
#62 = CARTESIAN_POINT ( 'NONE',  ( -3.490000000000000200, 1.024999999999999500, -1.775000000000000600 ) ) ;
#63 = EDGE_CURVE ( 'NONE', #402, #3770, #5459, .T. ) ;
#64 =( NAMED_UNIT ( * ) PLANE_ANGLE_UNIT ( ) SI_UNIT ( $, .RADIAN. ) );
#65 = CARTESIAN_POINT ( 'NONE',  ( -2.185000000000002700, 1.524999999999999700, -10.02500000000000000 ) ) ;
#66 = AXIS2_PLACEMENT_3D ( 'NONE', #3983, #4905, #4858 ) ;
#67 = LINE ( 'NONE', #3022, #4129 ) ;
#68 = DIRECTION ( 'NONE',  ( 0.0000000000000000000, 0.0000000000000000000, -1.000000000000000000 ) ) ;
#69 = ORIENTED_EDGE ( 'NONE', *, *, #3280, .F. ) ;
#70 = PRESENTATION_STYLE_ASSIGNMENT (( #4247 ) ) ;
#71 = CARTESIAN_POINT ( 'NONE',  ( 4.097131737053301100, 1.525000000000000600, -8.829774775735728600 ) ) ;
#72 = LINE ( 'NONE', #6023, #4967 ) ;
#73 = DIRECTION ( 'NONE',  ( 1.000000000000000000, 1.458100904399333800E-016, -4.565061778886334000E-016 ) ) ;
#74 = LINE ( 'NONE', #5845, #2477 ) ;
#75 = EDGE_CURVE ( 'NONE', #1071, #3203, #1758, .T. ) ;
#76 = DIRECTION ( 'NONE',  ( 1.458100904399333800E-016, -1.000000000000000000, 0.0000000000000000000 ) ) ;
#77 = LINE ( 'NONE', #6246, #4892 ) ;
#78 = FACE_OUTER_BOUND ( 'NONE', #4997, .T. ) ;
#79 = VERTEX_POINT ( 'NONE', #2083 ) ;
#80 = DIRECTION ( 'NONE',  ( -4.565061778886334000E-016, -6.656320708432995900E-032, -1.000000000000000000 ) ) ;
#81 = DIRECTION ( 'NONE',  ( 0.0000000000000000000, -1.000000000000000000, 0.0000000000000000000 ) ) ;
#82 = ORIENTED_EDGE ( 'NONE', *, *, #2135, .T. ) ;
#83 = LINE ( 'NONE', #3533, #5424 ) ;
#84 = EDGE_LOOP ( 'NONE', ( #2653, #2656, #2569, #3011 ) ) ;
#85 = PLANE ( 'NONE',  #5651 ) ;
#86 = FACE_OUTER_BOUND ( 'NONE', #1825, .T. ) ;
#87 = CARTESIAN_POINT ( 'NONE',  ( 0.5699999999999976200, 1.525000000000000100, -3.924999999999999800 ) ) ;
#88 = EDGE_CURVE ( 'NONE', #2200, #4153, #491, .T. ) ;
#89 = ORIENTED_EDGE ( 'NONE', *, *, #3163, .F. ) ;
#90 = CARTESIAN_POINT ( 'NONE',  ( 4.129999999999999900, 1.005000000000000600, -2.975000000000000100 ) ) ;
#91 = ORIENTED_EDGE ( 'NONE', *, *, #2041, .T. ) ;
#92 = ORIENTED_EDGE ( 'NONE', *, *, #4258, .F. ) ;
#93 = LINE ( 'NONE', #4410, #5585 ) ;
#94 = VERTEX_POINT ( 'NONE', #4104 ) ;
#95 = VERTEX_POINT ( 'NONE', #3122 ) ;
#96 = DIRECTION ( 'NONE',  ( 1.000000000000000000, 1.355252715606880500E-016, 0.0000000000000000000 ) ) ;
#97 = DIRECTION ( 'NONE',  ( -0.01029357226245786000, -1.500906702538970600E-018, 0.9999470197815869500 ) ) ;
#98 = EDGE_CURVE ( 'NONE', #1152, #5123, #2744, .T. ) ;
#99 = ORIENTED_EDGE ( 'NONE', *, *, #5539, .T. ) ;
#100 = DIRECTION ( 'NONE',  ( 0.0000000000000000000, 0.0000000000000000000, -1.000000000000000000 ) ) ;
#101 = ORIENTED_EDGE ( 'NONE', *, *, #4960, .F. ) ;
#102 = VERTEX_POINT ( 'NONE', #5988 ) ;
#103 = FACE_OUTER_BOUND ( 'NONE', #3041, .T. ) ;
#104 = CARTESIAN_POINT ( 'NONE',  ( 3.490000000000000200, 1.125000000000000700, -1.775000000000000600 ) ) ;
#105 = EDGE_CURVE ( 'NONE', #2502, #3454, #2435, .T. ) ;
#106 = AXIS2_PLACEMENT_3D ( 'NONE', #2360, #3251, #5674 ) ;
#107 = ORIENTED_EDGE ( 'NONE', *, *, #318, .F. ) ;
#108 = CARTESIAN_POINT ( 'NONE',  ( -0.9499999999999995100, 4.336808689942019700E-016, 0.2250000000000012500 ) ) ;
#109 = CARTESIAN_POINT ( 'NONE',  ( 3.459999999999999500, 1.525000000000000600, -5.225000000000002300 ) ) ;
#110 = VECTOR ( 'NONE', #5784, 1000.000000000000000 ) ;
#111 = CARTESIAN_POINT ( 'NONE',  ( -2.859999999999998100, 1.524999999999999700, -10.77500000000000200 ) ) ;
#112 = DIRECTION ( 'NONE',  ( 9.537044630965833600E-017, -0.6540730207484939400, 0.7564314136317584800 ) ) ;
#113 = EDGE_CURVE ( 'NONE', #4747, #1273, #3504, .T. ) ;
#114 = LINE ( 'NONE', #4101, #4402 ) ;
#115 = DIRECTION ( 'NONE',  ( -1.458100904399333800E-016, 1.000000000000000000, -0.0000000000000000000 ) ) ;
#116 = DIRECTION ( 'NONE',  ( -1.000000000000000000, -1.458100904399333800E-016, 0.0000000000000000000 ) ) ;
#117 = DIRECTION ( 'NONE',  ( -1.000000000000000000, -1.034584430772185200E-016, 4.235164736271504200E-017 ) ) ;
#118 = ORIENTED_EDGE ( 'NONE', *, *, #30, .F. ) ;
#119 = CARTESIAN_POINT ( 'NONE',  ( -2.220000000000003300, 1.124999999999999800, -3.924999999999999800 ) ) ;
#120 = AXIS2_PLACEMENT_3D ( 'NONE', #153, #1181, #1629 ) ;
#121 = LINE ( 'NONE', #140, #350 ) ;
#122 = DIRECTION ( 'NONE',  ( -1.458100904399333800E-016, 1.000000000000000000, -0.0000000000000000000 ) ) ;
#123 = ORIENTED_EDGE ( 'NONE', *, *, #6074, .T. ) ;
#124 = DIRECTION ( 'NONE',  ( 1.000000000000000000, 1.458100904399333800E-016, 0.0000000000000000000 ) ) ;
#125 = ORIENTED_EDGE ( 'NONE', *, *, #2645, .T. ) ;
#126 = DIRECTION ( 'NONE',  ( 1.239088197126290300E-016, 1.806715620860384200E-032, 1.000000000000000000 ) ) ;
#127 = VECTOR ( 'NONE', #1308, 1000.000000000000000 ) ;
#128 = EDGE_LOOP ( 'NONE', ( #896, #3485, #5668, #123 ) ) ;
#129 = CARTESIAN_POINT ( 'NONE',  ( -0.9499999999999995100, 1.524999999999999900, -3.924999999999999800 ) ) ;
#130 = VECTOR ( 'NONE', #5268, 1000.000000000000000 ) ;
#131 = LINE ( 'NONE', #5450, #3297 ) ;
#132 = AXIS2_PLACEMENT_3D ( 'NONE', #4809, #1930, #20 ) ;
#133 = ORIENTED_EDGE ( 'NONE', *, *, #1924, .T. ) ;
#134 = PLANE ( 'NONE',  #4686 ) ;
#135 = VECTOR ( 'NONE', #4797, 1000.000000000000000 ) ;
#136 = FACE_OUTER_BOUND ( 'NONE', #3739, .T. ) ;
#137 = DIRECTION ( 'NONE',  ( 1.458100904399333800E-016, -1.000000000000000000, -0.0000000000000000000 ) ) ;
#138 = VECTOR ( 'NONE', #56, 1000.000000000000000 ) ;
#139 = EDGE_CURVE ( 'NONE', #1368, #1773, #3200, .T. ) ;
#140 = CARTESIAN_POINT ( 'NONE',  ( 5.080000000000001000, 1.125000000000000900, -10.77500000000000200 ) ) ;
#141 = DIRECTION ( 'NONE',  ( -0.0000000000000000000, -0.0000000000000000000, 1.000000000000000000 ) ) ;
#142 = ORIENTED_EDGE ( 'NONE', *, *, #6018, .F. ) ;
#143 = VECTOR ( 'NONE', #3152, 1000.000000000000000 ) ;
#144 = CIRCLE ( 'NONE', #2438, 1.600000000000000800 ) ;
#145 = CARTESIAN_POINT ( 'NONE',  ( 0.9500000000000011800, 1.005000000000000300, -11.07499999999999900 ) ) ;
#146 = DIRECTION ( 'NONE',  ( 1.000000000000000000, 0.0000000000000000000, 0.0000000000000000000 ) ) ;
#147 = CARTESIAN_POINT ( 'NONE',  ( -1.589999999999997600, 4.336808689942019700E-016, 0.2250000000000012500 ) ) ;
#148 = DIRECTION ( 'NONE',  ( 1.458100904399333800E-016, -1.000000000000000000, 0.0000000000000000000 ) ) ;
#150 = EDGE_CURVE ( 'NONE', #53, #4452, #5305, .T. ) ;
#149 = VECTOR ( 'NONE', #5532, 1000.000000000000000 ) ;
#151 = LINE ( 'NONE', #1459, #3237 ) ;
#152 = ORIENTED_EDGE ( 'NONE', *, *, #2531, .T. ) ;
#153 = CARTESIAN_POINT ( 'NONE',  ( -1.270000000000000200, 1.524999999999999900, -5.225000000000002300 ) ) ;
#154 = ORIENTED_EDGE ( 'NONE', *, *, #4851, .T. ) ;
#155 = ORIENTED_EDGE ( 'NONE', *, *, #3813, .T. ) ;
#156 = LINE ( 'NONE', #4618, #4372 ) ;
#157 = AXIS2_PLACEMENT_3D ( 'NONE', #4651, #790, #3227 ) ;
#158 = FACE_OUTER_BOUND ( 'NONE', #2970, .T. ) ;
#159 = EDGE_LOOP ( 'NONE', ( #3646, #1319, #5768, #938 ) ) ;
#160 = ORIENTED_EDGE ( 'NONE', *, *, #1501, .F. ) ;
#161 = DIRECTION ( 'NONE',  ( 1.000000000000000000, 1.458100904399333800E-016, -0.0000000000000000000 ) ) ;
#162 = VERTEX_POINT ( 'NONE', #2449 ) ;
#163 = ORIENTED_EDGE ( 'NONE', *, *, #4988, .T. ) ;
#164 = DIRECTION ( 'NONE',  ( -0.9998476951563912700, -1.457878828569123600E-016, -0.01745240643728365000 ) ) ;
#165 = EDGE_CURVE ( 'NONE', #1132, #6187, #4183, .T. ) ;
#166 = ADVANCED_FACE ( 'NONE', ( #649 ), #5611, .F. ) ;
#167 = VERTEX_POINT ( 'NONE', #526 ) ;
#168 = ORIENTED_EDGE ( 'NONE', *, *, #2214, .T. ) ;
#169 = CARTESIAN_POINT ( 'NONE',  ( 3.089999999999999000, 1.325000000000000400, -11.47500000000000100 ) ) ;
#170 = PLANE ( 'NONE',  #1939 ) ;
#171 = EDGE_LOOP ( 'NONE', ( #6213, #1080, #2446, #5958 ) ) ;
#172 = DIRECTION ( 'NONE',  ( -0.5773502691896274000, 0.5773502691896260600, 0.5773502691896237300 ) ) ;
#173 = PRODUCT_RELATED_PRODUCT_CATEGORY ( 'part', '', ( #487 ) ) ;
#174 = CARTESIAN_POINT ( 'NONE',  ( 5.204999999999999200, 1.125000000000000900, -3.775000000000000400 ) ) ;
#175 = VECTOR ( 'NONE', #612, 1000.000000000000000 ) ;
#176 = EDGE_CURVE ( 'NONE', #4608, #4085, #3874, .T. ) ;
#177 = DIRECTION ( 'NONE',  ( 1.000000000000000000, 0.0000000000000000000, 0.0000000000000000000 ) ) ;
#178 = ORIENTED_EDGE ( 'NONE', *, *, #5990, .T. ) ;
#179 = LINE ( 'NONE', #1692, #2891 ) ;
#180 = DIRECTION ( 'NONE',  ( 2.168404344971008900E-016, -1.000000000000000000, 0.0000000000000000000 ) ) ;
#181 = EDGE_CURVE ( 'NONE', #1213, #2433, #5454, .T. ) ;
#182 = LINE ( 'NONE', #1241, #5165 ) ;
#183 = AXIS2_PLACEMENT_3D ( 'NONE', #1445, #1404, #4769 ) ;
#184 = CARTESIAN_POINT ( 'NONE',  ( -3.490000000000000200, 1.524999999999999500, -1.775000000000000600 ) ) ;
#185 = DIRECTION ( 'NONE',  ( -3.212450881438531300E-016, -4.684077535563959900E-032, 1.000000000000000000 ) ) ;
#186 = CARTESIAN_POINT ( 'NONE',  ( 0.9500000000000011800, 1.525000000000000100, -2.975000000000000100 ) ) ;
#187 = ORIENTED_EDGE ( 'NONE', *, *, #3280, .T. ) ;
#188 = DIRECTION ( 'NONE',  ( 1.000000000000000000, 1.458100904399333800E-016, -1.239088197126290300E-016 ) ) ;
#189 = DIRECTION ( 'NONE',  ( 1.000000000000000000, 0.0000000000000000000, -7.930164461608279200E-014 ) ) ;
#190 = EDGE_CURVE ( 'NONE', #1003, #3939, #2591, .T. ) ;
#191 = ADVANCED_FACE ( 'NONE', ( #6065 ), #4032, .F. ) ;
#192 = ORIENTED_EDGE ( 'NONE', *, *, #1469, .F. ) ;
#193 = CARTESIAN_POINT ( 'NONE',  ( -0.3199999999999974000, 1.825000000000000000, -3.775000000000000400 ) ) ;
#194 = DIRECTION ( 'NONE',  ( 1.458100904399333800E-016, -1.000000000000000000, -0.0000000000000000000 ) ) ;
#195 = DIRECTION ( 'NONE',  ( 1.458100904399333800E-016, -1.000000000000000000, 0.0000000000000000000 ) ) ;
#196 = CYLINDRICAL_SURFACE ( 'NONE', #710, 0.3499999999999992000 ) ;
#197 = ORIENTED_EDGE ( 'NONE', *, *, #47, .T. ) ;
#198 = ORIENTED_EDGE ( 'NONE', *, *, #4096, .F. ) ;
#199 = ADVANCED_FACE ( 'NONE', ( #5006 ), #2971, .F. ) ;
#200 = CARTESIAN_POINT ( 'NONE',  ( -3.109999999999998100, 1.524999999999999700, -3.924999999999999800 ) ) ;
#201 = CYLINDRICAL_SURFACE ( 'NONE', #897, 0.2000000000000000900 ) ;
#202 = EDGE_CURVE ( 'NONE', #2623, #4696, #1767, .T. ) ;
#203 = ORIENTED_EDGE ( 'NONE', *, *, #176, .T. ) ;
#204 = DIRECTION ( 'NONE',  ( -1.458100904399333800E-016, 1.000000000000000000, 0.0000000000000000000 ) ) ;
#205 =( GEOMETRIC_REPRESENTATION_CONTEXT ( 3 ) GLOBAL_UNCERTAINTY_ASSIGNED_CONTEXT ( ( #4697 ) ) GLOBAL_UNIT_ASSIGNED_CONTEXT ( ( #4352, #3328, #1467 ) ) REPRESENTATION_CONTEXT ( 'NONE', 'WORKASPACE' ) );
#206 = DIRECTION ( 'NONE',  ( 1.000000000000000000, 1.458100904399333800E-016, 3.212450881438531300E-016 ) ) ;
#207 = CARTESIAN_POINT ( 'NONE',  ( -1.970000000000003100, 1.124999999999999800, -3.674999999999999400 ) ) ;
#208 = VECTOR ( 'NONE', #4864, 1000.000000000000000 ) ;
#209 = CARTESIAN_POINT ( 'NONE',  ( 1.970000000000003100, 1.125000000000000400, -3.674999999999999400 ) ) ;
#210 = ORIENTED_EDGE ( 'NONE', *, *, #1104, .F. ) ;
#211 = DIRECTION ( 'NONE',  ( 1.458100904399333800E-016, -1.000000000000000000, 0.0000000000000000000 ) ) ;
#212 = LINE ( 'NONE', #2335, #5191 ) ;
#213 = EDGE_CURVE ( 'NONE', #5871, #6079, #3803, .T. ) ;
#214 = DIRECTION ( 'NONE',  ( 1.000000000000000000, 1.458100904399333800E-016, -0.0000000000000000000 ) ) ;
#215 = CARTESIAN_POINT ( 'NONE',  ( -0.3199999999999974000, 1.524999999999999900, -6.625000000000000900 ) ) ;
#216 = LINE ( 'NONE', #1681, #2921 ) ;
#217 = ORIENTED_EDGE ( 'NONE', *, *, #1706, .T. ) ;
#218 = CARTESIAN_POINT ( 'NONE',  ( 5.204999999999999200, 1.645000000000000700, -3.775000000000000400 ) ) ;
#219 = ORIENTED_EDGE ( 'NONE', *, *, #2924, .F. ) ;
#220 = FACE_OUTER_BOUND ( 'NONE', #1785, .T. ) ;
#221 = VECTOR ( 'NONE', #766, 1000.000000000000000 ) ;
#222 = ADVANCED_BREP_SHAPE_REPRESENTATION ( 'M20-7910442R', ( #3114, #3773, #874, #1994, #5817, #6102 ), #1141 ) ;
#223 = CARTESIAN_POINT ( 'NONE',  ( 3.809999999999999200, 1.125000000000000700, -5.225000000000002300 ) ) ;
#224 = VECTOR ( 'NONE', #2927, 1000.000000000000000 ) ;
#225 = EDGE_CURVE ( 'NONE', #1929, #270, #2139, .T. ) ;
#226 = ORIENTED_EDGE ( 'NONE', *, *, #3323, .T. ) ;
#227 = ADVANCED_FACE ( 'NONE', ( #866 ), #5833, .T. ) ;
#228 = ORIENTED_EDGE ( 'NONE', *, *, #4488, .T. ) ;
#229 = EDGE_LOOP ( 'NONE', ( #5460, #3933, #2128, #4320 ) ) ;
#230 = CARTESIAN_POINT ( 'NONE',  ( -4.510000000000003300, 1.124999999999999300, -3.674999999999999400 ) ) ;
#231 = FACE_OUTER_BOUND ( 'NONE', #5017, .T. ) ;
#232 = VERTEX_POINT ( 'NONE', #5903 ) ;
#233 = CARTESIAN_POINT ( 'NONE',  ( 0.9500000000000011800, 0.4243568586368252600, -0.3159192701184133100 ) ) ;
#234 = ORIENTED_EDGE ( 'NONE', *, *, #4151, .T. ) ;
#235 = CARTESIAN_POINT ( 'NONE',  ( 3.522868262946701200, 1.525000000000000600, -8.829774775735728600 ) ) ;
#236 = DIRECTION ( 'NONE',  ( 1.239088197126290300E-016, 1.806715620860384200E-032, 1.000000000000000000 ) ) ;
#237 = ORIENTED_EDGE ( 'NONE', *, *, #5231, .F. ) ;
#238 = CARTESIAN_POINT ( 'NONE',  ( 2.859999999999996300, 1.525000000000000600, -3.924999999999999800 ) ) ;
#239 = ORIENTED_EDGE ( 'NONE', *, *, #392, .F. ) ;
#240 = LINE ( 'NONE', #5824, #4831 ) ;
#241 = DIRECTION ( 'NONE',  ( -6.110679571450328900E-017, 1.000000000000000000, 1.368455531567204200E-048 ) ) ;
#242 = ORIENTED_EDGE ( 'NONE', *, *, #2948, .F. ) ;
#243 = EDGE_LOOP ( 'NONE', ( #5480, #3712, #5083, #5076 ) ) ;
#244 = AXIS2_PLACEMENT_3D ( 'NONE', #4625, #2657, #6002 ) ;
#245 = DIRECTION ( 'NONE',  ( 0.0000000000000000000, -1.000000000000000000, 0.0000000000000000000 ) ) ;
#246 = VERTEX_POINT ( 'NONE', #4407 ) ;
#247 = ORIENTED_EDGE ( 'NONE', *, *, #5262, .F. ) ;
#248 = ORIENTED_EDGE ( 'NONE', *, *, #903, .T. ) ;
#250 = EDGE_CURVE ( 'NONE', #5210, #2842, #3121, .T. ) ;
#249 = VECTOR ( 'NONE', #1652, 1000.000000000000000 ) ;
#251 = CARTESIAN_POINT ( 'NONE',  ( -0.3199999999999991200, 1.524999999999999900, -10.77500000000000200 ) ) ;
#252 = EDGE_LOOP ( 'NONE', ( #5662, #3380, #349, #1447 ) ) ;
#253 = AXIS2_PLACEMENT_3D ( 'NONE', #2221, #6043, #3235 ) ;
#254 = PLANE ( 'NONE',  #1456 ) ;
#255 = DIRECTION ( 'NONE',  ( 1.458100904399333800E-016, -1.000000000000000000, 0.0000000000000000000 ) ) ;
#256 = VECTOR ( 'NONE', #2685, 1000.000000000000000 ) ;
#257 = CARTESIAN_POINT ( 'NONE',  ( 3.490000000000000200, 1.005000000000000600, -11.07499999999999900 ) ) ;
#258 = AXIS2_PLACEMENT_3D ( 'NONE', #6184, #5658, #378 ) ;
#259 = DIRECTION ( 'NONE',  ( 1.000000000000000000, 1.458100904399333800E-016, 3.212450881438531300E-016 ) ) ;
#260 = ORIENTED_EDGE ( 'NONE', *, *, #1676, .F. ) ;
#261 = ADVANCED_FACE ( 'NONE', ( #3351 ), #5836, .F. ) ;
#262 = EDGE_CURVE ( 'NONE', #5888, #921, #2599, .T. ) ;
#263 = CARTESIAN_POINT ( 'NONE',  ( 4.129999999999999900, 1.301042606982605700E-015, -0.2505119680435638500 ) ) ;
#264 = VECTOR ( 'NONE', #4014, 1000.000000000000000 ) ;
#265 = DIRECTION ( 'NONE',  ( 1.458100904399333800E-016, -1.000000000000000000, 0.0000000000000000000 ) ) ;
#266 = EDGE_CURVE ( 'NONE', #3702, #2915, #939, .T. ) ;
#267 = ORIENTED_EDGE ( 'NONE', *, *, #4418, .T. ) ;
#268 = AXIS2_PLACEMENT_3D ( 'NONE', #1862, #3294, #895 ) ;
#269 = CARTESIAN_POINT ( 'NONE',  ( -0.3549999999999976500, 1.125000000000000000, -10.02500000000000000 ) ) ;
#270 = VERTEX_POINT ( 'NONE', #2046 ) ;
#271 = CARTESIAN_POINT ( 'NONE',  ( -1.589999999999997600, 1.004999999999999900, -3.774999999999999000 ) ) ;
#272 = CARTESIAN_POINT ( 'NONE',  ( -5.205000000000001000, 2.447125105937309400E-031, -2.975000000000000100 ) ) ;
#273 = AXIS2_PLACEMENT_3D ( 'NONE', #1834, #908, #1849 ) ;
#274 = LINE ( 'NONE', #635, #4189 ) ;
#275 = CARTESIAN_POINT ( 'NONE',  ( 1.590000000000001200, 1.645000000000000200, -11.07499999999999900 ) ) ;
#276 = ORIENTED_EDGE ( 'NONE', *, *, #5664, .T. ) ;
#277 = ORIENTED_EDGE ( 'NONE', *, *, #4509, .F. ) ;
#278 = CARTESIAN_POINT ( 'NONE',  ( 0.9500000000000011800, 1.125000000000000200, -2.975000000000000100 ) ) ;
#279 = PLANE ( 'NONE',  #4646 ) ;
#280 = LINE ( 'NONE', #1113, #2009 ) ;
#281 = DIRECTION ( 'NONE',  ( 0.0000000000000000000, 0.0000000000000000000, -1.000000000000000000 ) ) ;
#282 = ORIENTED_EDGE ( 'NONE', *, *, #1250, .T. ) ;
#283 = DIRECTION ( 'NONE',  ( -1.000000000000000000, -2.710505431213759600E-016, 0.0000000000000000000 ) ) ;
#284 = ADVANCED_FACE ( 'NONE', ( #6141 ), #54, .F. ) ;
#285 = EDGE_CURVE ( 'NONE', #4162, #2490, #3428, .T. ) ;
#286 = FACE_BOUND ( 'NONE', #1683, .T. ) ;
#287 = LINE ( 'NONE', #4990, #3825 ) ;
#288 = ORIENTED_EDGE ( 'NONE', *, *, #2638, .F. ) ;
#289 = DIRECTION ( 'NONE',  ( -0.0000000000000000000, -0.0000000000000000000, 1.000000000000000000 ) ) ;
#290 = AXIS2_PLACEMENT_3D ( 'NONE', #1512, #2478, #5889 ) ;
#291 = ADVANCED_FACE ( 'NONE', ( #6214 ), #789, .T. ) ;
#292 = FACE_OUTER_BOUND ( 'NONE', #6118, .T. ) ;
#293 = LINE ( 'NONE', #967, #3226 ) ;
#294 = CARTESIAN_POINT ( 'NONE',  ( -4.159946693304734200, 1.124999999999999600, -5.231108342253052400 ) ) ;
#295 = CIRCLE ( 'NONE', #514, 0.1000000000000000500 ) ;
#296 = EDGE_CURVE ( 'NONE', #3244, #395, #2213, .T. ) ;
#297 = CARTESIAN_POINT ( 'NONE',  ( -1.149999999999998100, 4.336808689942019700E-016, 0.4250000000000000400 ) ) ;
#298 = EDGE_LOOP ( 'NONE', ( #4312, #1296, #6021, #4223 ) ) ;
#299 = LINE ( 'NONE', #5518, #5637 ) ;
#300 = DIRECTION ( 'NONE',  ( 0.0000000000000000000, -1.000000000000000000, 0.0000000000000000000 ) ) ;
#301 = VECTOR ( 'NONE', #4564, 1000.000000000000000 ) ;
#302 = VERTEX_POINT ( 'NONE', #5416 ) ;
#303 = VERTEX_POINT ( 'NONE', #2535 ) ;
#304 = EDGE_CURVE ( 'NONE', #4085, #6245, #1839, .T. ) ;
#305 = CARTESIAN_POINT ( 'NONE',  ( -4.129999999999998100, 0.5000000000000000000, -0.2505119680435638500 ) ) ;
#306 = AXIS2_PLACEMENT_3D ( 'NONE', #1024, #3964, #1070 ) ;
#307 = ORIENTED_EDGE ( 'NONE', *, *, #6159, .T. ) ;
#308 = VECTOR ( 'NONE', #4209, 1000.000000000000100 ) ;
#309 = ORIENTED_EDGE ( 'NONE', *, *, #3224, .F. ) ;
#310 = DIRECTION ( 'NONE',  ( -1.458100904399333800E-016, 1.000000000000000000, 0.0000000000000000000 ) ) ;
#311 = VECTOR ( 'NONE', #1313, 1000.000000000000000 ) ;
#312 = CARTESIAN_POINT ( 'NONE',  ( 2.859999999999998100, 1.125000000000000400, -3.924999999999999800 ) ) ;
#313 = ORIENTED_EDGE ( 'NONE', *, *, #3173, .T. ) ;
#314 = ORIENTED_EDGE ( 'NONE', *, *, #3938, .T. ) ;
#315 = DIRECTION ( 'NONE',  ( 1.000000000000000000, 1.458100904399333800E-016, 0.0000000000000000000 ) ) ;
#316 = ORIENTED_EDGE ( 'NONE', *, *, #733, .F. ) ;
#318 = EDGE_CURVE ( 'NONE', #4774, #922, #4552, .T. ) ;
#317 = VECTOR ( 'NONE', #2848, 1000.000000000000000 ) ;
#319 = VECTOR ( 'NONE', #2008, 1000.000000000000000 ) ;
#320 = ORIENTED_EDGE ( 'NONE', *, *, #3374, .T. ) ;
#321 = DIRECTION ( 'NONE',  ( 1.000000000000000000, 1.458100904399333800E-016, 0.0000000000000000000 ) ) ;
#322 = DIRECTION ( 'NONE',  ( 1.458100904399333800E-016, -1.000000000000000000, 0.0000000000000000000 ) ) ;
#323 = ADVANCED_FACE ( 'NONE', ( #5386 ), #2151, .F. ) ;
#324 = DIRECTION ( 'NONE',  ( 0.0000000000000000000, -1.000000000000000000, 3.794707603699263900E-015 ) ) ;
#325 = CARTESIAN_POINT ( 'NONE',  ( -2.219999999999999800, 1.524999999999999700, -10.77500000000000200 ) ) ;
#326 = CARTESIAN_POINT ( 'NONE',  ( 5.204999999999999200, 1.125000000000000900, -3.775000000000000400 ) ) ;
#327 = DIRECTION ( 'NONE',  ( -1.000000000000000000, -1.458100904399333800E-016, 0.0000000000000000000 ) ) ;
#328 = EDGE_LOOP ( 'NONE', ( #5688, #4599, #197, #5107 ) ) ;
#329 = VERTEX_POINT ( 'NONE', #3010 ) ;
#330 = CARTESIAN_POINT ( 'NONE',  ( -2.219999999999996200, 1.524999999999999700, -3.774999999999999000 ) ) ;
#331 = EDGE_CURVE ( 'NONE', #5534, #5404, #2057, .T. ) ;
#332 = EDGE_LOOP ( 'NONE', ( #89, #5671, #1096, #3100, #4177, #4761, #1252, #545, #1300, #5904, #945, #1400 ) ) ;
#333 = AXIS2_PLACEMENT_3D ( 'NONE', #1473, #5584, #3798 ) ;
#334 = DIRECTION ( 'NONE',  ( 1.458100904399333800E-016, -1.000000000000000000, -0.0000000000000000000 ) ) ;
#335 = FACE_OUTER_BOUND ( 'NONE', #2370, .T. ) ;
#336 = DIRECTION ( 'NONE',  ( 1.000000000000000000, 1.458100904399333800E-016, -0.0000000000000000000 ) ) ;
#337 = ORIENTED_EDGE ( 'NONE', *, *, #3186, .T. ) ;
#338 = DIRECTION ( 'NONE',  ( -1.458100904399333800E-016, 1.000000000000000000, -0.0000000000000000000 ) ) ;
#339 = ORIENTED_EDGE ( 'NONE', *, *, #3027, .T. ) ;
#340 = VECTOR ( 'NONE', #5634, 1000.000000000000100 ) ;
#341 = CARTESIAN_POINT ( 'NONE',  ( -1.970000000000003100, 1.124999999999999800, -3.674999999999999400 ) ) ;
#342 = AXIS2_PLACEMENT_3D ( 'NONE', #6167, #2854, #2793 ) ;
#343 = DIRECTION ( 'NONE',  ( -1.458100904399333800E-016, 1.000000000000000000, 2.736911063134407700E-048 ) ) ;
#344 = CARTESIAN_POINT ( 'NONE',  ( -4.759999999999997100, 1.124999999999999300, -10.77499999999999900 ) ) ;
#345 = ORIENTED_EDGE ( 'NONE', *, *, #2361, .T. ) ;
#346 = DIRECTION ( 'NONE',  ( 1.000000000000000000, 1.034584430772185600E-016, 4.235164736271501700E-017 ) ) ;
#347 = AXIS2_PLACEMENT_3D ( 'NONE', #1606, #194, #646 ) ;
#348 = DIRECTION ( 'NONE',  ( -1.458100904399333800E-016, 1.000000000000000000, 0.0000000000000000000 ) ) ;
#349 = ORIENTED_EDGE ( 'NONE', *, *, #5411, .T. ) ;
#350 = VECTOR ( 'NONE', #1126, 1000.000000000000000 ) ;
#351 = EDGE_CURVE ( 'NONE', #6197, #1819, #3271, .T. ) ;
#352 = ADVANCED_FACE ( 'NONE', ( #2670 ), #1098, .F. ) ;
#353 = ORIENTED_EDGE ( 'NONE', *, *, #1464, .T. ) ;
#354 = ORIENTED_EDGE ( 'NONE', *, *, #213, .F. ) ;
#355 = CARTESIAN_POINT ( 'NONE',  ( -1.589999999999997600, 1.124999999999999800, -2.975000000000000100 ) ) ;
#356 = CARTESIAN_POINT ( 'NONE',  ( 3.490000000000000200, 1.005000000000000600, -11.07499999999999900 ) ) ;
#357 = VECTOR ( 'NONE', #2725, 1000.000000000000000 ) ;
#358 = DIRECTION ( 'NONE',  ( 1.458100904399333800E-016, -1.000000000000000000, -0.0000000000000000000 ) ) ;
#359 = VERTEX_POINT ( 'NONE', #3994 ) ;
#360 = CARTESIAN_POINT ( 'NONE',  ( 0.5699999999999976200, 1.525000000000000100, -3.674999999999999400 ) ) ;
#361 = CARTESIAN_POINT ( 'NONE',  ( 3.490000000000000200, 0.5000000000000012200, -0.2505119680435638500 ) ) ;
#362 = VECTOR ( 'NONE', #4548, 1000.000000000000000 ) ;
#363 = DIRECTION ( 'NONE',  ( 1.000000000000000000, 0.0000000000000000000, 0.0000000000000000000 ) ) ;
#364 = EDGE_LOOP ( 'NONE', ( #4925, #4038, #795, #2121, #1941, #4262, #5968, #2495, #3259, #2429, #4019, #3901, #2776, #2720, #844, #2804, #3610, #1891 ) ) ;
#365 = CARTESIAN_POINT ( 'NONE',  ( -1.557131737053300200, 1.124999999999999800, -8.829774775735723200 ) ) ;
#366 = FACE_BOUND ( 'NONE', #328, .T. ) ;
#367 = FACE_OUTER_BOUND ( 'NONE', #243, .T. ) ;
#368 = ORIENTED_EDGE ( 'NONE', *, *, #2467, .F. ) ;
#369 = CARTESIAN_POINT ( 'NONE',  ( 1.390000000000002300, 0.4000000000000008500, 0.4250000000000000400 ) ) ;
#370 = CYLINDRICAL_SURFACE ( 'NONE', #540, 0.3499999999999996400 ) ;
#371 = CARTESIAN_POINT ( 'NONE',  ( 3.930000000000001000, 1.301042606982605700E-015, 0.2250000000000012500 ) ) ;
#372 = EDGE_CURVE ( 'NONE', #4534, #4153, #3959, .T. ) ;
#373 = EDGE_CURVE ( 'NONE', #4538, #3071, #4621, .T. ) ;
#374 = CIRCLE ( 'NONE', #1945, 0.3499999999999992000 ) ;
#375 = CARTESIAN_POINT ( 'NONE',  ( -3.490000000000000200, 1.124999999999999600, -3.775000000000000400 ) ) ;
#376 = VECTOR ( 'NONE', #2530, 1000.000000000000000 ) ;
#377 = CARTESIAN_POINT ( 'NONE',  ( -4.129999999999998100, 1.004999999999999400, -11.07499999999999900 ) ) ;
#378 = DIRECTION ( 'NONE',  ( 1.000000000000000000, 1.355252715606880800E-016, 0.0000000000000000000 ) ) ;
#379 = VECTOR ( 'NONE', #2407, 1000.000000000000000 ) ;
#380 = VECTOR ( 'NONE', #4193, 1000.000000000000000 ) ;
#381 = ADVANCED_FACE ( 'NONE', ( #1238 ), #2552, .F. ) ;
#382 = CARTESIAN_POINT ( 'NONE',  ( -0.9828682629467004900, 1.125000000000000000, -8.829774775735728600 ) ) ;
#383 = ORIENTED_EDGE ( 'NONE', *, *, #2605, .F. ) ;
#384 = EDGE_CURVE ( 'NONE', #4538, #6197, #2440, .T. ) ;
#385 = CARTESIAN_POINT ( 'NONE',  ( -3.089999999999999000, 0.6049999999999986500, -11.47500000000000100 ) ) ;
#386 = ORIENTED_EDGE ( 'NONE', *, *, #6139, .F. ) ;
#387 = DIRECTION ( 'NONE',  ( 1.458100904399333800E-016, -1.000000000000000000, -0.0000000000000000000 ) ) ;
#388 = VERTEX_POINT ( 'NONE', #2598 ) ;
#389 = VECTOR ( 'NONE', #3195, 1000.000000000000000 ) ;
#390 = EDGE_LOOP ( 'NONE', ( #1518, #5910, #1035, #1332 ) ) ;
#391 = CIRCLE ( 'NONE', #2801, 0.5000000000000000000 ) ;
#392 = EDGE_CURVE ( 'NONE', #4444, #1764, #1315, .T. ) ;
#393 = ORIENTED_EDGE ( 'NONE', *, *, #481, .F. ) ;
#394 = AXIS2_PLACEMENT_3D ( 'NONE', #356, #4204, #1318 ) ;
#395 = VERTEX_POINT ( 'NONE', #2639 ) ;
#396 = ORIENTED_EDGE ( 'NONE', *, *, #4060, .T. ) ;
#397 = CARTESIAN_POINT ( 'NONE',  ( 3.490000000000000200, 1.525000000000000600, -2.975000000000000100 ) ) ;
#398 = ORIENTED_EDGE ( 'NONE', *, *, #4486, .F. ) ;
#399 = VERTEX_POINT ( 'NONE', #2580 ) ;
#400 = CARTESIAN_POINT ( 'NONE',  ( 1.619999999999999900, 1.125000000000000400, -5.225000000000002300 ) ) ;
#401 = EDGE_CURVE ( 'NONE', #3885, #463, #569, .T. ) ;
#402 = VERTEX_POINT ( 'NONE', #3052 ) ;
#403 = DIRECTION ( 'NONE',  ( 1.458100904399333800E-016, -1.000000000000000000, 0.0000000000000000000 ) ) ;
#404 = ORIENTED_EDGE ( 'NONE', *, *, #2444, .T. ) ;
#405 = ORIENTED_EDGE ( 'NONE', *, *, #747, .T. ) ;
#406 = DIRECTION ( 'NONE',  ( -1.000000000000000000, -1.458100904399333800E-016, 0.0000000000000000000 ) ) ;
#407 = PLANE ( 'NONE',  #5608 ) ;
#408 = LINE ( 'NONE', #5447, #3342 ) ;
#409 = ORIENTED_EDGE ( 'NONE', *, *, #862, .F. ) ;
#411 = EDGE_CURVE ( 'NONE', #5189, #3176, #4776, .T. ) ;
#410 = LINE ( 'NONE', #3196, #3037 ) ;
#412 = PLANE ( 'NONE',  #3054 ) ;
#413 = ORIENTED_EDGE ( 'NONE', *, *, #577, .F. ) ;
#414 = CARTESIAN_POINT ( 'NONE',  ( 1.390000000000002300, 8.673617379884037400E-016, 0.2250000000000012500 ) ) ;
#415 = ADVANCED_FACE ( 'NONE', ( #5755 ), #3520, .F. ) ;
#416 = LINE ( 'NONE', #661, #264 ) ;
#417 = PLANE ( 'NONE',  #4047 ) ;
#418 = CARTESIAN_POINT ( 'NONE',  ( 0.9500000000000011800, 1.125000000000000200, -3.924999999999999800 ) ) ;
#419 = ORIENTED_EDGE ( 'NONE', *, *, #5706, .T. ) ;
#420 = DIRECTION ( 'NONE',  ( 1.458100904399333800E-016, -1.000000000000000000, 0.0000000000000000000 ) ) ;
#421 = EDGE_CURVE ( 'NONE', #3150, #2398, #5169, .T. ) ;
#422 = CARTESIAN_POINT ( 'NONE',  ( 3.490000000000000200, 0.4000000000000011300, -0.2505119680435638500 ) ) ;
#423 = VERTEX_POINT ( 'NONE', #3120 ) ;
#424 = EDGE_CURVE ( 'NONE', #5594, #5210, #1691, .T. ) ;
#425 = DIRECTION ( 'NONE',  ( -0.9998476951563912700, -1.457878828569123600E-016, -0.01745240643728365000 ) ) ;
#426 = CARTESIAN_POINT ( 'NONE',  ( -4.530000000000002900, 2.044999999999999900, -11.47500000000000100 ) ) ;
#427 = AXIS2_PLACEMENT_3D ( 'NONE', #3714, #3667, #283 ) ;
#428 = CIRCLE ( 'NONE', #3368, 0.2000000000000000900 ) ;
#429 = ORIENTED_EDGE ( 'NONE', *, *, #3810, .T. ) ;
#430 = ORIENTED_EDGE ( 'NONE', *, *, #1655, .T. ) ;
#431 = DIRECTION ( 'NONE',  ( 1.458100904399333800E-016, -1.000000000000000000, -0.0000000000000000000 ) ) ;
#432 = EDGE_CURVE ( 'NONE', #3998, #3029, #3880, .T. ) ;
#433 = LINE ( 'NONE', #2126, #1635 ) ;
#434 = ORIENTED_EDGE ( 'NONE', *, *, #1521, .T. ) ;
#435 = CARTESIAN_POINT ( 'NONE',  ( 3.089999999999999000, 2.045000000000001300, -11.47500000000000100 ) ) ;
#436 = PLANE ( 'NONE',  #132 ) ;
#437 = VECTOR ( 'NONE', #1278, 1000.000000000000100 ) ;
#438 = ORIENTED_EDGE ( 'NONE', *, *, #870, .F. ) ;
#439 = ADVANCED_FACE ( 'NONE', ( #1165 ), #1992, .T. ) ;
#440 = DIRECTION ( 'NONE',  ( 1.000000000000000000, 1.355252715606880500E-016, -2.168404344971008900E-015 ) ) ;
#441 = CARTESIAN_POINT ( 'NONE',  ( -3.522868262946701200, 1.124999999999999600, -8.829774775735726800 ) ) ;
#442 = VECTOR ( 'NONE', #2439, 1000.000000000000000 ) ;
#443 = LINE ( 'NONE', #441, #970 ) ;
#444 = AXIS2_PLACEMENT_3D ( 'NONE', #715, #5962, #4531 ) ;
#445 = CIRCLE ( 'NONE', #183, 1.599999999999999900 ) ;
#446 = LINE ( 'NONE', #2373, #2855 ) ;
#447 = CARTESIAN_POINT ( 'NONE',  ( -1.389999999999998800, 1.024999999999999700, 0.4250000000000000400 ) ) ;
#448 = FACE_OUTER_BOUND ( 'NONE', #633, .T. ) ;
#449 = EDGE_CURVE ( 'NONE', #1297, #4381, #3648, .T. ) ;
#450 = VERTEX_POINT ( 'NONE', #263 ) ;
#451 = ORIENTED_EDGE ( 'NONE', *, *, #3973, .T. ) ;
#452 = AXIS2_PLACEMENT_3D ( 'NONE', #2368, #5660, #1890 ) ;
#453 = VERTEX_POINT ( 'NONE', #2662 ) ;
#454 = VECTOR ( 'NONE', #1520, 1000.000000000000000 ) ;
#455 = ORIENTED_EDGE ( 'NONE', *, *, #2949, .F. ) ;
#456 = DIRECTION ( 'NONE',  ( -1.458100904399333800E-016, 1.000000000000000000, 0.0000000000000000000 ) ) ;
#457 = VECTOR ( 'NONE', #3801, 1000.000000000000000 ) ;
#458 = ORIENTED_EDGE ( 'NONE', *, *, #2666, .F. ) ;
#459 = DIRECTION ( 'NONE',  ( -1.000000000000000000, -1.458100904399333800E-016, 0.0000000000000000000 ) ) ;
#460 = AXIS2_PLACEMENT_3D ( 'NONE', #4964, #1257, #1743 ) ;
#461 = CARTESIAN_POINT ( 'NONE',  ( -0.9499999999999995100, 1.125000000000000000, -3.774999999999999000 ) ) ;
#462 = VERTEX_POINT ( 'NONE', #3132 ) ;
#463 = VERTEX_POINT ( 'NONE', #4585 ) ;
#464 = LINE ( 'NONE', #4910, #5435 ) ;
#465 = DIRECTION ( 'NONE',  ( -1.458100904399333800E-016, 1.000000000000000000, -0.0000000000000000000 ) ) ;
#466 = LINE ( 'NONE', #3492, #1137 ) ;
#467 = CARTESIAN_POINT ( 'NONE',  ( -1.589999999999997600, 1.024999999999999700, 0.2250000000000012500 ) ) ;
#468 = PLANE ( 'NONE',  #5868 ) ;
#469 = VERTEX_POINT ( 'NONE', #1724 ) ;
#470 = DIRECTION ( 'NONE',  ( 0.0000000000000000000, 0.0000000000000000000, -1.000000000000000000 ) ) ;
#471 = ORIENTED_EDGE ( 'NONE', *, *, #373, .F. ) ;
#472 = EDGE_CURVE ( 'NONE', #706, #1292, #2363, .T. ) ;
#473 = VERTEX_POINT ( 'NONE', #6050 ) ;
#474 = VERTEX_POINT ( 'NONE', #3157 ) ;
#475 = VERTEX_POINT ( 'NONE', #5070 ) ;
#476 = CARTESIAN_POINT ( 'NONE',  ( -3.810000000000000900, 1.124999999999999600, -5.225000000000002300 ) ) ;
#477 = CARTESIAN_POINT ( 'NONE',  ( -1.970000000000003100, 1.124999999999999800, -3.674999999999999400 ) ) ;
#478 = ADVANCED_FACE ( 'NONE', ( #5684 ), #3626, .F. ) ;
#479 = ORIENTED_EDGE ( 'NONE', *, *, #3820, .T. ) ;
#480 = DIRECTION ( 'NONE',  ( -1.458100904399333800E-016, 1.000000000000000000, 0.0000000000000000000 ) ) ;
#481 = EDGE_CURVE ( 'NONE', #5404, #1280, #4703, .T. ) ;
#482 = CARTESIAN_POINT ( 'NONE',  ( 3.490000000000000200, 1.084202172485504800E-015, -0.2505119680435638500 ) ) ;
#483 = LINE ( 'NONE', #2390, #3869 ) ;
#484 = DIRECTION ( 'NONE',  ( 0.0000000000000000000, 0.0000000000000000000, -1.000000000000000000 ) ) ;
#485 = CARTESIAN_POINT ( 'NONE',  ( 0.9500000000000011800, 1.005000000000000300, -2.975000000000000100 ) ) ;
#486 = DIRECTION ( 'NONE',  ( 1.102953328332533500E-016, -0.7564314136317584800, -0.6540730207484939400 ) ) ;
#487 = PRODUCT ( 'M20-7910442R', 'M20-7910442R', '', ( #3445 ) ) ;
#488 = VERTEX_POINT ( 'NONE', #1708 ) ;
#489 = PLANE ( 'NONE',  #4802 ) ;
#490 = AXIS2_PLACEMENT_3D ( 'NONE', #4843, #5325, #1999 ) ;
#491 = LINE ( 'NONE', #3601, #4475 ) ;
#492 = DIRECTION ( 'NONE',  ( 1.458100904399333800E-016, -1.000000000000000000, -0.0000000000000000000 ) ) ;
#493 = CIRCLE ( 'NONE', #3018, 1.599999999999999900 ) ;
#494 = CARTESIAN_POINT ( 'NONE',  ( -2.185000000000002700, 1.124999999999999800, -10.02500000000000000 ) ) ;
#495 = EDGE_CURVE ( 'NONE', #5073, #6087, #2819, .T. ) ;
#496 = ORIENTED_EDGE ( 'NONE', *, *, #3410, .T. ) ;
#497 = LINE ( 'NONE', #3158, #3190 ) ;
#498 = AXIS2_PLACEMENT_3D ( 'NONE', #893, #5178, #1338 ) ;
#499 = CARTESIAN_POINT ( 'NONE',  ( 5.204999999999999200, 2.650000000000000400, -2.975000000000000100 ) ) ;
#500 = CARTESIAN_POINT ( 'NONE',  ( -4.160000000000000100, 1.124999999999999600, -5.225000000000002300 ) ) ;
#501 = ORIENTED_EDGE ( 'NONE', *, *, #2877, .T. ) ;
#502 = CYLINDRICAL_SURFACE ( 'NONE', #1781, 0.5000000000000002200 ) ;
#503 = ORIENTED_EDGE ( 'NONE', *, *, #4611, .T. ) ;
#504 = DIRECTION ( 'NONE',  ( 1.458100904399333800E-016, -1.000000000000000000, -0.0000000000000000000 ) ) ;
#505 = ORIENTED_EDGE ( 'NONE', *, *, #4339, .T. ) ;
#506 = EDGE_CURVE ( 'NONE', #3454, #4335, #114, .T. ) ;
#507 = DIRECTION ( 'NONE',  ( 1.000000000000000000, 1.458100904399333800E-016, 0.0000000000000000000 ) ) ;
#508 = ADVANCED_FACE ( 'NONE', ( #5530 ), #170, .F. ) ;
#509 = SURFACE_SIDE_STYLE ('',( #31 ) ) ;
#510 = CIRCLE ( 'NONE', #1016, 0.2500000000000002200 ) ;
#511 = EDGE_CURVE ( 'NONE', #5661, #659, #4255, .T. ) ;
#512 = DIRECTION ( 'NONE',  ( 1.501062806046814100E-015, -1.000000000000000000, 4.379057701015053300E-047 ) ) ;
#513 = PLANE ( 'NONE',  #2113 ) ;
#514 = AXIS2_PLACEMENT_3D ( 'NONE', #5277, #5797, #525 ) ;
#515 = ORIENTED_EDGE ( 'NONE', *, *, #3423, .T. ) ;
#516 = CARTESIAN_POINT ( 'NONE',  ( 1.270000000000000200, 1.125000000000000200, -5.225000000000002300 ) ) ;
#517 = FACE_OUTER_BOUND ( 'NONE', #5566, .T. ) ;
#518 = ORIENTED_EDGE ( 'NONE', *, *, #3867, .F. ) ;
#519 =( NAMED_UNIT ( * ) SI_UNIT ( $, .STERADIAN. ) SOLID_ANGLE_UNIT ( ) );
#520 = DIRECTION ( 'NONE',  ( 0.9999470197815869500, 1.458023653894950300E-016, 0.01029357226245786000 ) ) ;
#521 = DIRECTION ( 'NONE',  ( 1.458100904399333800E-016, -1.000000000000000000, 0.0000000000000000000 ) ) ;
#522 = EDGE_CURVE ( 'NONE', #671, #708, #416, .T. ) ;
#523 = LINE ( 'NONE', #2480, #5412 ) ;
#524 = EDGE_LOOP ( 'NONE', ( #4143, #4685, #5446, #1226 ) ) ;
#525 = DIRECTION ( 'NONE',  ( 0.0000000000000000000, -1.000000000000000000, 0.0000000000000000000 ) ) ;
#526 = CARTESIAN_POINT ( 'NONE',  ( -0.9499999999999995100, 1.524999999999999900, -3.774999999999999000 ) ) ;
#527 = CARTESIAN_POINT ( 'NONE',  ( 0.3200000000000008400, 1.525000000000000100, -3.775000000000000400 ) ) ;
#528 = DIRECTION ( 'NONE',  ( -0.01029357226245786000, -1.500906702538970600E-018, 0.9999470197815869500 ) ) ;
#529 = FACE_OUTER_BOUND ( 'NONE', #2116, .T. ) ;
#530 = VECTOR ( 'NONE', #5122, 1000.000000000000000 ) ;
#531 = DIRECTION ( 'NONE',  ( 2.168404344971007900E-016, -1.000000000000000000, 0.0000000000000000000 ) ) ;
#532 = EDGE_CURVE ( 'NONE', #2648, #3005, #5091, .T. ) ;
#533 = DIRECTION ( 'NONE',  ( -3.212450881438531300E-016, -4.684077535563959900E-032, 1.000000000000000000 ) ) ;
#534 = CIRCLE ( 'NONE', #4559, 0.2500000000000002200 ) ;
#535 = VECTOR ( 'NONE', #3004, 1000.000000000000000 ) ;
#536 = ORIENTED_EDGE ( 'NONE', *, *, #3989, .F. ) ;
#537 = EDGE_LOOP ( 'NONE', ( #48, #3373, #888, #5737, #3400, #1678, #3229, #4987 ) ) ;
#538 = DIRECTION ( 'NONE',  ( -1.458100904399333800E-016, 1.000000000000000000, -0.0000000000000000000 ) ) ;
#539 = ORIENTED_EDGE ( 'NONE', *, *, #113, .F. ) ;
#540 = AXIS2_PLACEMENT_3D ( 'NONE', #5882, #4869, #5837 ) ;
#541 = LINE ( 'NONE', #6103, #1053 ) ;
#542 = ADVANCED_FACE ( 'NONE', ( #1082 ), #3536, .T. ) ;
#543 = ORIENTED_EDGE ( 'NONE', *, *, #2346, .F. ) ;
#544 = VECTOR ( 'NONE', #3103, 1000.000000000000000 ) ;
#545 = ORIENTED_EDGE ( 'NONE', *, *, #6193, .F. ) ;
#546 = EDGE_CURVE ( 'NONE', #5953, #5758, #5085, .T. ) ;
#547 = DIRECTION ( 'NONE',  ( 1.000000000000000000, 1.458100904399333800E-016, 0.0000000000000000000 ) ) ;
#548 = ORIENTED_EDGE ( 'NONE', *, *, #4056, .T. ) ;
#549 = CARTESIAN_POINT ( 'NONE',  ( 4.510000000000001600, 1.125000000000000700, -3.674999999999999400 ) ) ;
#550 = ORIENTED_EDGE ( 'NONE', *, *, #1277, .F. ) ;
#551 = ORIENTED_EDGE ( 'NONE', *, *, #2278, .T. ) ;
#552 = AXIS2_PLACEMENT_3D ( 'NONE', #3206, #2255, #6072 ) ;
#553 = ORIENTED_EDGE ( 'NONE', *, *, #1232, .F. ) ;
#554 = PLANE ( 'NONE',  #2181 ) ;
#555 = ORIENTED_EDGE ( 'NONE', *, *, #5257, .F. ) ;
#556 = CARTESIAN_POINT ( 'NONE',  ( -3.810000000000000900, 1.124999999999999600, -5.225000000000002300 ) ) ;
#557 = DIRECTION ( 'NONE',  ( 0.0000000000000000000, 0.0000000000000000000, -1.000000000000000000 ) ) ;
#558 = ORIENTED_EDGE ( 'NONE', *, *, #3899, .F. ) ;
#559 = DIRECTION ( 'NONE',  ( 1.458100904399333800E-016, -1.000000000000000000, -0.0000000000000000000 ) ) ;
#560 = ORIENTED_EDGE ( 'NONE', *, *, #5381, .T. ) ;
#561 = CARTESIAN_POINT ( 'NONE',  ( 4.510000000000001600, 1.125000000000000700, -3.924999999999999800 ) ) ;
#562 = EDGE_CURVE ( 'NONE', #79, #1920, #3424, .T. ) ;
#563 = FACE_OUTER_BOUND ( 'NONE', #4231, .T. ) ;
#564 = VERTEX_POINT ( 'NONE', #4072 ) ;
#565 = FILL_AREA_STYLE ('',( #32 ) ) ;
#566 = CARTESIAN_POINT ( 'NONE',  ( -1.589999999999997600, 1.024999999999999700, -1.775000000000000600 ) ) ;
#567 = VECTOR ( 'NONE', #643, 1000.000000000000000 ) ;
#568 = CARTESIAN_POINT ( 'NONE',  ( 3.490000000000000200, 0.4000000000000011300, -1.775000000000000600 ) ) ;
#569 = CIRCLE ( 'NONE', #5051, 1.599999999999999600 ) ;
#570 = CARTESIAN_POINT ( 'NONE',  ( 7.620000000000000100, 1.525000000000001200, -10.77500000000000200 ) ) ;
#571 = AXIS2_PLACEMENT_3D ( 'NONE', #4279, #1401, #2358 ) ;
#572 = CARTESIAN_POINT ( 'NONE',  ( -3.490000000000000200, 1.004999999999999700, -2.975000000000000100 ) ) ;
#573 = CARTESIAN_POINT ( 'NONE',  ( -3.490000000000000200, 2.168404344971010800E-016, -1.775000000000000600 ) ) ;
#574 = ORIENTED_EDGE ( 'NONE', *, *, #3204, .T. ) ;
#575 = CARTESIAN_POINT ( 'NONE',  ( -1.970000000000003100, 1.124999999999999800, -3.674999999999999400 ) ) ;
#576 = DIRECTION ( 'NONE',  ( 0.0000000000000000000, -1.000000000000000000, 0.0000000000000000000 ) ) ;
#577 = EDGE_CURVE ( 'NONE', #3770, #6122, #4328, .T. ) ;
#578 = VERTEX_POINT ( 'NONE', #5472 ) ;
#579 = ORIENTED_EDGE ( 'NONE', *, *, #1354, .T. ) ;
#580 = DIRECTION ( 'NONE',  ( -1.458100904399333800E-016, 1.000000000000000000, 0.0000000000000000000 ) ) ;
#581 =( GEOMETRIC_REPRESENTATION_CONTEXT ( 3 ) GLOBAL_UNCERTAINTY_ASSIGNED_CONTEXT ( ( #6008 ) ) GLOBAL_UNIT_ASSIGNED_CONTEXT ( ( #863, #4749, #2350 ) ) REPRESENTATION_CONTEXT ( 'NONE', 'WORKASPACE' ) );
#582 = CARTESIAN_POINT ( 'NONE',  ( 0.9500000000000011800, 0.1217842931841217300, -0.5775484784178112100 ) ) ;
#583 = EDGE_LOOP ( 'NONE', ( #5249, #902, #3357, #1346, #3166, #4619, #3891, #1375 ) ) ;
#584 = DIRECTION ( 'NONE',  ( 1.000000000000000000, 1.458100904399333800E-016, 0.0000000000000000000 ) ) ;
#585 = AXIS2_PLACEMENT_3D ( 'NONE', #3467, #5839, #4451 ) ;
#586 = DIRECTION ( 'NONE',  ( 1.000000000000000000, 1.458100904399333800E-016, -4.565061778886334000E-016 ) ) ;
#587 = EDGE_CURVE ( 'NONE', #4782, #5280, #3267, .T. ) ;
#588 = CARTESIAN_POINT ( 'NONE',  ( -2.859999999999998100, 1.524999999999999700, -3.774999999999999000 ) ) ;
#589 = ORIENTED_EDGE ( 'NONE', *, *, #4369, .T. ) ;
#590 = EDGE_CURVE ( 'NONE', #3487, #1700, #4033, .T. ) ;
#591 = DIRECTION ( 'NONE',  ( -1.458100904399333800E-016, 1.000000000000000000, -0.0000000000000000000 ) ) ;
#592 = CARTESIAN_POINT ( 'NONE',  ( 0.9200000000000007100, 1.125000000000000200, -5.225000000000002300 ) ) ;
#593 = LINE ( 'NONE', #4915, #6010 ) ;
#594 = CARTESIAN_POINT ( 'NONE',  ( -0.9499999999999995100, 1.644999999999999800, -3.774999999999999000 ) ) ;
#595 = VECTOR ( 'NONE', #141, 1000.000000000000000 ) ;
#596 = VERTEX_POINT ( 'NONE', #1686 ) ;
#597 = DIRECTION ( 'NONE',  ( 0.0000000000000000000, 0.0000000000000000000, -1.000000000000000000 ) ) ;
#598 = VECTOR ( 'NONE', #2015, 1000.000000000000000 ) ;
#599 = PLANE ( 'NONE',  #2172 ) ;
#600 = DIRECTION ( 'NONE',  ( -1.000000000000000000, -1.458100904399333800E-016, 0.0000000000000000000 ) ) ;
#601 = CYLINDRICAL_SURFACE ( 'NONE', #4571, 0.3499999999999992000 ) ;
#602 = LINE ( 'NONE', #924, #1115 ) ;
#603 = CARTESIAN_POINT ( 'NONE',  ( 0.9500000000000011800, 8.673617379884037400E-016, -0.2505119680435621300 ) ) ;
#604 = LINE ( 'NONE', #1449, #4290 ) ;
#605 = CYLINDRICAL_SURFACE ( 'NONE', #4613, 0.2500000000000000000 ) ;
#606 = ORIENTED_EDGE ( 'NONE', *, *, #2508, .T. ) ;
#607 = EDGE_LOOP ( 'NONE', ( #724, #1446, #1627, #3611 ) ) ;
#608 = DIRECTION ( 'NONE',  ( 1.000000000000000000, 1.458100904399333800E-016, 3.212450881438531300E-016 ) ) ;
#609 = ORIENTED_EDGE ( 'NONE', *, *, #5462, .T. ) ;
#610 = VECTOR ( 'NONE', #5997, 1000.000000000000000 ) ;
#611 = ORIENTED_EDGE ( 'NONE', *, *, #1168, .T. ) ;
#612 = DIRECTION ( 'NONE',  ( -1.000000000000000000, -1.458100904399333800E-016, 0.0000000000000000000 ) ) ;
#613 = VECTOR ( 'NONE', #5609, 1000.000000000000000 ) ;
#614 = EDGE_CURVE ( 'NONE', #2960, #4677, #861, .T. ) ;
#615 = VERTEX_POINT ( 'NONE', #4479 ) ;
#616 = ORIENTED_EDGE ( 'NONE', *, *, #3104, .F. ) ;
#617 = ORIENTED_EDGE ( 'NONE', *, *, #511, .T. ) ;
#618 = AXIS2_PLACEMENT_3D ( 'NONE', #5650, #4704, #2312 ) ;
#619 = VERTEX_POINT ( 'NONE', #4970 ) ;
#620 = CARTESIAN_POINT ( 'NONE',  ( 3.490000000000000200, 0.4243568586368254800, -0.3159192701184133100 ) ) ;
#621 = CIRCLE ( 'NONE', #1254, 0.2500000000000002200 ) ;
#622 = VECTOR ( 'NONE', #1100, 1000.000000000000000 ) ;
#623 = ORIENTED_EDGE ( 'NONE', *, *, #4570, .F. ) ;
#624 = CARTESIAN_POINT ( 'NONE',  ( -1.149999999999998100, 0.4000000000000004100, 0.2250000000000012500 ) ) ;
#625 = EDGE_CURVE ( 'NONE', #2586, #2417, #6138, .T. ) ;
#626 = ORIENTED_EDGE ( 'NONE', *, *, #4376, .F. ) ;
#627 = DIRECTION ( 'NONE',  ( 1.000000000000000000, 1.458100904399333800E-016, 0.0000000000000000000 ) ) ;
#628 = ORIENTED_EDGE ( 'NONE', *, *, #1614, .F. ) ;
#629 = VERTEX_POINT ( 'NONE', #4996 ) ;
#630 = DIRECTION ( 'NONE',  ( -1.458100904399333800E-016, 1.000000000000000000, 0.0000000000000000000 ) ) ;
#631 = EDGE_CURVE ( 'NONE', #845, #3150, #2892, .T. ) ;
#632 = AXIS2_PLACEMENT_3D ( 'NONE', #1008, #2525, #2964 ) ;
#633 = EDGE_LOOP ( 'NONE', ( #1148, #4849, #2652, #2196 ) ) ;
#634 = CARTESIAN_POINT ( 'NONE',  ( 1.590000000000001200, 1.005000000000000300, -2.975000000000000100 ) ) ;
#635 = CARTESIAN_POINT ( 'NONE',  ( -2.859999999999998100, 1.124999999999999600, -6.625000000000000900 ) ) ;
#636 = LINE ( 'NONE', #5719, #5600 ) ;
#637 = CARTESIAN_POINT ( 'NONE',  ( 2.220000000000003300, 1.525000000000000400, -3.775000000000000400 ) ) ;
#638 = ORIENTED_EDGE ( 'NONE', *, *, #5449, .F. ) ;
#639 = CARTESIAN_POINT ( 'NONE',  ( -4.129999999999998100, 1.403215706815878600, -1.447963489625753200 ) ) ;
#640 = EDGE_CURVE ( 'NONE', #2955, #1169, #5524, .T. ) ;
#641 = ADVANCED_FACE ( 'NONE', ( #2739 ), #2097, .T. ) ;
#642 = LINE ( 'NONE', #5004, #4036 ) ;
#643 = DIRECTION ( 'NONE',  ( 0.0000000000000000000, 0.0000000000000000000, -1.000000000000000000 ) ) ;
#644 = LINE ( 'NONE', #2434, #934 ) ;
#645 = CARTESIAN_POINT ( 'NONE',  ( 2.220000000000001500, 1.525000000000000400, -10.77500000000000200 ) ) ;
#646 = DIRECTION ( 'NONE',  ( 1.000000000000000000, 0.0000000000000000000, 0.0000000000000000000 ) ) ;
#647 = ORIENTED_EDGE ( 'NONE', *, *, #5902, .F. ) ;
#648 = CARTESIAN_POINT ( 'NONE',  ( 3.109999999999996300, 1.125000000000000400, -3.674999999999999400 ) ) ;
#649 = FACE_OUTER_BOUND ( 'NONE', #3086, .T. ) ;
#650 = ORIENTED_EDGE ( 'NONE', *, *, #5439, .T. ) ;
#651 = DIRECTION ( 'NONE',  ( 1.000000000000000000, 1.458100904399333800E-016, 0.0000000000000000000 ) ) ;
#652 = EDGE_CURVE ( 'NONE', #94, #2678, #182, .T. ) ;
#653 = DIRECTION ( 'NONE',  ( 1.102953328332533500E-016, -0.7564314136317584800, -0.6540730207484939400 ) ) ;
#654 = AXIS2_PLACEMENT_3D ( 'NONE', #200, #5920, #2080 ) ;
#655 = FACE_OUTER_BOUND ( 'NONE', #2216, .T. ) ;
#656 = DIRECTION ( 'NONE',  ( -1.458100904399333800E-016, 1.000000000000000000, 0.0000000000000000000 ) ) ;
#657 = EDGE_LOOP ( 'NONE', ( #5814, #163, #6029, #5575 ) ) ;
#658 = CARTESIAN_POINT ( 'NONE',  ( 2.220000000000003300, 1.125000000000000400, -3.924999999999999800 ) ) ;
#659 = VERTEX_POINT ( 'NONE', #2223 ) ;
#660 = VECTOR ( 'NONE', #3220, 1000.000000000000100 ) ;
#661 = CARTESIAN_POINT ( 'NONE',  ( 3.490000000000000200, 1.825000000000000400, -3.774999999999999000 ) ) ;
#662 = EDGE_LOOP ( 'NONE', ( #5097, #6199, #2336, #5850 ) ) ;
#663 = CARTESIAN_POINT ( 'NONE',  ( -3.460053306695264100, 1.124999999999999600, -5.231108342253052400 ) ) ;
#664 = CARTESIAN_POINT ( 'NONE',  ( 0.5699999999999976200, 1.125000000000000200, -3.924999999999999800 ) ) ;
#665 = CARTESIAN_POINT ( 'NONE',  ( 0.9500000000000011800, 1.525000000000000100, -3.775000000000000400 ) ) ;
#666 = CIRCLE ( 'NONE', #1650, 0.3499999999999992000 ) ;
#667 = AXIS2_PLACEMENT_3D ( 'NONE', #2059, #148, #3517 ) ;
#668 = VERTEX_POINT ( 'NONE', #3678 ) ;
#669 = ADVANCED_FACE ( 'NONE', ( #3876 ), #5979, .T. ) ;
#670 = CARTESIAN_POINT ( 'NONE',  ( -0.5499999999999983800, 0.6049999999999988700, -11.47500000000000100 ) ) ;
#671 = VERTEX_POINT ( 'NONE', #4641 ) ;
#672 = CYLINDRICAL_SURFACE ( 'NONE', #1451, 0.1000000000000000500 ) ;
#673 = CYLINDRICAL_SURFACE ( 'NONE', #5031, 1.599999999999999600 ) ;
#674 = EDGE_CURVE ( 'NONE', #706, #4203, #4471, .T. ) ;
#675 = CARTESIAN_POINT ( 'NONE',  ( 0.3200000000000008400, 1.125000000000000200, -2.975000000000000100 ) ) ;
#676 = CARTESIAN_POINT ( 'NONE',  ( -0.9499999999999995100, 1.644999999999999800, -11.07499999999999900 ) ) ;
#677 = ADVANCED_FACE ( 'NONE', ( #4106 ), #3657, .F. ) ;
#678 = DIRECTION ( 'NONE',  ( -1.000000000000000000, -1.458100904399333800E-016, 0.0000000000000000000 ) ) ;
#679 = VECTOR ( 'NONE', #4321, 1000.000000000000100 ) ;
#680 = VECTOR ( 'NONE', #346, 1000.000000000000000 ) ;
#681 = DIRECTION ( 'NONE',  ( 1.000000000000000000, 0.0000000000000000000, 0.0000000000000000000 ) ) ;
#682 = PLANE ( 'NONE',  #5640 ) ;
#683 = CARTESIAN_POINT ( 'NONE',  ( 4.760000000000002500, 1.525000000000000800, -10.77500000000000200 ) ) ;
#684 = CYLINDRICAL_SURFACE ( 'NONE', #3483, 0.5000000000000000000 ) ;
#685 = DIRECTION ( 'NONE',  ( -8.234364482433709200E-016, 1.000000000000000000, -6.776263578034404700E-016 ) ) ;
#686 = VECTOR ( 'NONE', #2324, 1000.000000000000000 ) ;
#687 = ORIENTED_EDGE ( 'NONE', *, *, #4000, .T. ) ;
#688 = DIRECTION ( 'NONE',  ( -1.458100904399333800E-016, 1.000000000000000000, 0.0000000000000000000 ) ) ;
#689 = ORIENTED_EDGE ( 'NONE', *, *, #4929, .F. ) ;
#690 = ORIENTED_EDGE ( 'NONE', *, *, #4784, .F. ) ;
#691 = VECTOR ( 'NONE', #4768, 1000.000000000000000 ) ;
#692 = ORIENTED_EDGE ( 'NONE', *, *, #1603, .T. ) ;
#693 = LINE ( 'NONE', #1272, #3930 ) ;
#694 = EDGE_LOOP ( 'NONE', ( #4614, #419, #4536, #4883 ) ) ;
#695 = ORIENTED_EDGE ( 'NONE', *, *, #2900, .T. ) ;
#696 = ORIENTED_EDGE ( 'NONE', *, *, #6127, .F. ) ;
#697 = DIRECTION ( 'NONE',  ( -0.0000000000000000000, -0.0000000000000000000, 1.000000000000000000 ) ) ;
#698 = ORIENTED_EDGE ( 'NONE', *, *, #3813, .F. ) ;
#699 = DIRECTION ( 'NONE',  ( 1.000000000000000000, 1.458100904399333800E-016, -0.0000000000000000000 ) ) ;
#700 = EDGE_CURVE ( 'NONE', #359, #3733, #3115, .T. ) ;
#701 = DIRECTION ( 'NONE',  ( -0.0000000000000000000, -0.0000000000000000000, 1.000000000000000000 ) ) ;
#702 = CARTESIAN_POINT ( 'NONE',  ( 3.460053306695264100, 1.125000000000000700, -5.231108342253048900 ) ) ;
#703 = EDGE_LOOP ( 'NONE', ( #4420, #2984, #988, #734, #5225, #1589, #6207, #3457 ) ) ;
#704 = VERTEX_POINT ( 'NONE', #4128 ) ;
#705 = AXIS2_PLACEMENT_3D ( 'NONE', #223, #3588, #2562 ) ;
#706 = VERTEX_POINT ( 'NONE', #275 ) ;
#707 = CARTESIAN_POINT ( 'NONE',  ( 3.490000000000000200, 1.005000000000000600, -10.77500000000000200 ) ) ;
#708 = VERTEX_POINT ( 'NONE', #1763 ) ;
#709 = DIRECTION ( 'NONE',  ( -4.565061778886334000E-016, -6.656320708432995900E-032, -1.000000000000000000 ) ) ;
#710 = AXIS2_PLACEMENT_3D ( 'NONE', #5764, #1535, #1085 ) ;
#711 = EDGE_LOOP ( 'NONE', ( #518, #5648, #3971, #3948 ) ) ;
#712 = VECTOR ( 'NONE', #5425, 1000.000000000000000 ) ;
#713 = ADVANCED_FACE ( 'NONE', ( #1536 ), #3640, .F. ) ;
#714 = EDGE_CURVE ( 'NONE', #3531, #3927, #410, .T. ) ;
#715 = CARTESIAN_POINT ( 'NONE',  ( 0.5699999999999976200, 1.125000000000000200, -3.674999999999999400 ) ) ;
#716 = ORIENTED_EDGE ( 'NONE', *, *, #5859, .T. ) ;
#717 = CARTESIAN_POINT ( 'NONE',  ( 5.080000000000001000, 1.525000000000000800, -10.77500000000000200 ) ) ;
#718 = DIRECTION ( 'NONE',  ( -1.458100904399333800E-016, 1.000000000000000000, -0.0000000000000000000 ) ) ;
#719 = EDGE_CURVE ( 'NONE', #6031, #5654, #2592, .T. ) ;
#720 = FACE_OUTER_BOUND ( 'NONE', #952, .T. ) ;
#721 = DIRECTION ( 'NONE',  ( 1.000000000000000000, 1.355252715606880800E-016, 0.0000000000000000000 ) ) ;
#722 = VECTOR ( 'NONE', #3956, 1000.000000000000000 ) ;
#723 = EDGE_CURVE ( 'NONE', #1963, #1912, #5605, .T. ) ;
#724 = ORIENTED_EDGE ( 'NONE', *, *, #2850, .T. ) ;
#725 = CARTESIAN_POINT ( 'NONE',  ( 3.460053306695264100, 1.125000000000000700, -5.231108342253048900 ) ) ;
#726 = CARTESIAN_POINT ( 'NONE',  ( -2.220000000000003300, 1.124999999999999800, -3.924999999999999800 ) ) ;
#727 = DIRECTION ( 'NONE',  ( 1.458100904399333800E-016, -1.000000000000000000, 0.0000000000000000000 ) ) ;
#728 = ORIENTED_EDGE ( 'NONE', *, *, #903, .F. ) ;
#729 = EDGE_LOOP ( 'NONE', ( #574, #1750, #2905, #2703 ) ) ;
#730 = DIRECTION ( 'NONE',  ( -0.0000000000000000000, -0.0000000000000000000, 1.000000000000000000 ) ) ;
#731 = PLANE ( 'NONE',  #2271 ) ;
#732 = CYLINDRICAL_SURFACE ( 'NONE', #3070, 0.5000000000000002200 ) ;
#733 = EDGE_CURVE ( 'NONE', #5726, #2427, #5829, .T. ) ;
#734 = ORIENTED_EDGE ( 'NONE', *, *, #2023, .F. ) ;
#735 = DIRECTION ( 'NONE',  ( -1.458100904399333800E-016, 1.000000000000000000, -0.0000000000000000000 ) ) ;
#736 = CARTESIAN_POINT ( 'NONE',  ( 1.590000000000001200, 1.005000000000000300, -10.77500000000000200 ) ) ;
#737 = CYLINDRICAL_SURFACE ( 'NONE', #4119, 0.3499999999999992000 ) ;
#738 = ADVANCED_FACE ( 'NONE', ( #4248 ), #1699, .F. ) ;
#739 = VERTEX_POINT ( 'NONE', #800 ) ;
#740 = CARTESIAN_POINT ( 'NONE',  ( -2.859999999999998100, 1.524999999999999700, -3.774999999999999000 ) ) ;
#741 = FACE_BOUND ( 'NONE', #5226, .T. ) ;
#742 = EDGE_CURVE ( 'NONE', #3093, #3075, #4547, .T. ) ;
#743 = CARTESIAN_POINT ( 'NONE',  ( 3.809999999999999200, 1.125000000000000700, -5.225000000000002300 ) ) ;
#744 = LINE ( 'NONE', #1191, #2695 ) ;
#745 = ORIENTED_EDGE ( 'NONE', *, *, #1654, .T. ) ;
#746 = CARTESIAN_POINT ( 'NONE',  ( 3.109999999999996300, 1.125000000000000400, -3.674999999999999400 ) ) ;
#747 = EDGE_CURVE ( 'NONE', #1885, #469, #493, .T. ) ;
#748 = CARTESIAN_POINT ( 'NONE',  ( 0.9500000000000011800, 8.673617379884037400E-016, 0.4250000000000000400 ) ) ;
#749 = ORIENTED_EDGE ( 'NONE', *, *, #625, .F. ) ;
#750 = AXIS2_PLACEMENT_3D ( 'NONE', #414, #2823, #6158 ) ;
#751 = VECTOR ( 'NONE', #5952, 1000.000000000000000 ) ;
#752 = LINE ( 'NONE', #3417, #6242 ) ;
#753 = LINE ( 'NONE', #5360, #4432 ) ;
#754 = ORIENTED_EDGE ( 'NONE', *, *, #5905, .T. ) ;
#755 = LINE ( 'NONE', #4812, #2402 ) ;
#756 = CARTESIAN_POINT ( 'NONE',  ( -0.9499999999999995100, 1.125000000000000000, -3.674999999999999400 ) ) ;
#757 = LINE ( 'NONE', #5413, #376 ) ;
#758 = EDGE_CURVE ( 'NONE', #1169, #6087, #1388, .T. ) ;
#759 = CARTESIAN_POINT ( 'NONE',  ( -3.460053306695264100, 1.524999999999999500, -5.231108342253052400 ) ) ;
#760 = ORIENTED_EDGE ( 'NONE', *, *, #1266, .T. ) ;
#761 = ORIENTED_EDGE ( 'NONE', *, *, #3173, .F. ) ;
#762 = LINE ( 'NONE', #4496, #1363 ) ;
#763 = FACE_OUTER_BOUND ( 'NONE', #229, .T. ) ;
#764 = CARTESIAN_POINT ( 'NONE',  ( 5.204999999999999200, 1.005000000000001000, -3.775000000000000400 ) ) ;
#765 = EDGE_LOOP ( 'NONE', ( #5550, #5055, #2846, #4694 ) ) ;
#766 = DIRECTION ( 'NONE',  ( -0.0000000000000000000, -0.0000000000000000000, 1.000000000000000000 ) ) ;
#767 = ORIENTED_EDGE ( 'NONE', *, *, #3394, .F. ) ;
#768 = ORIENTED_EDGE ( 'NONE', *, *, #5470, .F. ) ;
#769 = LINE ( 'NONE', #435, #1289 ) ;
#770 = VECTOR ( 'NONE', #1948, 1000.000000000000000 ) ;
#771 = ADVANCED_FACE ( 'NONE', ( #720 ), #5307, .T. ) ;
#772 = ORIENTED_EDGE ( 'NONE', *, *, #5195, .F. ) ;
#773 = ORIENTED_EDGE ( 'NONE', *, *, #351, .F. ) ;
#774 = CARTESIAN_POINT ( 'NONE',  ( 4.510000000000001600, 1.125000000000000700, -3.674999999999999400 ) ) ;
#775 = CARTESIAN_POINT ( 'NONE',  ( -1.270000000000000200, 1.125000000000000000, -5.225000000000002300 ) ) ;
#776 = ORIENTED_EDGE ( 'NONE', *, *, #5757, .T. ) ;
#777 = ORIENTED_EDGE ( 'NONE', *, *, #5526, .F. ) ;
#778 = ORIENTED_EDGE ( 'NONE', *, *, #4765, .T. ) ;
#779 = EDGE_CURVE ( 'NONE', #5787, #5177, #5380, .T. ) ;
#780 = CARTESIAN_POINT ( 'NONE',  ( 5.204999999999999200, 2.168404344971010800E-016, -2.975000000000000100 ) ) ;
#781 = ORIENTED_EDGE ( 'NONE', *, *, #5647, .F. ) ;
#782 = AXIS2_PLACEMENT_3D ( 'NONE', #5125, #6088, #3202 ) ;
#783 = CARTESIAN_POINT ( 'NONE',  ( -5.205000000000001000, 2.649999999999999500, -11.47500000000000100 ) ) ;
#784 = DIRECTION ( 'NONE',  ( 1.458100904399333800E-016, -1.000000000000000000, 0.0000000000000000000 ) ) ;
#785 = DIRECTION ( 'NONE',  ( 1.458100904399333800E-016, -1.000000000000000000, -0.0000000000000000000 ) ) ;
#786 = AXIS2_PLACEMENT_3D ( 'NONE', #341, #3787, #2263 ) ;
#787 = CARTESIAN_POINT ( 'NONE',  ( 5.204999999999999200, 1.825000000000000800, -3.775000000000000400 ) ) ;
#788 = VERTEX_POINT ( 'NONE', #5120 ) ;
#789 = CYLINDRICAL_SURFACE ( 'NONE', #2903, 1.599999999999999900 ) ;
#790 = DIRECTION ( 'NONE',  ( -1.102953328332533200E-016, 0.7564314136317582500, 0.6540730207484941600 ) ) ;
#791 = EDGE_CURVE ( 'NONE', #3029, #2950, #35, .T. ) ;
#792 = ADVANCED_FACE ( 'NONE', ( #2437 ), #4689, .F. ) ;
#793 = ORIENTED_EDGE ( 'NONE', *, *, #5134, .T. ) ;
#794 = FACE_OUTER_BOUND ( 'NONE', #927, .T. ) ;
#795 = ORIENTED_EDGE ( 'NONE', *, *, #4306, .F. ) ;
#796 = DIRECTION ( 'NONE',  ( -1.000000000000000000, -1.458100904399333800E-016, -1.548860246407857400E-016 ) ) ;
#797 = CARTESIAN_POINT ( 'NONE',  ( 0.6152777744162542000, 1.125000000000000200, -8.752773196134491200 ) ) ;
#798 = PLANE ( 'NONE',  #5298 ) ;
#799 = LINE ( 'NONE', #6164, #5300 ) ;
#800 = CARTESIAN_POINT ( 'NONE',  ( -3.490000000000000200, 2.168404344971010800E-016, 0.2249999999999995100 ) ) ;
#801 = ORIENTED_EDGE ( 'NONE', *, *, #5231, .T. ) ;
#802 = EDGE_LOOP ( 'NONE', ( #3615, #3972, #505, #5964 ) ) ;
#803 = DIRECTION ( 'NONE',  ( -1.458100904399333800E-016, 1.000000000000000000, 0.0000000000000000000 ) ) ;
#804 = DIRECTION ( 'NONE',  ( 0.7071067811865490200, 1.031033037155009000E-016, -0.7071067811865460200 ) ) ;
#805 = VECTOR ( 'NONE', #3331, 1000.000000000000000 ) ;
#806 = ORIENTED_EDGE ( 'NONE', *, *, #3079, .T. ) ;
#807 = DIRECTION ( 'NONE',  ( 0.5773502691896264000, 0.5773502691896268400, 0.5773502691896240700 ) ) ;
#808 = CARTESIAN_POINT ( 'NONE',  ( -2.859999999999998100, 1.124999999999999600, -3.774999999999999000 ) ) ;
#809 = EDGE_CURVE ( 'NONE', #4381, #3203, #5008, .T. ) ;
#810 = VECTOR ( 'NONE', #2529, 1000.000000000000000 ) ;
#811 = VECTOR ( 'NONE', #796, 1000.000000000000000 ) ;
#812 = EDGE_LOOP ( 'NONE', ( #4133, #237, #5147, #3408 ) ) ;
#813 = DIRECTION ( 'NONE',  ( 0.0000000000000000000, -1.000000000000000000, -1.626303258728255900E-015 ) ) ;
#814 = AXIS2_PLACEMENT_3D ( 'NONE', #145, #5932, #2161 ) ;
#815 = DIRECTION ( 'NONE',  ( -1.000000000000000000, -1.458100904399333800E-016, 0.0000000000000000000 ) ) ;
#816 = ORIENTED_EDGE ( 'NONE', *, *, #2757, .T. ) ;
#817 = CARTESIAN_POINT ( 'NONE',  ( 4.510000000000001600, 1.125000000000000700, -3.674999999999999400 ) ) ;
#818 = FACE_OUTER_BOUND ( 'NONE', #3826, .T. ) ;
#819 = VECTOR ( 'NONE', #5786, 1000.000000000000000 ) ;
#820 = DIRECTION ( 'NONE',  ( 1.000000000000000000, 1.355252715606879800E-016, 0.0000000000000000000 ) ) ;
#821 = FACE_OUTER_BOUND ( 'NONE', #2724, .T. ) ;
#822 = ADVANCED_FACE ( 'NONE', ( #1161 ), #407, .F. ) ;
#823 = EDGE_CURVE ( 'NONE', #980, #329, #3721, .T. ) ;
#824 = CARTESIAN_POINT ( 'NONE',  ( 0.0000000000000000000, 2.045000000000000800, -11.47500000000000100 ) ) ;
#825 = PLANE ( 'NONE',  #4260 ) ;
#826 = ORIENTED_EDGE ( 'NONE', *, *, #4436, .T. ) ;
#827 = LINE ( 'NONE', #3223, #2704 ) ;
#828 = CARTESIAN_POINT ( 'NONE',  ( -1.990000000000002200, 2.045000000000000400, -11.47500000000000100 ) ) ;
#829 = LINE ( 'NONE', #5685, #3232 ) ;
#830 = EDGE_CURVE ( 'NONE', #2955, #3703, #5679, .T. ) ;
#831 = VECTOR ( 'NONE', #528, 1000.000000000000100 ) ;
#832 = LINE ( 'NONE', #5352, #4513 ) ;
#833 = DIRECTION ( 'NONE',  ( 1.458100904399333800E-016, -1.000000000000000000, -0.0000000000000000000 ) ) ;
#834 = ORIENTED_EDGE ( 'NONE', *, *, #4570, .T. ) ;
#835 = ORIENTED_EDGE ( 'NONE', *, *, #532, .F. ) ;
#836 = DIRECTION ( 'NONE',  ( 0.0000000000000000000, 0.0000000000000000000, -1.000000000000000000 ) ) ;
#837 = VERTEX_POINT ( 'NONE', #1843 ) ;
#839 = EDGE_CURVE ( 'NONE', #2915, #5787, #4396, .T. ) ;
#838 = LINE ( 'NONE', #2827, #691 ) ;
#840 = PLANE ( 'NONE',  #394 ) ;
#841 = LINE ( 'NONE', #312, #613 ) ;
#842 = ORIENTED_EDGE ( 'NONE', *, *, #3846, .F. ) ;
#843 = DIRECTION ( 'NONE',  ( 0.0000000000000000000, 0.0000000000000000000, -1.000000000000000000 ) ) ;
#844 = ORIENTED_EDGE ( 'NONE', *, *, #5664, .F. ) ;
#845 = VERTEX_POINT ( 'NONE', #6132 ) ;
#846 = CARTESIAN_POINT ( 'NONE',  ( 2.185000000000002700, 1.125000000000000400, -10.02500000000000000 ) ) ;
#847 = DIRECTION ( 'NONE',  ( -4.565061778886334000E-016, -6.656320708432995900E-032, -1.000000000000000000 ) ) ;
#848 = CARTESIAN_POINT ( 'NONE',  ( -1.589999999999997600, 1.004999999999999900, -2.975000000000000100 ) ) ;
#849 = VERTEX_POINT ( 'NONE', #1805 ) ;
#850 = ORIENTED_EDGE ( 'NONE', *, *, #3352, .T. ) ;
#851 = EDGE_CURVE ( 'NONE', #2800, #3498, #3569, .T. ) ;
#852 = ORIENTED_EDGE ( 'NONE', *, *, #1590, .F. ) ;
#853 = ORIENTED_EDGE ( 'NONE', *, *, #3534, .T. ) ;
#854 = PLANE ( 'NONE',  #157 ) ;
#855 = DIRECTION ( 'NONE',  ( 1.000000000000000000, 0.0000000000000000000, 0.0000000000000000000 ) ) ;
#856 = ADVANCED_FACE ( 'NONE', ( #1007 ), #5980, .T. ) ;
#857 = LINE ( 'NONE', #6250, #5972 ) ;
#858 = ORIENTED_EDGE ( 'NONE', *, *, #1915, .F. ) ;
#859 = DIRECTION ( 'NONE',  ( -1.458100904399333800E-016, 1.000000000000000000, 0.0000000000000000000 ) ) ;
#860 = DIRECTION ( 'NONE',  ( 0.7071067811865490200, 1.031033037155009000E-016, 0.7071067811865460200 ) ) ;
#861 = LINE ( 'NONE', #5060, #567 ) ;
#862 = EDGE_CURVE ( 'NONE', #3583, #1417, #5232, .T. ) ;
#863 =( LENGTH_UNIT ( ) NAMED_UNIT ( * ) SI_UNIT ( .MILLI., .METRE. ) );
#864 = CARTESIAN_POINT ( 'NONE',  ( -5.205000000000001000, 2.447125105937309400E-031, -11.47500000000000100 ) ) ;
#865 = CARTESIAN_POINT ( 'NONE',  ( -4.097131737053301100, 1.524999999999999500, -8.829774775735732100 ) ) ;
#866 = FACE_OUTER_BOUND ( 'NONE', #5170, .T. ) ;
#867 = DIRECTION ( 'NONE',  ( 6.110679571450340000E-017, -1.000000000000000000, -1.368455531567204200E-048 ) ) ;
#868 = AXIS2_PLACEMENT_3D ( 'NONE', #3219, #5205, #5683 ) ;
#869 = CARTESIAN_POINT ( 'NONE',  ( 1.590000000000001200, 1.525000000000000400, -10.77500000000000200 ) ) ;
#870 = EDGE_CURVE ( 'NONE', #2302, #95, #644, .T. ) ;
#871 = ORIENTED_EDGE ( 'NONE', *, *, #1540, .F. ) ;
#872 = ORIENTED_EDGE ( 'NONE', *, *, #950, .F. ) ;
#873 = PLANE ( 'NONE',  #2544 ) ;
#874 = MANIFOLD_SOLID_BREP ( 'Fillet1', #5276 ) ;
#875 = DIRECTION ( 'NONE',  ( 0.0000000000000000000, 0.0000000000000000000, -1.000000000000000000 ) ) ;
#876 = LINE ( 'NONE', #985, #1778 ) ;
#877 = DIRECTION ( 'NONE',  ( 0.0000000000000000000, -1.000000000000000000, 3.794707603699263900E-015 ) ) ;
#878 = EDGE_LOOP ( 'NONE', ( #277, #4687, #4938, #404 ) ) ;
#879 = FILL_AREA_STYLE ('',( #1391 ) ) ;
#880 = ADVANCED_FACE ( 'NONE', ( #2053 ), #983, .F. ) ;
#881 = CARTESIAN_POINT ( 'NONE',  ( 4.129999999999999900, 0.1217842931841223700, -0.5775484784178112100 ) ) ;
#882 = CARTESIAN_POINT ( 'NONE',  ( 5.204999999999999200, 1.525000000000000800, -3.775000000000000400 ) ) ;
#883 = ORIENTED_EDGE ( 'NONE', *, *, #1090, .F. ) ;
#884 = CARTESIAN_POINT ( 'NONE',  ( 2.220000000000003300, 1.825000000000000400, -3.775000000000000400 ) ) ;
#885 = AXIS2_PLACEMENT_3D ( 'NONE', #3438, #1525, #1984 ) ;
#886 = FACE_OUTER_BOUND ( 'NONE', #1251, .T. ) ;
#887 = VECTOR ( 'NONE', #2219, 1000.000000000000000 ) ;
#888 = ORIENTED_EDGE ( 'NONE', *, *, #1574, .T. ) ;
#889 = DIRECTION ( 'NONE',  ( 0.0000000000000000000, -1.000000000000000000, 3.794707603699263900E-015 ) ) ;
#890 = DIRECTION ( 'NONE',  ( -9.537044630965836100E-017, 0.6540730207484941600, -0.7564314136317582500 ) ) ;
#891 = EDGE_CURVE ( 'NONE', #2866, #6150, #1908, .T. ) ;
#892 = VECTOR ( 'NONE', #4777, 1000.000000000000100 ) ;
#893 = CARTESIAN_POINT ( 'NONE',  ( 4.129999999999999900, 0.5000000000000013300, -0.2505119680435638500 ) ) ;
#894 = FACE_OUTER_BOUND ( 'NONE', #5803, .T. ) ;
#895 = DIRECTION ( 'NONE',  ( 0.7071067811865490200, 1.031033037155009000E-016, 0.7071067811865460200 ) ) ;
#896 = ORIENTED_EDGE ( 'NONE', *, *, #5062, .F. ) ;
#897 = AXIS2_PLACEMENT_3D ( 'NONE', #4659, #4249, #4748 ) ;
#898 = CARTESIAN_POINT ( 'NONE',  ( -0.5699999999999976200, 1.125000000000000000, -3.674999999999999400 ) ) ;
#899 = LINE ( 'NONE', #5716, #2025 ) ;
#900 = LINE ( 'NONE', #2442, #4221 ) ;
#901 = DIRECTION ( 'NONE',  ( 1.000000000000000000, 1.458100904399333800E-016, -0.0000000000000000000 ) ) ;
#902 = ORIENTED_EDGE ( 'NONE', *, *, #1783, .F. ) ;
#903 = EDGE_CURVE ( 'NONE', #3315, #849, #636, .T. ) ;
#904 = CARTESIAN_POINT ( 'NONE',  ( -1.589999999999997600, 1.004999999999999900, -11.07499999999999900 ) ) ;
#905 = DIRECTION ( 'NONE',  ( 1.000000000000000000, 1.458100904399333800E-016, 0.0000000000000000000 ) ) ;
#906 = CARTESIAN_POINT ( 'NONE',  ( -0.3199999999999974000, 1.125000000000000000, -6.625000000000000900 ) ) ;
#907 = ORIENTED_EDGE ( 'NONE', *, *, #830, .F. ) ;
#908 = DIRECTION ( 'NONE',  ( 1.458100904399333800E-016, -1.000000000000000000, -0.0000000000000000000 ) ) ;
#909 = FACE_OUTER_BOUND ( 'NONE', #4136, .T. ) ;
#910 = VERTEX_POINT ( 'NONE', #2916 ) ;
#911 = VECTOR ( 'NONE', #1149, 1000.000000000000000 ) ;
#912 = EDGE_CURVE ( 'NONE', #1792, #914, #5001, .T. ) ;
#913 = ORIENTED_EDGE ( 'NONE', *, *, #1127, .T. ) ;
#914 = VERTEX_POINT ( 'NONE', #3349 ) ;
#915 = DIRECTION ( 'NONE',  ( 1.000000000000000000, 1.355252715606880500E-016, 0.0000000000000000000 ) ) ;
#916 = ORIENTED_EDGE ( 'NONE', *, *, #3598, .T. ) ;
#917 = DIRECTION ( 'NONE',  ( -0.0000000000000000000, -0.0000000000000000000, 1.000000000000000000 ) ) ;
#918 = LINE ( 'NONE', #1089, #5884 ) ;
#919 = ADVANCED_FACE ( 'NONE', ( #4690 ), #4293, .F. ) ;
#920 = VECTOR ( 'NONE', #3322, 1000.000000000000000 ) ;
#921 = VERTEX_POINT ( 'NONE', #1895 ) ;
#922 = VERTEX_POINT ( 'NONE', #1868 ) ;
#923 = EDGE_CURVE ( 'NONE', #4440, #4165, #483, .T. ) ;
#924 = CARTESIAN_POINT ( 'NONE',  ( -2.859999999999998100, 1.524999999999999700, -2.975000000000000100 ) ) ;
#925 = CARTESIAN_POINT ( 'NONE',  ( -5.205000000000001000, 2.447125105937309400E-031, -11.47500000000000100 ) ) ;
#926 = ORIENTED_EDGE ( 'NONE', *, *, #1715, .F. ) ;
#927 = EDGE_LOOP ( 'NONE', ( #430, #760, #1976, #3165, #6143, #816, #4146, #154, #1200, #5505, #2506, #1983 ) ) ;
#928 = ORIENTED_EDGE ( 'NONE', *, *, #4026, .T. ) ;
#929 = CARTESIAN_POINT ( 'NONE',  ( 4.760000000000002500, 1.125000000000000900, -3.774999999999999000 ) ) ;
#930 = VECTOR ( 'NONE', #1124, 1000.000000000000000 ) ;
#931 = DIRECTION ( 'NONE',  ( -1.458100904399333800E-016, 1.000000000000000000, -0.0000000000000000000 ) ) ;
#932 = CARTESIAN_POINT ( 'NONE',  ( 4.129999999999999900, 1.125000000000000700, -3.924999999999999800 ) ) ;
#933 = EDGE_LOOP ( 'NONE', ( #3034, #5883, #316, #5465 ) ) ;
#935 = EDGE_CURVE ( 'NONE', #2747, #1523, #4541, .T. ) ;
#934 = VECTOR ( 'NONE', #3808, 1000.000000000000000 ) ;
#936 = CARTESIAN_POINT ( 'NONE',  ( 2.220000000000001500, 1.525000000000000400, -3.775000000000000400 ) ) ;
#937 = AXIS2_PLACEMENT_3D ( 'NONE', #1194, #4112, #1157 ) ;
#938 = ORIENTED_EDGE ( 'NONE', *, *, #3038, .T. ) ;
#939 = LINE ( 'NONE', #1564, #3574 ) ;
#940 = DIRECTION ( 'NONE',  ( 0.0000000000000000000, 0.0000000000000000000, -1.000000000000000000 ) ) ;
#941 = DIRECTION ( 'NONE',  ( -1.000000000000000000, -1.458100904399333800E-016, -0.0000000000000000000 ) ) ;
#942 = VERTEX_POINT ( 'NONE', #5261 ) ;
#943 = CARTESIAN_POINT ( 'NONE',  ( 0.9500000000000011800, 1.025000000000000100, -3.674999999999999400 ) ) ;
#944 = EDGE_CURVE ( 'NONE', #167, #2406, #857, .T. ) ;
#945 = ORIENTED_EDGE ( 'NONE', *, *, #5369, .F. ) ;
#946 = CARTESIAN_POINT ( 'NONE',  ( 5.204999999999999200, 1.005000000000001000, -3.775000000000000400 ) ) ;
#947 = ADVANCED_FACE ( 'NONE', ( #2130 ), #1394, .F. ) ;
#948 = CARTESIAN_POINT ( 'NONE',  ( -1.589999999999997600, 1.024999999999999700, -1.775000000000000600 ) ) ;
#949 = EDGE_LOOP ( 'NONE', ( #4632, #1673, #5704, #926 ) ) ;
#950 = EDGE_CURVE ( 'NONE', #3248, #488, #5823, .T. ) ;
#951 = FACE_OUTER_BOUND ( 'NONE', #4758, .T. ) ;
#952 = EDGE_LOOP ( 'NONE', ( #276, #4327, #3337, #228 ) ) ;
#953 = ORIENTED_EDGE ( 'NONE', *, *, #3732, .T. ) ;
#954 = DIRECTION ( 'NONE',  ( 1.000000000000000000, 1.458100904399333800E-016, -0.0000000000000000000 ) ) ;
#955 = CARTESIAN_POINT ( 'NONE',  ( -3.522868262946701200, 1.524999999999999500, -8.829774775735723200 ) ) ;
#956 = EDGE_CURVE ( 'NONE', #1971, #463, #4617, .T. ) ;
#957 = CIRCLE ( 'NONE', #4875, 0.5000000000000002200 ) ;
#958 = ORIENTED_EDGE ( 'NONE', *, *, #1603, .F. ) ;
#959 = DIRECTION ( 'NONE',  ( -1.458100904399333800E-016, 1.000000000000000000, 2.736911063134407700E-048 ) ) ;
#960 = CARTESIAN_POINT ( 'NONE',  ( -3.109999999999998100, 1.524999999999999700, -3.674999999999999400 ) ) ;
#961 = LINE ( 'NONE', #2628, #1261 ) ;
#962 = VECTOR ( 'NONE', #875, 1000.000000000000000 ) ;
#963 = CARTESIAN_POINT ( 'NONE',  ( -4.129999999999998100, 1.524999999999999500, -3.674999999999999400 ) ) ;
#964 = ORIENTED_EDGE ( 'NONE', *, *, #1671, .T. ) ;
#965 = DIRECTION ( 'NONE',  ( 0.01745240643728364700, 2.544736961014804200E-018, -0.9998476951563911600 ) ) ;
#966 = EDGE_CURVE ( 'NONE', #629, #3315, #4172, .T. ) ;
#967 = CARTESIAN_POINT ( 'NONE',  ( -3.490000000000000200, 1.024999999999999500, 0.2249999999999995100 ) ) ;
#968 = CYLINDRICAL_SURFACE ( 'NONE', #3675, 0.2500000000000002200 ) ;
#969 = CARTESIAN_POINT ( 'NONE',  ( -3.490000000000000200, 1.124999999999999600, -3.924999999999999800 ) ) ;
#970 = VECTOR ( 'NONE', #3353, 1000.000000000000100 ) ;
#971 = VECTOR ( 'NONE', #4745, 1000.000000000000000 ) ;
#972 = ORIENTED_EDGE ( 'NONE', *, *, #98, .F. ) ;
#973 = LINE ( 'NONE', #4708, #3230 ) ;
#974 = LINE ( 'NONE', #1285, #5943 ) ;
#975 = ADVANCED_FACE ( 'NONE', ( #3032 ), #489, .T. ) ;
#976 = LINE ( 'NONE', #1307, #4737 ) ;
#977 = ORIENTED_EDGE ( 'NONE', *, *, #5757, .F. ) ;
#978 = CARTESIAN_POINT ( 'NONE',  ( 1.990000000000002200, 2.045000000000001300, -11.47500000000000100 ) ) ;
#979 = AXIS2_PLACEMENT_3D ( 'NONE', #2694, #4549, #3620 ) ;
#980 = VERTEX_POINT ( 'NONE', #2834 ) ;
#981 = EDGE_LOOP ( 'NONE', ( #2265, #4587, #5373, #4499, #2889, #998, #5536, #4383, #99, #1889, #4680, #3776 ) ) ;
#982 = LINE ( 'NONE', #5870, #5735 ) ;
#983 = PLANE ( 'NONE',  #2137 ) ;
#984 = FACE_OUTER_BOUND ( 'NONE', #5089, .T. ) ;
#985 = CARTESIAN_POINT ( 'NONE',  ( 4.129999999999999900, 1.005000000000000600, -11.07499999999999900 ) ) ;
#986 = EDGE_LOOP ( 'NONE', ( #2112, #203, #5513, #5895 ) ) ;
#987 = CARTESIAN_POINT ( 'NONE',  ( -3.490000000000000200, 1.004999999999999700, -11.07499999999999900 ) ) ;
#988 = ORIENTED_EDGE ( 'NONE', *, *, #2030, .T. ) ;
#989 = VERTEX_POINT ( 'NONE', #4374 ) ;
#990 = EDGE_CURVE ( 'NONE', #5874, #3095, #1154, .T. ) ;
#991 = ORIENTED_EDGE ( 'NONE', *, *, #2666, .T. ) ;
#992 = EDGE_LOOP ( 'NONE', ( #2327, #5612, #781, #3102 ) ) ;
#993 = DIRECTION ( 'NONE',  ( -0.01029357226245748000, -1.500906702538914700E-018, -0.9999470197815869500 ) ) ;
#994 = CARTESIAN_POINT ( 'NONE',  ( 0.3199999999999974000, 1.525000000000000100, -6.625000000000000900 ) ) ;
#995 = DIRECTION ( 'NONE',  ( 0.0000000000000000000, 0.0000000000000000000, -1.000000000000000000 ) ) ;
#996 = ORIENTED_EDGE ( 'NONE', *, *, #4141, .T. ) ;
#997 = DIRECTION ( 'NONE',  ( -1.458100904399333800E-016, 1.000000000000000000, 0.0000000000000000000 ) ) ;
#998 = ORIENTED_EDGE ( 'NONE', *, *, #1379, .T. ) ;
#999 = PLANE ( 'NONE',  #3112 ) ;
#1000 = COLOUR_RGB ( '',0.9686274509803921600, 0.8784313725490196000, 0.5999999999999999800 ) ;
#1001 = DIRECTION ( 'NONE',  ( 1.000000000000000000, 1.458100904399333800E-016, 0.0000000000000000000 ) ) ;
#1002 = ORIENTED_EDGE ( 'NONE', *, *, #1838, .T. ) ;
#1003 = VERTEX_POINT ( 'NONE', #4394 ) ;
#1004 = ADVANCED_FACE ( 'NONE', ( #2886 ), #85, .F. ) ;
#1005 = DIRECTION ( 'NONE',  ( 1.000000000000000000, 1.458100904399333800E-016, 0.0000000000000000000 ) ) ;
#1006 = CARTESIAN_POINT ( 'NONE',  ( 0.9500000000000011800, 0.5000000000000007800, -0.2505119680435621300 ) ) ;
#1007 = FACE_OUTER_BOUND ( 'NONE', #694, .T. ) ;
#1008 = CARTESIAN_POINT ( 'NONE',  ( -5.205000000000001000, 2.447125105937309400E-031, -11.47500000000000100 ) ) ;
#1009 = CARTESIAN_POINT ( 'NONE',  ( 0.3200000000000008400, 1.125000000000000200, -3.775000000000000400 ) ) ;
#1010 = EDGE_CURVE ( 'NONE', #4341, #5594, #2515, .T. ) ;
#1011 = FACE_OUTER_BOUND ( 'NONE', #3778, .T. ) ;
#1012 = CARTESIAN_POINT ( 'NONE',  ( 2.860000000000001200, 1.525000000000000400, -3.775000000000000400 ) ) ;
#1013 = AXIS2_PLACEMENT_3D ( 'NONE', #3314, #6163, #3272 ) ;
#1014 = CARTESIAN_POINT ( 'NONE',  ( -1.149999999999998100, 0.4000000000000004100, 0.4250000000000000400 ) ) ;
#1015 = EDGE_LOOP ( 'NONE', ( #3550, #3860, #4186, #716 ) ) ;
#1016 = AXIS2_PLACEMENT_3D ( 'NONE', #4795, #2371, #1916 ) ;
#1017 = CARTESIAN_POINT ( 'NONE',  ( -1.389999999999998800, 4.336808689942019700E-016, 0.4250000000000000400 ) ) ;
#1018 = DIRECTION ( 'NONE',  ( 0.0000000000000000000, -1.000000000000000000, 0.0000000000000000000 ) ) ;
#1019 = ORIENTED_EDGE ( 'NONE', *, *, #5048, .F. ) ;
#1020 = ORIENTED_EDGE ( 'NONE', *, *, #266, .F. ) ;
#1021 = EDGE_CURVE ( 'NONE', #5065, #3814, #6055, .T. ) ;
#1022 = LINE ( 'NONE', #3301, #3977 ) ;
#1023 = EDGE_CURVE ( 'NONE', #4751, #1301, #6133, .T. ) ;
#1024 = CARTESIAN_POINT ( 'NONE',  ( -0.5699999999999976200, 1.125000000000000000, -3.924999999999999800 ) ) ;
#1025 = AXIS2_PLACEMENT_3D ( 'NONE', #2676, #6046, #327 ) ;
#1026 = ORIENTED_EDGE ( 'NONE', *, *, #47, .F. ) ;
#1027 = DIRECTION ( 'NONE',  ( 1.000000000000000000, 0.0000000000000000000, 0.0000000000000000000 ) ) ;
#1028 = ORIENTED_EDGE ( 'NONE', *, *, #4163, .T. ) ;
#1029 = DIRECTION ( 'NONE',  ( -0.0000000000000000000, -0.0000000000000000000, 1.000000000000000000 ) ) ;
#1030 = EDGE_CURVE ( 'NONE', #5694, #4779, #2587, .T. ) ;
#1031 = ADVANCED_FACE ( 'NONE', ( #335 ), #3913, .T. ) ;
#1032 = FACE_OUTER_BOUND ( 'NONE', #3579, .T. ) ;
#1033 = DIRECTION ( 'NONE',  ( -1.458100904399333800E-016, 1.000000000000000000, 0.0000000000000000000 ) ) ;
#1034 = FACE_OUTER_BOUND ( 'NONE', #711, .T. ) ;
#1035 = ORIENTED_EDGE ( 'NONE', *, *, #1856, .F. ) ;
#1036 = CARTESIAN_POINT ( 'NONE',  ( 3.490000000000000200, 1.005000000000000600, -11.07499999999999900 ) ) ;
#1037 = ORIENTED_EDGE ( 'NONE', *, *, #5038, .T. ) ;
#1038 = CARTESIAN_POINT ( 'NONE',  ( 0.9500000000000011800, 1.005000000000000300, -11.07499999999999900 ) ) ;
#1039 = LINE ( 'NONE', #2303, #4500 ) ;
#1040 = VECTOR ( 'NONE', #3916, 1000.000000000000000 ) ;
#1041 = CARTESIAN_POINT ( 'NONE',  ( 0.9500000000000011800, 1.025000000000000100, 0.2250000000000012500 ) ) ;
#1042 = EDGE_CURVE ( 'NONE', #5578, #3998, #3715, .T. ) ;
#1043 = CARTESIAN_POINT ( 'NONE',  ( -1.924722225583746400, 1.124999999999999800, -8.752773196134491200 ) ) ;
#1044 = DIRECTION ( 'NONE',  ( 0.0000000000000000000, 0.0000000000000000000, -1.000000000000000000 ) ) ;
#1045 = ORIENTED_EDGE ( 'NONE', *, *, #2239, .F. ) ;
#1046 = VECTOR ( 'NONE', #2975, 1000.000000000000000 ) ;
#1047 = AXIS2_PLACEMENT_3D ( 'NONE', #2982, #4950, #576 ) ;
#1048 = FACE_OUTER_BOUND ( 'NONE', #2511, .T. ) ;
#1049 = ORIENTED_EDGE ( 'NONE', *, *, #3519, .F. ) ;
#1050 = CARTESIAN_POINT ( 'NONE',  ( 0.3200000000000008400, 1.525000000000000100, -10.77500000000000200 ) ) ;
#1051 = PLANE ( 'NONE',  #3334 ) ;
#1052 = ORIENTED_EDGE ( 'NONE', *, *, #2865, .T. ) ;
#1053 = VECTOR ( 'NONE', #4127, 1000.000000000000100 ) ;
#1054 = FACE_OUTER_BOUND ( 'NONE', #2737, .T. ) ;
#1055 = ORIENTED_EDGE ( 'NONE', *, *, #1, .T. ) ;
#1056 = EDGE_CURVE ( 'NONE', #2459, #3051, #3497, .T. ) ;
#1057 = ORIENTED_EDGE ( 'NONE', *, *, #4851, .F. ) ;
#1058 = DIRECTION ( 'NONE',  ( -1.000000000000000000, -1.458100904399333800E-016, 0.0000000000000000000 ) ) ;
#1059 = VERTEX_POINT ( 'NONE', #1993 ) ;
#1060 = VECTOR ( 'NONE', #5831, 1000.000000000000000 ) ;
#1061 = LINE ( 'NONE', #1612, #1594 ) ;
#1062 = PLANE ( 'NONE',  #1866 ) ;
#1063 = EDGE_CURVE ( 'NONE', #564, #3814, #2279, .T. ) ;
#1064 = ORIENTED_EDGE ( 'NONE', *, *, #5808, .T. ) ;
#1065 = ORIENTED_EDGE ( 'NONE', *, *, #4936, .T. ) ;
#1066 = DIRECTION ( 'NONE',  ( 1.031033037155009000E-016, -0.7071067811865490200, -0.7071067811865460200 ) ) ;
#1067 = CARTESIAN_POINT ( 'NONE',  ( 0.0000000000000000000, 2.045000000000000800, -11.47500000000000100 ) ) ;
#1068 = ORIENTED_EDGE ( 'NONE', *, *, #870, .T. ) ;
#1069 = CARTESIAN_POINT ( 'NONE',  ( -0.9499999999999995100, 0.5000000000000005600, -0.2505119680435621300 ) ) ;
#1070 = DIRECTION ( 'NONE',  ( 1.000000000000000000, 0.0000000000000000000, 0.0000000000000000000 ) ) ;
#1071 = VERTEX_POINT ( 'NONE', #3894 ) ;
#1072 = DIRECTION ( 'NONE',  ( -1.458100904399333800E-016, 1.000000000000000000, 0.0000000000000000000 ) ) ;
#1073 = ORIENTED_EDGE ( 'NONE', *, *, #472, .F. ) ;
#1074 = EDGE_LOOP ( 'NONE', ( #1382, #4345, #5546, #3154 ) ) ;
#1075 = EDGE_CURVE ( 'NONE', #2469, #2762, #1233, .T. ) ;
#1076 = CIRCLE ( 'NONE', #705, 0.3499999999999996400 ) ;
#1077 = DIRECTION ( 'NONE',  ( 0.0000000000000000000, -1.000000000000000000, -1.626303258728255900E-015 ) ) ;
#1078 = DIRECTION ( 'NONE',  ( -1.458100904399333800E-016, 1.000000000000000000, 0.0000000000000000000 ) ) ;
#1079 = DIRECTION ( 'NONE',  ( 1.000000000000000000, 0.0000000000000000000, 0.0000000000000000000 ) ) ;
#1080 = ORIENTED_EDGE ( 'NONE', *, *, #506, .T. ) ;
#1081 = CARTESIAN_POINT ( 'NONE',  ( -3.109999999999998100, 1.124999999999999600, -1.775000000000000600 ) ) ;
#1082 = FACE_OUTER_BOUND ( 'NONE', #5399, .T. ) ;
#1083 = DIRECTION ( 'NONE',  ( 1.000000000000000000, 1.355252715606880500E-016, 0.0000000000000000000 ) ) ;
#1084 = AXIS2_PLACEMENT_3D ( 'NONE', #305, #2680, #1202 ) ;
#1085 = DIRECTION ( 'NONE',  ( 1.000000000000000000, 0.0000000000000000000, 0.0000000000000000000 ) ) ;
#1086 = ORIENTED_EDGE ( 'NONE', *, *, #2199, .T. ) ;
#1087 = LINE ( 'NONE', #6052, #1914 ) ;
#1088 = CARTESIAN_POINT ( 'NONE',  ( 3.089999999999999000, 0.6049999999999994300, -11.47500000000000100 ) ) ;
#1089 = CARTESIAN_POINT ( 'NONE',  ( 3.490000000000002000, 1.403215706815879700, -1.447963489625753200 ) ) ;
#1090 = EDGE_CURVE ( 'NONE', #1417, #2659, #4391, .T. ) ;
#1091 = EDGE_LOOP ( 'NONE', ( #5625, #2376, #4525, #2298, #4389, #2951, #826, #1073 ) ) ;
#1092 = DIRECTION ( 'NONE',  ( 1.458100904399333800E-016, -1.000000000000000000, 0.0000000000000000000 ) ) ;
#1093 = AXIS2_PLACEMENT_3D ( 'NONE', #2228, #348, #1244 ) ;
#1094 = DIRECTION ( 'NONE',  ( 1.458100904399333800E-016, -1.000000000000000000, 0.0000000000000000000 ) ) ;
#1095 = LINE ( 'NONE', #675, #4041 ) ;
#1096 = ORIENTED_EDGE ( 'NONE', *, *, #5024, .F. ) ;
#1097 = ORIENTED_EDGE ( 'NONE', *, *, #3921, .T. ) ;
#1098 = PLANE ( 'NONE',  #2051 ) ;
#1099 = AXIS2_PLACEMENT_3D ( 'NONE', #3078, #4983, #1209 ) ;
#1100 = DIRECTION ( 'NONE',  ( -0.0000000000000000000, -0.0000000000000000000, 1.000000000000000000 ) ) ;
#1101 = VECTOR ( 'NONE', #3643, 1000.000000000000000 ) ;
#1102 = ORIENTED_EDGE ( 'NONE', *, *, #4276, .T. ) ;
#1103 = CARTESIAN_POINT ( 'NONE',  ( 0.9500000000000011800, 1.005000000000000300, -3.775000000000000400 ) ) ;
#1104 = EDGE_CURVE ( 'NONE', #706, #5763, #4770, .T. ) ;
#1105 = DIRECTION ( 'NONE',  ( 0.0000000000000000000, 0.0000000000000000000, -1.000000000000000000 ) ) ;
#1106 = CARTESIAN_POINT ( 'NONE',  ( 0.0000000000000000000, 0.8249999999999999600, -2.975000000000000100 ) ) ;
#1107 = LINE ( 'NONE', #6236, #2235 ) ;
#1108 = PLANE ( 'NONE',  #5211 ) ;
#1109 = LINE ( 'NONE', #3821, #5782 ) ;
#1110 = EDGE_LOOP ( 'NONE', ( #638, #3788, #5319, #4122 ) ) ;
#1111 = CARTESIAN_POINT ( 'NONE',  ( 5.204999999999999200, 0.8250000000000007300, -3.775000000000000400 ) ) ;
#1112 = VECTOR ( 'NONE', #4399, 1000.000000000000000 ) ;
#1113 = CARTESIAN_POINT ( 'NONE',  ( 1.590000000000001200, 1.025000000000000100, 0.2250000000000012500 ) ) ;
#1114 = LINE ( 'NONE', #5867, #2549 ) ;
#1115 = VECTOR ( 'NONE', #1777, 1000.000000000000000 ) ;
#1116 = DIRECTION ( 'NONE',  ( -1.000000000000000000, -1.458100904399333800E-016, -0.0000000000000000000 ) ) ;
#1117 = VERTEX_POINT ( 'NONE', #4926 ) ;
#1118 = LINE ( 'NONE', #5088, #6097 ) ;
#1119 = FACE_OUTER_BOUND ( 'NONE', #583, .T. ) ;
#1120 = AXIS2_PLACEMENT_3D ( 'NONE', #5912, #1072, #4046 ) ;
#1121 = DIRECTION ( 'NONE',  ( 1.000000000000000000, 1.458100904399333800E-016, 0.0000000000000000000 ) ) ;
#1122 = FACE_OUTER_BOUND ( 'NONE', #3056, .T. ) ;
#1123 = ORIENTED_EDGE ( 'NONE', *, *, #4715, .T. ) ;
#1124 = DIRECTION ( 'NONE',  ( 1.501062806046814100E-015, -1.000000000000000000, 4.379057701015053300E-047 ) ) ;
#1125 = LINE ( 'NONE', #1457, #6176 ) ;
#1126 = DIRECTION ( 'NONE',  ( 1.000000000000000000, 1.458100904399333800E-016, -0.0000000000000000000 ) ) ;
#1127 = EDGE_CURVE ( 'NONE', #6025, #5495, #2209, .T. ) ;
#1128 = DIRECTION ( 'NONE',  ( -1.000000000000000000, -1.458100904399332600E-016, 0.0000000000000000000 ) ) ;
#1129 = VERTEX_POINT ( 'NONE', #2522 ) ;
#1130 = ORIENTED_EDGE ( 'NONE', *, *, #1464, .F. ) ;
#1131 = DIRECTION ( 'NONE',  ( 1.000000000000000000, 1.501062806046814100E-015, 0.0000000000000000000 ) ) ;
#1132 = VERTEX_POINT ( 'NONE', #3981 ) ;
#1133 = AXIS2_PLACEMENT_3D ( 'NONE', #4094, #4969, #5514 ) ;
#1134 = EDGE_LOOP ( 'NONE', ( #4230, #187, #4984, #4495 ) ) ;
#1135 = DIRECTION ( 'NONE',  ( 1.458100904399333800E-016, -1.000000000000000000, -0.0000000000000000000 ) ) ;
#1136 = FACE_OUTER_BOUND ( 'NONE', #2192, .T. ) ;
#1137 = VECTOR ( 'NONE', #5385, 1000.000000000000100 ) ;
#1138 = DIRECTION ( 'NONE',  ( -1.458100904399333800E-016, 1.000000000000000000, 0.0000000000000000000 ) ) ;
#1139 = ORIENTED_EDGE ( 'NONE', *, *, #4043, .F. ) ;
#1140 = DIRECTION ( 'NONE',  ( 1.000000000000000000, 0.0000000000000000000, 0.0000000000000000000 ) ) ;
#1141 =( GEOMETRIC_REPRESENTATION_CONTEXT ( 3 ) GLOBAL_UNCERTAINTY_ASSIGNED_CONTEXT ( ( #1339 ) ) GLOBAL_UNIT_ASSIGNED_CONTEXT ( ( #5383, #1224, #4668 ) ) REPRESENTATION_CONTEXT ( 'NONE', 'WORKASPACE' ) );
#1142 = VERTEX_POINT ( 'NONE', #108 ) ;
#1143 = CARTESIAN_POINT ( 'NONE',  ( -3.490000000000000200, 1.524999999999999500, -10.77500000000000200 ) ) ;
#1144 = ORIENTED_EDGE ( 'NONE', *, *, #432, .F. ) ;
#1145 = ADVANCED_FACE ( 'NONE', ( #3564 ), #5483, .F. ) ;
#1146 = EDGE_CURVE ( 'NONE', #5441, #2586, #1227, .T. ) ;
#1147 = ORIENTED_EDGE ( 'NONE', *, *, #2177, .T. ) ;
#1148 = ORIENTED_EDGE ( 'NONE', *, *, #3163, .T. ) ;
#1149 = DIRECTION ( 'NONE',  ( 1.000000000000000000, 1.458100904399333800E-016, -0.0000000000000000000 ) ) ;
#1150 = EDGE_CURVE ( 'NONE', #1417, #2427, #1829, .T. ) ;
#1151 = ORIENTED_EDGE ( 'NONE', *, *, #4896, .T. ) ;
#1152 = VERTEX_POINT ( 'NONE', #3506 ) ;
#1153 = CARTESIAN_POINT ( 'NONE',  ( -4.759999999999997100, 1.524999999999999200, -3.775000000000000400 ) ) ;
#1154 = CIRCLE ( 'NONE', #4931, 0.5000000000000000000 ) ;
#1155 = DIRECTION ( 'NONE',  ( 1.548860246407857400E-016, 2.258394526075472000E-032, -1.000000000000000000 ) ) ;
#1156 = EDGE_LOOP ( 'NONE', ( #234, #4710, #1068, #2107 ) ) ;
#1157 = DIRECTION ( 'NONE',  ( -1.458100904399333800E-016, 1.000000000000000000, 0.0000000000000000000 ) ) ;
#1158 = EDGE_CURVE ( 'NONE', #4774, #3638, #2810, .T. ) ;
#1159 = ORIENTED_EDGE ( 'NONE', *, *, #5010, .T. ) ;
#1160 = DIRECTION ( 'NONE',  ( 1.000000000000000000, 1.458100904399333800E-016, 0.0000000000000000000 ) ) ;
#1161 = FACE_OUTER_BOUND ( 'NONE', #5835, .T. ) ;
#1162 = DIRECTION ( 'NONE',  ( -4.320902962630632700E-017, 0.7071067811865461300, -0.7071067811865489100 ) ) ;
#1163 = PLANE ( 'NONE',  #2513 ) ;
#1164 = DIRECTION ( 'NONE',  ( 1.000000000000000000, 0.0000000000000000000, 0.0000000000000000000 ) ) ;
#1165 = FACE_OUTER_BOUND ( 'NONE', #4370, .T. ) ;
#1166 = ORIENTED_EDGE ( 'NONE', *, *, #2991, .T. ) ;
#1167 = DIRECTION ( 'NONE',  ( 1.000000000000000000, 1.458100904399333800E-016, 0.0000000000000000000 ) ) ;
#1168 = EDGE_CURVE ( 'NONE', #5792, #1931, #6206, .T. ) ;
#1169 = VERTEX_POINT ( 'NONE', #2156 ) ;
#1170 = CARTESIAN_POINT ( 'NONE',  ( 5.204999999999999200, 1.525000000000000800, -3.775000000000000400 ) ) ;
#1171 = AXIS2_PLACEMENT_3D ( 'NONE', #6191, #4709, #5203 ) ;
#1172 = ORIENTED_EDGE ( 'NONE', *, *, #950, .T. ) ;
#1173 = ORIENTED_EDGE ( 'NONE', *, *, #5565, .T. ) ;
#1174 = ADVANCED_FACE ( 'NONE', ( #563 ), #4490, .F. ) ;
#1175 = DIRECTION ( 'NONE',  ( 0.01745240643728364300, 2.544736961014803800E-018, -0.9998476951563911600 ) ) ;
#1176 =( GEOMETRIC_REPRESENTATION_CONTEXT ( 3 ) GLOBAL_UNCERTAINTY_ASSIGNED_CONTEXT ( ( #6171 ) ) GLOBAL_UNIT_ASSIGNED_CONTEXT ( ( #3887, #4827, #2287 ) ) REPRESENTATION_CONTEXT ( 'NONE', 'WORKASPACE' ) );
#1177 = DIRECTION ( 'NONE',  ( -0.0000000000000000000, -0.0000000000000000000, 1.000000000000000000 ) ) ;
#1178 = FACE_OUTER_BOUND ( 'NONE', #4007, .T. ) ;
#1179 = VERTEX_POINT ( 'NONE', #4087 ) ;
#1180 = EDGE_CURVE ( 'NONE', #5676, #1368, #5898, .T. ) ;
#1181 = DIRECTION ( 'NONE',  ( 1.458100904399333800E-016, -1.000000000000000000, -0.0000000000000000000 ) ) ;
#1182 = AXIS2_PLACEMENT_3D ( 'NONE', #325, #847, #1807 ) ;
#1183 = ORIENTED_EDGE ( 'NONE', *, *, #5248, .F. ) ;
#1184 = DIRECTION ( 'NONE',  ( 1.000000000000000000, 1.458100904399333800E-016, 0.0000000000000000000 ) ) ;
#1185 = CARTESIAN_POINT ( 'NONE',  ( 4.159946693304737800, 1.125000000000000700, -5.231108342253048900 ) ) ;
#1186 = LINE ( 'NONE', #5511, #3518 ) ;
#1187 = VECTOR ( 'NONE', #4028, 1000.000000000000000 ) ;
#1188 = ORIENTED_EDGE ( 'NONE', *, *, #2585, .F. ) ;
#1189 = DIRECTION ( 'NONE',  ( 1.000000000000000000, 1.458100904399333800E-016, 0.0000000000000000000 ) ) ;
#1190 = EDGE_CURVE ( 'NONE', #399, #849, #4922, .T. ) ;
#1191 = CARTESIAN_POINT ( 'NONE',  ( 0.5499999999999983800, 2.045000000000000800, -11.47500000000000100 ) ) ;
#1192 = LINE ( 'NONE', #2273, #2249 ) ;
#1193 = CIRCLE ( 'NONE', #1789, 1.599999999999999900 ) ;
#1194 = CARTESIAN_POINT ( 'NONE',  ( 5.204999999999999200, 2.168404344971010800E-016, -11.47500000000000100 ) ) ;
#1195 = CARTESIAN_POINT ( 'NONE',  ( 0.9500000000000011800, 1.005000000000000300, -10.77500000000000200 ) ) ;
#1196 = CARTESIAN_POINT ( 'NONE',  ( -4.129999999999998100, 1.004999999999999400, -11.07499999999999900 ) ) ;
#1197 = LINE ( 'NONE', #1466, #4661 ) ;
#1198 = CARTESIAN_POINT ( 'NONE',  ( 4.510000000000001600, 1.125000000000000700, -1.775000000000000600 ) ) ;
#1199 = LINE ( 'NONE', #3882, #2175 ) ;
#1200 = ORIENTED_EDGE ( 'NONE', *, *, #2679, .T. ) ;
#1201 = ADVANCED_FACE ( 'NONE', ( #5227 ), #5519, .F. ) ;
#1202 = DIRECTION ( 'NONE',  ( 0.0000000000000000000, -1.000000000000000000, 0.0000000000000000000 ) ) ;
#1203 = CARTESIAN_POINT ( 'NONE',  ( 3.490000000000002000, 1.403215706815879700, -1.447963489625753200 ) ) ;
#1204 = ORIENTED_EDGE ( 'NONE', *, *, #2824, .T. ) ;
#1205 = VECTOR ( 'NONE', #2631, 1000.000000000000000 ) ;
#1206 = VERTEX_POINT ( 'NONE', #3057 ) ;
#1207 = AXIS2_PLACEMENT_3D ( 'NONE', #476, #4717, #2309 ) ;
#1208 = FACE_OUTER_BOUND ( 'NONE', #5581, .T. ) ;
#1209 = DIRECTION ( 'NONE',  ( 1.000000000000000000, 2.710505431213759600E-016, 0.0000000000000000000 ) ) ;
#1210 = ORIENTED_EDGE ( 'NONE', *, *, #6224, .T. ) ;
#1211 = ORIENTED_EDGE ( 'NONE', *, *, #2226, .F. ) ;
#1212 = CARTESIAN_POINT ( 'NONE',  ( 2.860000000000001200, 1.525000000000000600, -10.77500000000000200 ) ) ;
#1213 = VERTEX_POINT ( 'NONE', #1103 ) ;
#1214 = LINE ( 'NONE', #3967, #4596 ) ;
#1215 = EDGE_CURVE ( 'NONE', #3462, #6122, #1076, .T. ) ;
#1216 = LINE ( 'NONE', #5741, #770 ) ;
#1217 = ORIENTED_EDGE ( 'NONE', *, *, #3631, .T. ) ;
#1218 = ORIENTED_EDGE ( 'NONE', *, *, #5355, .T. ) ;
#1219 = MECHANICAL_DESIGN_GEOMETRIC_PRESENTATION_REPRESENTATION (  '', ( #5531 ), #581 ) ;
#1220 = DIRECTION ( 'NONE',  ( -0.7071067811865460200, -1.061411689142607300E-015, -0.7071067811865490200 ) ) ;
#1221 = ORIENTED_EDGE ( 'NONE', *, *, #5427, .T. ) ;
#1222 = ORIENTED_EDGE ( 'NONE', *, *, #3672, .T. ) ;
#1223 = CARTESIAN_POINT ( 'NONE',  ( 0.5500000000000001600, 1.325000000000000000, -11.47500000000000100 ) ) ;
#1224 =( NAMED_UNIT ( * ) PLANE_ANGLE_UNIT ( ) SI_UNIT ( $, .RADIAN. ) );
#1225 = EDGE_LOOP ( 'NONE', ( #2795, #2575, #5294, #6129 ) ) ;
#1226 = ORIENTED_EDGE ( 'NONE', *, *, #6224, .F. ) ;
#1227 = CIRCLE ( 'NONE', #5251, 0.5000000000000000000 ) ;
#1228 = EDGE_CURVE ( 'NONE', #1507, #1326, #408, .T. ) ;
#1229 = ORIENTED_EDGE ( 'NONE', *, *, #4567, .F. ) ;
#1230 = DIRECTION ( 'NONE',  ( 1.000000000000000000, 1.458100904399333800E-016, -0.0000000000000000000 ) ) ;
#1231 = DIRECTION ( 'NONE',  ( 0.0000000000000000000, 0.0000000000000000000, -1.000000000000000000 ) ) ;
#1232 = EDGE_CURVE ( 'NONE', #2200, #5874, #6049, .T. ) ;
#1233 = LINE ( 'NONE', #1041, #4928 ) ;
#1234 = DIRECTION ( 'NONE',  ( -0.5773502691896272900, 0.5773502691896262900, 0.5773502691896238400 ) ) ;
#1235 = ORIENTED_EDGE ( 'NONE', *, *, #250, .T. ) ;
#1236 = CARTESIAN_POINT ( 'NONE',  ( -1.970000000000003100, 1.124999999999999800, -3.674999999999999400 ) ) ;
#1237 = ADVANCED_FACE ( 'NONE', ( #2509 ), #5525, .F. ) ;
#1238 = FACE_OUTER_BOUND ( 'NONE', #5243, .T. ) ;
#1239 = CARTESIAN_POINT ( 'NONE',  ( 4.760000000000002500, 1.125000000000000900, -6.625000000000000900 ) ) ;
#1240 = EDGE_CURVE ( 'NONE', #671, #79, #2203, .T. ) ;
#1241 = CARTESIAN_POINT ( 'NONE',  ( 5.204999999999999200, 1.125000000000000900, -3.775000000000000400 ) ) ;
#1242 = ORIENTED_EDGE ( 'NONE', *, *, #1590, .T. ) ;
#1243 = CARTESIAN_POINT ( 'NONE',  ( -0.9499999999999995100, 1.004999999999999900, -11.07499999999999900 ) ) ;
#1244 = DIRECTION ( 'NONE',  ( 1.000000000000000000, 0.0000000000000000000, 0.0000000000000000000 ) ) ;
#1245 = ORIENTED_EDGE ( 'NONE', *, *, #4951, .F. ) ;
#1246 = CARTESIAN_POINT ( 'NONE',  ( 2.185000000000002700, 1.525000000000000600, -10.02500000000000000 ) ) ;
#1247 = DIRECTION ( 'NONE',  ( 1.000000000000000000, 1.458100904399333800E-016, 0.0000000000000000000 ) ) ;
#1248 = PLANE ( 'NONE',  #5622 ) ;
#1249 = FACE_OUTER_BOUND ( 'NONE', #2938, .T. ) ;
#1250 = EDGE_CURVE ( 'NONE', #3084, #167, #4243, .T. ) ;
#1251 = EDGE_LOOP ( 'NONE', ( #4378, #2047, #503, #2365 ) ) ;
#1252 = ORIENTED_EDGE ( 'NONE', *, *, #4295, .F. ) ;
#1253 = CARTESIAN_POINT ( 'NONE',  ( -0.9499999999999995100, 4.336808689942019700E-016, -0.2505119680435621300 ) ) ;
#1254 = AXIS2_PLACEMENT_3D ( 'NONE', #1581, #5434, #2545 ) ;
#1255 = DIRECTION ( 'NONE',  ( -1.458100904399333800E-016, 1.000000000000000000, 0.0000000000000000000 ) ) ;
#1256 = LINE ( 'NONE', #1752, #4865 ) ;
#1257 = DIRECTION ( 'NONE',  ( 6.110679571450340000E-017, -1.000000000000000000, -1.368455531567204200E-048 ) ) ;
#1258 = EDGE_LOOP ( 'NONE', ( #4489, #4015, #152, #3087 ) ) ;
#1259 = CARTESIAN_POINT ( 'NONE',  ( 4.129999999999999900, 0.4000000000000012400, -0.2505119680435638500 ) ) ;
#1260 = ADVANCED_FACE ( 'NONE', ( #3491 ), #4511, .T. ) ;
#1261 = VECTOR ( 'NONE', #2140, 1000.000000000000100 ) ;
#1262 = EDGE_CURVE ( 'NONE', #914, #2093, #2351, .T. ) ;
#1263 = LINE ( 'NONE', #780, #2081 ) ;
#1264 = ORIENTED_EDGE ( 'NONE', *, *, #1521, .F. ) ;
#1265 = SHAPE_DEFINITION_REPRESENTATION ( #2814, #222 ) ;
#1266 = EDGE_CURVE ( 'NONE', #837, #1585, #4610, .T. ) ;
#1267 = ADVANCED_FACE ( 'NONE', ( #4100 ), #2258, .F. ) ;
#1268 = AXIS2_PLACEMENT_3D ( 'NONE', #5188, #3201, #1784 ) ;
#1269 = LINE ( 'NONE', #5702, #3526 ) ;
#1270 = LINE ( 'NONE', #5892, #6091 ) ;
#1271 = PLANE ( 'NONE',  #3914 ) ;
#1272 = CARTESIAN_POINT ( 'NONE',  ( 0.9500000000000011800, 8.673617379884037400E-016, -1.774999999999998800 ) ) ;
#1273 = VERTEX_POINT ( 'NONE', #2730 ) ;
#1274 = VECTOR ( 'NONE', #3073, 1000.000000000000000 ) ;
#1275 = DIRECTION ( 'NONE',  ( -6.110679571450328900E-017, 1.000000000000000000, 1.368455531567204200E-048 ) ) ;
#1276 = CYLINDRICAL_SURFACE ( 'NONE', #1598, 0.1000000000000000500 ) ;
#1277 = EDGE_CURVE ( 'NONE', #4453, #6079, #4766, .T. ) ;
#1278 = DIRECTION ( 'NONE',  ( -0.01029357226245786000, -1.500906702538970600E-018, 0.9999470197815869500 ) ) ;
#1279 = LINE ( 'NONE', #4251, #4 ) ;
#1280 = VERTEX_POINT ( 'NONE', #2217 ) ;
#1281 = FACE_OUTER_BOUND ( 'NONE', #1453, .T. ) ;
#1282 = VERTEX_POINT ( 'NONE', #4657 ) ;
#1283 = DIRECTION ( 'NONE',  ( 0.5773502691896264000, 0.5773502691896268400, 0.5773502691896240700 ) ) ;
#1284 = DIRECTION ( 'NONE',  ( 1.000000000000000000, 1.458100904399333800E-016, -0.0000000000000000000 ) ) ;
#1285 = CARTESIAN_POINT ( 'NONE',  ( -5.205000000000001000, 2.649999999999999500, -11.47500000000000100 ) ) ;
#1286 = EDGE_LOOP ( 'NONE', ( #4010, #4826, #4474, #2257 ) ) ;
#1287 = DIRECTION ( 'NONE',  ( 0.0000000000000000000, 0.0000000000000000000, -1.000000000000000000 ) ) ;
#1288 = EDGE_LOOP ( 'NONE', ( #2452, #3009, #2272, #801 ) ) ;
#1289 = VECTOR ( 'NONE', #3758, 1000.000000000000100 ) ;
#1290 = FACE_OUTER_BOUND ( 'NONE', #1258, .T. ) ;
#1291 = EDGE_CURVE ( 'NONE', #2302, #5603, #3042, .T. ) ;
#1292 = VERTEX_POINT ( 'NONE', #5160 ) ;
#1293 = EDGE_LOOP ( 'NONE', ( #2973, #4324, #1816, #142 ) ) ;
#1294 = CARTESIAN_POINT ( 'NONE',  ( 4.129999999999999900, 1.025000000000000600, -1.775000000000000600 ) ) ;
#1295 = AXIS2_PLACEMENT_3D ( 'NONE', #783, #6082, #4580 ) ;
#1296 = ORIENTED_EDGE ( 'NONE', *, *, #714, .T. ) ;
#1297 = VERTEX_POINT ( 'NONE', #1696 ) ;
#1298 = CARTESIAN_POINT ( 'NONE',  ( -5.205000000000001000, 2.447125105937309400E-031, -3.775000000000000400 ) ) ;
#1299 = ADVANCED_FACE ( 'NONE', ( #1011 ), #2660, .T. ) ;
#1300 = ORIENTED_EDGE ( 'NONE', *, *, #4242, .F. ) ;
#1301 = VERTEX_POINT ( 'NONE', #3139 ) ;
#1302 = SURFACE_STYLE_USAGE ( .BOTH. , #5548 ) ;
#1303 = ORIENTED_EDGE ( 'NONE', *, *, #3341, .F. ) ;
#1304 = AXIS2_PLACEMENT_3D ( 'NONE', #2635, #727, #4550 ) ;
#1305 = CARTESIAN_POINT ( 'NONE',  ( -4.129999999999998100, 1.004999999999999400, -11.07499999999999900 ) ) ;
#1306 = VECTOR ( 'NONE', #4792, 1000.000000000000000 ) ;
#1307 = CARTESIAN_POINT ( 'NONE',  ( -1.990000000000002200, 0.6049999999999985400, -11.47500000000000100 ) ) ;
#1308 = DIRECTION ( 'NONE',  ( 1.458100904399333800E-016, -1.000000000000000000, 0.0000000000000000000 ) ) ;
#1309 = VERTEX_POINT ( 'NONE', #1253 ) ;
#1310 = VECTOR ( 'NONE', #2328, 1000.000000000000000 ) ;
#1311 = VECTOR ( 'NONE', #6017, 1000.000000000000000 ) ;
#1312 = CARTESIAN_POINT ( 'NONE',  ( -2.219999999999999800, 1.524999999999999700, -10.77500000000000200 ) ) ;
#1313 = DIRECTION ( 'NONE',  ( 1.000000000000000000, 1.034584430772185600E-016, 4.235164736271499200E-017 ) ) ;
#1314 = EDGE_CURVE ( 'NONE', #2398, #5367, #1541, .T. ) ;
#1315 = LINE ( 'NONE', #5003, #2288 ) ;
#1316 = CARTESIAN_POINT ( 'NONE',  ( -2.185000000000002700, 1.524999999999999700, -10.02500000000000000 ) ) ;
#1317 = ORIENTED_EDGE ( 'NONE', *, *, #5411, .F. ) ;
#1318 = DIRECTION ( 'NONE',  ( 0.7071067811865490200, 1.031033037155009000E-016, 0.7071067811865460200 ) ) ;
#1319 = ORIENTED_EDGE ( 'NONE', *, *, #3690, .T. ) ;
#1320 = DIRECTION ( 'NONE',  ( 1.000000000000000000, 0.0000000000000000000, 0.0000000000000000000 ) ) ;
#1321 = PLANE ( 'NONE',  #452 ) ;
#1322 = CIRCLE ( 'NONE', #1749, 0.1000000000000000500 ) ;
#1323 = ADVANCED_FACE ( 'NONE', ( #103 ), #1714, .F. ) ;
#1324 = DIRECTION ( 'NONE',  ( -1.458100904399333800E-016, 1.000000000000000000, -0.0000000000000000000 ) ) ;
#1325 = ORIENTED_EDGE ( 'NONE', *, *, #3493, .T. ) ;
#1326 = VERTEX_POINT ( 'NONE', #4107 ) ;
#1327 = CARTESIAN_POINT ( 'NONE',  ( -1.589999999999997600, 1.524999999999999700, -3.924999999999999800 ) ) ;
#1328 = CARTESIAN_POINT ( 'NONE',  ( -4.759999999999990000, 1.124999999999999300, -6.625000000002526900 ) ) ;
#1329 = CARTESIAN_POINT ( 'NONE',  ( 0.9500000000000011800, 0.4000000000000007400, 0.2250000000000012500 ) ) ;
#1330 = AXIS2_PLACEMENT_3D ( 'NONE', #743, #5063, #2716 ) ;
#1331 = FACE_OUTER_BOUND ( 'NONE', #1293, .T. ) ;
#1332 = ORIENTED_EDGE ( 'NONE', *, *, #3374, .F. ) ;
#1333 = CARTESIAN_POINT ( 'NONE',  ( -4.159946693304734200, 1.124999999999999600, -5.231108342253052400 ) ) ;
#1334 = EDGE_CURVE ( 'NONE', #4405, #1059, #3641, .T. ) ;
#1335 = EDGE_CURVE ( 'NONE', #2673, #3927, #1687, .T. ) ;
#1336 = LINE ( 'NONE', #5456, #5780 ) ;
#1337 = ORIENTED_EDGE ( 'NONE', *, *, #1056, .F. ) ;
#1338 = DIRECTION ( 'NONE',  ( 0.0000000000000000000, -1.000000000000000000, 0.0000000000000000000 ) ) ;
#1339 = UNCERTAINTY_MEASURE_WITH_UNIT (LENGTH_MEASURE( 1.000000000000000100E-005 ), #5383, 'distance_accuracy_value', 'NONE');
#1340 = CARTESIAN_POINT ( 'NONE',  ( -4.129999999999998100, 1.004999999999999400, -2.975000000000000100 ) ) ;
#1341 = CARTESIAN_POINT ( 'NONE',  ( 1.590000000000001200, 0.5000000000000008900, -0.2505119680435638500 ) ) ;
#1342 = CIRCLE ( 'NONE', #885, 0.3499999999999996400 ) ;
#1343 = FACE_OUTER_BOUND ( 'NONE', #3861, .T. ) ;
#1344 = AXIS2_PLACEMENT_3D ( 'NONE', #3982, #3915, #531 ) ;
#1345 = DIRECTION ( 'NONE',  ( -1.458100904399333800E-016, 1.000000000000000000, -0.0000000000000000000 ) ) ;
#1346 = ORIENTED_EDGE ( 'NONE', *, *, #4840, .F. ) ;
#1347 = EDGE_CURVE ( 'NONE', #4638, #3531, #5081, .T. ) ;
#1348 = DIRECTION ( 'NONE',  ( 4.320902962630622200E-017, -0.7071067811865459100, -0.7071067811865491300 ) ) ;
#1349 = DIRECTION ( 'NONE',  ( 1.458100904399333800E-016, -1.000000000000000000, -0.0000000000000000000 ) ) ;
#1350 = ORIENTED_EDGE ( 'NONE', *, *, #5262, .T. ) ;
#1351 = CYLINDRICAL_SURFACE ( 'NONE', #5936, 0.1000000000000000500 ) ;
#1352 = DIRECTION ( 'NONE',  ( 1.458100904399333800E-016, -1.000000000000000000, -0.0000000000000000000 ) ) ;
#1353 = FACE_OUTER_BOUND ( 'NONE', #4297, .T. ) ;
#1354 = EDGE_CURVE ( 'NONE', #2533, #3142, #4828, .T. ) ;
#1355 = MECHANICAL_DESIGN_GEOMETRIC_PRESENTATION_REPRESENTATION (  '', ( #1919 ), #2559 ) ;
#1356 = LINE ( 'NONE', #60, #3463 ) ;
#1357 = CARTESIAN_POINT ( 'NONE',  ( -4.159946693304734200, 1.124999999999999600, -5.231108342253052400 ) ) ;
#1358 = CIRCLE ( 'NONE', #868, 0.1000000000000000500 ) ;
#1359 = ADVANCED_FACE ( 'NONE', ( #1440 ), #1736, .F. ) ;
#1360 = VERTEX_POINT ( 'NONE', #4634 ) ;
#1361 = CARTESIAN_POINT ( 'NONE',  ( -1.589999999999997600, 1.524999999999999700, -1.775000000000000600 ) ) ;
#1362 = ORIENTED_EDGE ( 'NONE', *, *, #1991, .F. ) ;
#1364 = EDGE_CURVE ( 'NONE', #2417, #837, #156, .T. ) ;
#1363 = VECTOR ( 'NONE', #2073, 1000.000000000000000 ) ;
#1365 = ORIENTED_EDGE ( 'NONE', *, *, #4829, .T. ) ;
#1366 = CARTESIAN_POINT ( 'NONE',  ( -1.970000000000003100, 1.524999999999999700, -3.924999999999999800 ) ) ;
#1367 = VECTOR ( 'NONE', #5047, 1000.000000000000000 ) ;
#1368 = VERTEX_POINT ( 'NONE', #4682 ) ;
#1369 = ORIENTED_EDGE ( 'NONE', *, *, #1480, .F. ) ;
#1370 = ORIENTED_EDGE ( 'NONE', *, *, #1876, .T. ) ;
#1371 = DIRECTION ( 'NONE',  ( 0.01745240643728340100, 2.544736961014768400E-018, 0.9998476951563911600 ) ) ;
#1372 = FACE_OUTER_BOUND ( 'NONE', #1225, .T. ) ;
#1373 = CARTESIAN_POINT ( 'NONE',  ( -2.220000000000003300, 1.124999999999999800, -3.924999999999999800 ) ) ;
#1374 = CARTESIAN_POINT ( 'NONE',  ( -4.129999999999998100, 2.447125105937309400E-031, -0.2505119680435638500 ) ) ;
#1375 = ORIENTED_EDGE ( 'NONE', *, *, #2686, .T. ) ;
#1376 = ORIENTED_EDGE ( 'NONE', *, *, #4456, .T. ) ;
#1377 = CARTESIAN_POINT ( 'NONE',  ( -1.990000000000002200, 0.6049999999999986500, -11.47500000000000100 ) ) ;
#1378 = DIRECTION ( 'NONE',  ( -0.01029357226245748000, -1.500906702538914700E-018, -0.9999470197815869500 ) ) ;
#1379 = EDGE_CURVE ( 'NONE', #450, #2800, #1962, .T. ) ;
#1380 = ORIENTED_EDGE ( 'NONE', *, *, #2757, .F. ) ;
#1381 = VERTEX_POINT ( 'NONE', #375 ) ;
#1382 = ORIENTED_EDGE ( 'NONE', *, *, #1277, .T. ) ;
#1383 = AXIS2_PLACEMENT_3D ( 'NONE', #634, #2087, #2603 ) ;
#1384 = VECTOR ( 'NONE', #5992, 1000.000000000000000 ) ;
#1385 = VERTEX_POINT ( 'NONE', #2281 ) ;
#1386 = DIRECTION ( 'NONE',  ( -1.458100904399333800E-016, 1.000000000000000000, 0.0000000000000000000 ) ) ;
#1387 = CARTESIAN_POINT ( 'NONE',  ( -4.760000000000004200, 1.124999999999999300, -3.924999999999999800 ) ) ;
#1388 = LINE ( 'NONE', #2208, #1986 ) ;
#1389 = CARTESIAN_POINT ( 'NONE',  ( 0.3200000000000008400, 1.125000000000000200, -10.77500000000000200 ) ) ;
#1390 = EDGE_CURVE ( 'NONE', #3279, #5410, #2410, .T. ) ;
#1391 = FILL_AREA_STYLE_COLOUR ( '', #1502 ) ;
#1392 = EDGE_LOOP ( 'NONE', ( #471, #92, #3170, #543 ) ) ;
#1393 = ADVANCED_FACE ( 'NONE', ( #4911 ), #4266, .F. ) ;
#1394 = PLANE ( 'NONE',  #5452 ) ;
#1395 = EDGE_CURVE ( 'NONE', #3075, #2696, #13, .T. ) ;
#1396 = PLANE ( 'NONE',  #5744 ) ;
#1397 = VECTOR ( 'NONE', #5559, 1000.000000000000100 ) ;
#1398 = CARTESIAN_POINT ( 'NONE',  ( 3.930000000000001000, 1.301042606982605700E-015, 0.4250000000000000400 ) ) ;
#1399 = AXIS2_PLACEMENT_3D ( 'NONE', #5732, #1905, #2527 ) ;
#1400 = ORIENTED_EDGE ( 'NONE', *, *, #1250, .F. ) ;
#1401 = DIRECTION ( 'NONE',  ( 6.110679571450340000E-017, -1.000000000000000000, -1.368455531567204200E-048 ) ) ;
#1402 = CARTESIAN_POINT ( 'NONE',  ( -4.129999999999998100, 0.3999999999999999700, 0.2249999999999995100 ) ) ;
#1403 = EDGE_CURVE ( 'NONE', #5123, #5398, #6189, .T. ) ;
#1404 = DIRECTION ( 'NONE',  ( 1.458100904399333800E-016, -1.000000000000000000, -0.0000000000000000000 ) ) ;
#1405 = CIRCLE ( 'NONE', #1667, 1.599999999999999900 ) ;
#1406 = ORIENTED_EDGE ( 'NONE', *, *, #4043, .T. ) ;
#1407 = DIRECTION ( 'NONE',  ( 1.000000000000000000, 1.458100904399333800E-016, 0.0000000000000000000 ) ) ;
#1408 = DIRECTION ( 'NONE',  ( -0.0000000000000000000, -0.0000000000000000000, 1.000000000000000000 ) ) ;
#1409 = VECTOR ( 'NONE', #5172, 1000.000000000000000 ) ;
#1410 = CARTESIAN_POINT ( 'NONE',  ( -1.589999999999997600, 0.5000000000000004400, -0.2505119680435621300 ) ) ;
#1411 = DIRECTION ( 'NONE',  ( 1.000000000000000000, 1.458100904399333800E-016, 0.0000000000000000000 ) ) ;
#1412 = VERTEX_POINT ( 'NONE', #3256 ) ;
#1413 = CARTESIAN_POINT ( 'NONE',  ( 1.970000000000003100, 1.125000000000000400, -1.774999999999998800 ) ) ;
#1414 = AXIS2_PLACEMENT_3D ( 'NONE', #4095, #2655, #681 ) ;
#1415 = VECTOR ( 'NONE', #1175, 1000.000000000000100 ) ;
#1416 = VECTOR ( 'NONE', #2138, 1000.000000000000000 ) ;
#1417 = VERTEX_POINT ( 'NONE', #5710 ) ;
#1418 = ADVANCED_FACE ( 'NONE', ( #3013 ), #417, .T. ) ;
#1419 = LINE ( 'NONE', #3283, #135 ) ;
#1420 = CARTESIAN_POINT ( 'NONE',  ( 0.9500000000000011800, 1.125000000000000200, -3.775000000000000400 ) ) ;
#1421 = VECTOR ( 'NONE', #2918, 1000.000000000000000 ) ;
#1422 = DIRECTION ( 'NONE',  ( 1.000000000000000000, 1.458100904399333800E-016, 0.0000000000000000000 ) ) ;
#1423 = VECTOR ( 'NONE', #5857, 1000.000000000000100 ) ;
#1424 = CARTESIAN_POINT ( 'NONE',  ( -1.389999999999998800, 0.4000000000000004100, 0.2250000000000012500 ) ) ;
#1425 = VERTEX_POINT ( 'NONE', #1361 ) ;
#1426 = LINE ( 'NONE', #3581, #3684 ) ;
#1427 = FACE_OUTER_BOUND ( 'NONE', #3412, .T. ) ;
#1428 = CARTESIAN_POINT ( 'NONE',  ( 5.204999999999999200, 0.8250000000000007300, -2.174999999999999800 ) ) ;
#1429 = DIRECTION ( 'NONE',  ( 1.000000000000000000, 1.501062806046814100E-015, 0.0000000000000000000 ) ) ;
#1430 = DIRECTION ( 'NONE',  ( 1.000000000000000000, 1.355252715606880500E-016, -2.168404344971008900E-015 ) ) ;
#1431 = VECTOR ( 'NONE', #1177, 1000.000000000000000 ) ;
#1432 = ORIENTED_EDGE ( 'NONE', *, *, #3820, .F. ) ;
#1433 = LINE ( 'NONE', #4017, #3838 ) ;
#1434 = EDGE_CURVE ( 'NONE', #2578, #5731, #2496, .T. ) ;
#1435 = EDGE_LOOP ( 'NONE', ( #6124, #3377, #4265, #3448 ) ) ;
#1436 = EDGE_LOOP ( 'NONE', ( #2339, #6196, #3278, #2031, #1245, #4199, #1742, #6051, #972, #288, #3469, #3796 ) ) ;
#1437 = CARTESIAN_POINT ( 'NONE',  ( -5.205000000000001000, -6.505213034913024600E-016, -11.47500000000000100 ) ) ;
#1438 = ORIENTED_EDGE ( 'NONE', *, *, #5458, .F. ) ;
#1439 = CARTESIAN_POINT ( 'NONE',  ( 4.159999999999998400, 1.125000000000000700, -5.225000000000002300 ) ) ;
#1440 = FACE_OUTER_BOUND ( 'NONE', #1978, .T. ) ;
#1441 = LINE ( 'NONE', #3845, #5885 ) ;
#1442 = VERTEX_POINT ( 'NONE', #5237 ) ;
#1443 = CARTESIAN_POINT ( 'NONE',  ( 0.9200533066952634200, 1.125000000000000200, -5.231108342253052400 ) ) ;
#1444 = EDGE_LOOP ( 'NONE', ( #2534, #1644, #1602, #2262 ) ) ;
#1445 = CARTESIAN_POINT ( 'NONE',  ( -5.695277774416255500, 1.524999999999999200, -8.752773196134491200 ) ) ;
#1446 = ORIENTED_EDGE ( 'NONE', *, *, #4222, .T. ) ;
#1447 = ORIENTED_EDGE ( 'NONE', *, *, #2206, .F. ) ;
#1448 = ORIENTED_EDGE ( 'NONE', *, *, #2484, .T. ) ;
#1449 = CARTESIAN_POINT ( 'NONE',  ( -4.129999999999998100, 1.824999999999999300, -3.775000000000000400 ) ) ;
#1450 = ADVANCED_FACE ( 'NONE', ( #3624 ), #873, .F. ) ;
#1451 = AXIS2_PLACEMENT_3D ( 'NONE', #1620, #1600, #5468 ) ;
#1452 = DIRECTION ( 'NONE',  ( 0.7071067811865490200, 1.031033037155009000E-016, 0.7071067811865460200 ) ) ;
#1453 = EDGE_LOOP ( 'NONE', ( #5222, #5896, #692, #5729 ) ) ;
#1455 = EDGE_CURVE ( 'NONE', #1129, #453, #2871, .T. ) ;
#1454 = VECTOR ( 'NONE', #3430, 1000.000000000000000 ) ;
#1456 = AXIS2_PLACEMENT_3D ( 'NONE', #3113, #1220, #3044 ) ;
#1457 = CARTESIAN_POINT ( 'NONE',  ( 4.530000000000002900, 1.325000000000000600, -11.47500000000000100 ) ) ;
#1458 = ORIENTED_EDGE ( 'NONE', *, *, #4509, .T. ) ;
#1459 = CARTESIAN_POINT ( 'NONE',  ( -1.589999999999997600, 1.403215706815878800, -1.447963489625751400 ) ) ;
#1460 = EDGE_LOOP ( 'NONE', ( #1147, #3931, #964, #3766 ) ) ;
#1461 = VECTOR ( 'NONE', #4524, 1000.000000000000000 ) ;
#1462 = APPLICATION_CONTEXT ( 'automotive_design' ) ;
#1463 = CARTESIAN_POINT ( 'NONE',  ( -3.490000000000000200, 1.004999999999999700, -11.07499999999999900 ) ) ;
#1464 = EDGE_CURVE ( 'NONE', #5145, #6183, #838, .T. ) ;
#1465 = ORIENTED_EDGE ( 'NONE', *, *, #562, .F. ) ;
#1466 = CARTESIAN_POINT ( 'NONE',  ( -1.589999999999997600, 1.644999999999999800, -11.07499999999999900 ) ) ;
#1467 =( NAMED_UNIT ( * ) SI_UNIT ( $, .STERADIAN. ) SOLID_ANGLE_UNIT ( ) );
#1468 = ORIENTED_EDGE ( 'NONE', *, *, #1787, .T. ) ;
#1469 = EDGE_CURVE ( 'NONE', #5991, #4767, #3547, .T. ) ;
#1470 = DIRECTION ( 'NONE',  ( -1.000000000000000000, -1.458100904399333800E-016, 0.0000000000000000000 ) ) ;
#1471 = AXIS2_PLACEMENT_3D ( 'NONE', #3302, #6229, #2391 ) ;
#1472 = PLANE ( 'NONE',  #490 ) ;
#1473 = CARTESIAN_POINT ( 'NONE',  ( -4.129999999999998100, 1.024999999999999500, -1.775000000000000600 ) ) ;
#1474 = VECTOR ( 'NONE', #358, 1000.000000000000000 ) ;
#1475 = ORIENTED_EDGE ( 'NONE', *, *, #4611, .F. ) ;
#1476 = ORIENTED_EDGE ( 'NONE', *, *, #5326, .T. ) ;
#1477 = CARTESIAN_POINT ( 'NONE',  ( -4.759999999999997100, 1.824999999999999300, -3.775000000000000400 ) ) ;
#1478 = CARTESIAN_POINT ( 'NONE',  ( 5.080000000000001000, 1.525000000000000800, -2.975000000000000100 ) ) ;
#1479 = CARTESIAN_POINT ( 'NONE',  ( 2.859999999999996300, 1.125000000000000400, -3.924999999999999800 ) ) ;
#1480 = EDGE_CURVE ( 'NONE', #1892, #23, #769, .T. ) ;
#1481 = ADVANCED_FACE ( 'NONE', ( #5285 ), #4981, .F. ) ;
#1482 = LINE ( 'NONE', #6092, #1409 ) ;
#1483 = ORIENTED_EDGE ( 'NONE', *, *, #3922, .F. ) ;
#1484 = CARTESIAN_POINT ( 'NONE',  ( -0.9499999999999995100, 1.004999999999999900, -2.975000000000000100 ) ) ;
#1485 = DIRECTION ( 'NONE',  ( -1.458100904399333800E-016, 1.000000000000000000, -0.0000000000000000000 ) ) ;
#1486 = LINE ( 'NONE', #1243, #5327 ) ;
#1487 = ORIENTED_EDGE ( 'NONE', *, *, #2969, .T. ) ;
#1488 = DIRECTION ( 'NONE',  ( 0.0000000000000000000, 0.0000000000000000000, -1.000000000000000000 ) ) ;
#1489 = EDGE_CURVE ( 'NONE', #921, #1695, #3245, .T. ) ;
#1490 = PLANE ( 'NONE',  #66 ) ;
#1491 = FACE_OUTER_BOUND ( 'NONE', #3578, .T. ) ;
#1492 = LINE ( 'NONE', #251, #5192 ) ;
#1493 = ORIENTED_EDGE ( 'NONE', *, *, #5990, .F. ) ;
#1494 = AXIS2_PLACEMENT_3D ( 'NONE', #5533, #5039, #146 ) ;
#1495 = LINE ( 'NONE', #1036, #2923 ) ;
#1496 = VECTOR ( 'NONE', #5638, 1000.000000000000000 ) ;
#1497 = DIRECTION ( 'NONE',  ( 1.458100904399333800E-016, -1.000000000000000000, -0.0000000000000000000 ) ) ;
#1498 = CARTESIAN_POINT ( 'NONE',  ( -0.3199999999999974000, 1.125000000000000000, -3.924999999999999800 ) ) ;
#1499 = LINE ( 'NONE', #3484, #4362 ) ;
#1500 = AXIS2_PLACEMENT_3D ( 'NONE', #482, #5338, #2912 ) ;
#1501 = EDGE_CURVE ( 'NONE', #5618, #4751, #6115, .T. ) ;
#1502 = COLOUR_RGB ( '',0.9686274509803921600, 0.8784313725490196000, 0.5999999999999999800 ) ;
#1503 = APPLICATION_PROTOCOL_DEFINITION ( 'draft international standard', 'automotive_design', 1998, #1462 ) ;
#1504 = VECTOR ( 'NONE', #2465, 1000.000000000000000 ) ;
#1505 = VERTEX_POINT ( 'NONE', #1443 ) ;
#1506 = PLANE ( 'NONE',  #4364 ) ;
#1507 = VERTEX_POINT ( 'NONE', #3840 ) ;
#1508 = ORIENTED_EDGE ( 'NONE', *, *, #935, .F. ) ;
#1509 = LINE ( 'NONE', #2816, #5209 ) ;
#1510 = ADVANCED_FACE ( 'NONE', ( #2721 ), #4752, .T. ) ;
#1511 = ORIENTED_EDGE ( 'NONE', *, *, #1180, .F. ) ;
#1512 = CARTESIAN_POINT ( 'NONE',  ( 0.9500000000000011800, 1.025000000000000100, -1.774999999999998800 ) ) ;
#1513 = FACE_OUTER_BOUND ( 'NONE', #5250, .T. ) ;
#1514 = DIRECTION ( 'NONE',  ( 2.168404344971007900E-016, -1.000000000000000000, 0.0000000000000000000 ) ) ;
#1515 = DIRECTION ( 'NONE',  ( 1.000000000000000000, 1.458100904399333800E-016, 0.0000000000000000000 ) ) ;
#1516 = ORIENTED_EDGE ( 'NONE', *, *, #1168, .F. ) ;
#1517 = DIRECTION ( 'NONE',  ( 1.000000000000000000, 1.458100904399333800E-016, 0.0000000000000000000 ) ) ;
#1518 = ORIENTED_EDGE ( 'NONE', *, *, #5781, .T. ) ;
#1519 = ORIENTED_EDGE ( 'NONE', *, *, #449, .F. ) ;
#1520 = DIRECTION ( 'NONE',  ( 1.458100904399333800E-016, -1.000000000000000000, 0.0000000000000000000 ) ) ;
#1521 = EDGE_CURVE ( 'NONE', #4313, #423, #2260, .T. ) ;
#1522 = VECTOR ( 'NONE', #5028, 1000.000000000000000 ) ;
#1523 = VERTEX_POINT ( 'NONE', #1420 ) ;
#1524 = VERTEX_POINT ( 'NONE', #5274 ) ;
#1525 = DIRECTION ( 'NONE',  ( 1.458100904399333800E-016, -1.000000000000000000, -0.0000000000000000000 ) ) ;
#1526 = DIRECTION ( 'NONE',  ( -1.000000000000000000, -1.458100904399333800E-016, 0.0000000000000000000 ) ) ;
#1527 = ORIENTED_EDGE ( 'NONE', *, *, #2674, .F. ) ;
#1528 = CARTESIAN_POINT ( 'NONE',  ( 5.204999999999999200, 1.125000000000000900, -3.775000000000000400 ) ) ;
#1529 = ORIENTED_EDGE ( 'NONE', *, *, #4784, .T. ) ;
#1530 = ORIENTED_EDGE ( 'NONE', *, *, #5677, .F. ) ;
#1531 = VECTOR ( 'NONE', #2115, 1000.000000000000000 ) ;
#1532 = ORIENTED_EDGE ( 'NONE', *, *, #1857, .F. ) ;
#1533 = CARTESIAN_POINT ( 'NONE',  ( -2.220000000000003300, 1.524999999999999700, -3.924999999999999800 ) ) ;
#1534 = AXIS2_PLACEMENT_3D ( 'NONE', #1050, #3864, #73 ) ;
#1535 = DIRECTION ( 'NONE',  ( -1.458100904399333800E-016, 1.000000000000000000, 0.0000000000000000000 ) ) ;
#1536 = FACE_OUTER_BOUND ( 'NONE', #4448, .T. ) ;
#1537 = DIRECTION ( 'NONE',  ( -1.458100904399333800E-016, 1.000000000000000000, 0.0000000000000000000 ) ) ;
#1538 = ORIENTED_EDGE ( 'NONE', *, *, #2176, .F. ) ;
#1539 = CARTESIAN_POINT ( 'NONE',  ( 0.9500000000000011800, 1.403215706815879300, -1.447963489625751400 ) ) ;
#1540 = EDGE_CURVE ( 'NONE', #1179, #2715, #5140, .T. ) ;
#1541 = LINE ( 'NONE', #1212, #6058 ) ;
#1542 = CARTESIAN_POINT ( 'NONE',  ( -2.894999999999998200, 1.124999999999999600, -10.02500000000000000 ) ) ;
#1543 = DIRECTION ( 'NONE',  ( 1.458100904399333800E-016, -1.000000000000000000, -0.0000000000000000000 ) ) ;
#1544 = ADVANCED_FACE ( 'NONE', ( #3850 ), #6241, .F. ) ;
#1545 = ORIENTED_EDGE ( 'NONE', *, *, #5182, .F. ) ;
#1546 = DIRECTION ( 'NONE',  ( 1.000000000000000000, 1.458100904399333800E-016, -4.565061778886334000E-016 ) ) ;
#1547 = AXIS2_PLACEMENT_3D ( 'NONE', #87, #5828, #5368 ) ;
#1548 = DIRECTION ( 'NONE',  ( -1.000000000000000000, -1.458100904399333800E-016, 0.0000000000000000000 ) ) ;
#1549 = ORIENTED_EDGE ( 'NONE', *, *, #1262, .F. ) ;
#1550 = DIRECTION ( 'NONE',  ( 1.458100904399333800E-016, -1.000000000000000000, -0.0000000000000000000 ) ) ;
#1551 = EDGE_CURVE ( 'NONE', #3288, #1142, #2108, .T. ) ;
#1552 = DIRECTION ( 'NONE',  ( 1.458100904399333800E-016, -1.000000000000000000, -0.0000000000000000000 ) ) ;
#1553 = LINE ( 'NONE', #2052, #2977 ) ;
#1554 = EDGE_CURVE ( 'NONE', #5792, #3487, #3780, .T. ) ;
#1555 = EDGE_LOOP ( 'NONE', ( #5950, #1809, #776, #5486 ) ) ;
#1556 = CARTESIAN_POINT ( 'NONE',  ( 4.129999999999999900, 1.825000000000000600, -3.774999999999999000 ) ) ;
#1557 = ORIENTED_EDGE ( 'NONE', *, *, #3089, .T. ) ;
#1558 = DIRECTION ( 'NONE',  ( 0.0000000000000000000, -1.000000000000000000, 0.0000000000000000000 ) ) ;
#1559 = LINE ( 'NONE', #5378, #1858 ) ;
#1560 = ORIENTED_EDGE ( 'NONE', *, *, #4198, .T. ) ;
#1561 = DIRECTION ( 'NONE',  ( 1.000000000000000000, 1.458100904399333800E-016, 0.0000000000000000000 ) ) ;
#1562 = EDGE_CURVE ( 'NONE', #1360, #3248, #982, .T. ) ;
#1563 = VECTOR ( 'NONE', #3043, 1000.000000000000000 ) ;
#1564 = CARTESIAN_POINT ( 'NONE',  ( 3.490000000000000200, 1.025000000000000600, 0.2250000000000012500 ) ) ;
#1565 = LINE ( 'NONE', #1656, #1791 ) ;
#1566 = ORIENTED_EDGE ( 'NONE', *, *, #5595, .T. ) ;
#1567 = PLANE ( 'NONE',  #5777 ) ;
#1568 = VECTOR ( 'NONE', #2027, 1000.000000000000000 ) ;
#1569 = VECTOR ( 'NONE', #4238, 1000.000000000000000 ) ;
#1570 = LINE ( 'NONE', #1936, #5863 ) ;
#1571 = DIRECTION ( 'NONE',  ( -0.0000000000000000000, -0.0000000000000000000, 1.000000000000000000 ) ) ;
#1572 = LINE ( 'NONE', #3383, #3669 ) ;
#1573 = SURFACE_STYLE_USAGE ( .BOTH. , #4904 ) ;
#1574 = EDGE_CURVE ( 'NONE', #6087, #329, #3696, .T. ) ;
#1575 = CARTESIAN_POINT ( 'NONE',  ( 2.859999999999998100, 1.125000000000000400, -3.924999999999999800 ) ) ;
#1576 = CARTESIAN_POINT ( 'NONE',  ( -0.9499999999999995100, 1.004999999999999900, -2.975000000000000100 ) ) ;
#1577 = ORIENTED_EDGE ( 'NONE', *, *, #1063, .T. ) ;
#1578 = LINE ( 'NONE', #2129, #2094 ) ;
#1579 = AXIS2_PLACEMENT_3D ( 'NONE', #4554, #653, #4064 ) ;
#1580 = VECTOR ( 'NONE', #5064, 1000.000000000000000 ) ;
#1581 = CARTESIAN_POINT ( 'NONE',  ( -4.510000000000003300, 1.524999999999999500, -3.924999999999999800 ) ) ;
#1582 = EDGE_LOOP ( 'NONE', ( #3128, #6112, #3699, #2029, #5384, #647 ) ) ;
#1583 = DIRECTION ( 'NONE',  ( 0.0000000000000000000, 0.0000000000000000000, -1.000000000000000000 ) ) ;
#1584 = DIRECTION ( 'NONE',  ( 0.0000000000000000000, 0.0000000000000000000, -1.000000000000000000 ) ) ;
#1585 = VERTEX_POINT ( 'NONE', #1979 ) ;
#1586 = CIRCLE ( 'NONE', #5100, 1.600000000000000800 ) ;
#1587 = EDGE_LOOP ( 'NONE', ( #501, #4727, #3704, #2566 ) ) ;
#1588 = LINE ( 'NONE', #1675, #1367 ) ;
#1589 = ORIENTED_EDGE ( 'NONE', *, *, #2458, .F. ) ;
#1590 = EDGE_CURVE ( 'NONE', #5495, #5991, #1214, .T. ) ;
#1591 = VERTEX_POINT ( 'NONE', #3455 ) ;
#1592 = VERTEX_POINT ( 'NONE', #2483 ) ;
#1593 = VECTOR ( 'NONE', #289, 1000.000000000000000 ) ;
#1594 = VECTOR ( 'NONE', #3603, 1000.000000000000000 ) ;
#1595 = DIRECTION ( 'NONE',  ( 1.000000000000000000, 0.0000000000000000000, 0.0000000000000000000 ) ) ;
#1596 = EDGE_CURVE ( 'NONE', #4116, #4464, #1738, .T. ) ;
#1597 = ORIENTED_EDGE ( 'NONE', *, *, #4620, .T. ) ;
#1598 = AXIS2_PLACEMENT_3D ( 'NONE', #5982, #5580, #3580 ) ;
#1599 = CARTESIAN_POINT ( 'NONE',  ( 1.150000000000001700, 0.4000000000000008500, 0.4250000000000000400 ) ) ;
#1600 = DIRECTION ( 'NONE',  ( 1.000000000000000000, 1.458100904399333800E-016, 0.0000000000000000000 ) ) ;
#1601 = ORIENTED_EDGE ( 'NONE', *, *, #4705, .F. ) ;
#1602 = ORIENTED_EDGE ( 'NONE', *, *, #5038, .F. ) ;
#1603 = EDGE_CURVE ( 'NONE', #2406, #2062, #3402, .T. ) ;
#1604 = VERTEX_POINT ( 'NONE', #4933 ) ;
#1605 = CARTESIAN_POINT ( 'NONE',  ( -4.129999999999998100, 1.004999999999999400, -2.975000000000000100 ) ) ;
#1606 = CARTESIAN_POINT ( 'NONE',  ( 4.510000000000001600, 1.525000000000000800, -3.924999999999999800 ) ) ;
#1607 = CARTESIAN_POINT ( 'NONE',  ( -1.619946693304737100, 1.524999999999999700, -5.231108342253048900 ) ) ;
#1608 = DIRECTION ( 'NONE',  ( 0.0000000000000000000, 0.0000000000000000000, -1.000000000000000000 ) ) ;
#1609 = VERTEX_POINT ( 'NONE', #620 ) ;
#1610 = ADVANCED_FACE ( 'NONE', ( #5653 ), #2040, .T. ) ;
#1611 = VECTOR ( 'NONE', #3296, 1000.000000000000000 ) ;
#1612 = CARTESIAN_POINT ( 'NONE',  ( 3.490000000000000200, 0.1217842931841221600, -0.5775484784178112100 ) ) ;
#1614 = EDGE_CURVE ( 'NONE', #4747, #1609, #918, .T. ) ;
#1613 = VECTOR ( 'NONE', #4113, 1000.000000000000000 ) ;
#1615 = CARTESIAN_POINT ( 'NONE',  ( 0.9500000000000011800, 1.403215706815879300, -1.447963489625751400 ) ) ;
#1616 = AXIS2_PLACEMENT_3D ( 'NONE', #361, #4234, #5682 ) ;
#1617 = CARTESIAN_POINT ( 'NONE',  ( -4.129999999999998100, 1.024999999999999500, -1.775000000000000600 ) ) ;
#1618 = ADVANCED_FACE ( 'NONE', ( #1136 ), #3920, .F. ) ;
#1619 = ORIENTED_EDGE ( 'NONE', *, *, #373, .T. ) ;
#1620 = CARTESIAN_POINT ( 'NONE',  ( -4.129999999999998100, 0.5000000000000000000, -0.2505119680435638500 ) ) ;
#1621 = CARTESIAN_POINT ( 'NONE',  ( -3.490000000000000200, 1.100643141363175200, -1.709592697925149200 ) ) ;
#1622 = EDGE_LOOP ( 'NONE', ( #2038, #4919, #4097, #3502, #1465, #2270, #2232, #125 ) ) ;
#1623 = DIRECTION ( 'NONE',  ( 9.537044630965833600E-017, -0.6540730207484939400, 0.7564314136317582500 ) ) ;
#1624 = DIRECTION ( 'NONE',  ( -1.458100904399333800E-016, 1.000000000000000000, 0.0000000000000000000 ) ) ;
#1625 = CARTESIAN_POINT ( 'NONE',  ( 5.204999999999999200, 0.8250000000000007300, -2.975000000000000100 ) ) ;
#1626 = DIRECTION ( 'NONE',  ( 1.000000000000000000, 1.458100904399333800E-016, -0.0000000000000000000 ) ) ;
#1627 = ORIENTED_EDGE ( 'NONE', *, *, #2877, .F. ) ;
#1628 = ORIENTED_EDGE ( 'NONE', *, *, #6159, .F. ) ;
#1629 = DIRECTION ( 'NONE',  ( 1.000000000000000000, 0.0000000000000000000, 0.0000000000000000000 ) ) ;
#1630 = AXIS2_PLACEMENT_3D ( 'NONE', #5542, #6033, #4120 ) ;
#1631 = LINE ( 'NONE', #4354, #3370 ) ;
#1632 = ORIENTED_EDGE ( 'NONE', *, *, #1434, .F. ) ;
#1633 = CARTESIAN_POINT ( 'NONE',  ( 3.490000000000000200, 1.125000000000000700, -2.975000000000000100 ) ) ;
#1634 = EDGE_CURVE ( 'NONE', #5073, #4162, #4449, .T. ) ;
#1635 = VECTOR ( 'NONE', #2576, 1000.000000000000100 ) ;
#1636 = DIRECTION ( 'NONE',  ( 0.5773502691896268400, 0.5773502691896265100, 0.5773502691896238400 ) ) ;
#1637 = ORIENTED_EDGE ( 'NONE', *, *, #1150, .F. ) ;
#1638 = CARTESIAN_POINT ( 'NONE',  ( -1.589999999999997600, 0.1217842931841212900, -0.5775484784178112100 ) ) ;
#1639 = DIRECTION ( 'NONE',  ( 1.000000000000000000, 1.458100904399333800E-016, 0.0000000000000000000 ) ) ;
#1640 = VECTOR ( 'NONE', #3266, 1000.000000000000000 ) ;
#1641 = DIRECTION ( 'NONE',  ( -1.458100904399333800E-016, 1.000000000000000000, -0.0000000000000000000 ) ) ;
#1642 = PLANE ( 'NONE',  #4102 ) ;
#1643 = FACE_OUTER_BOUND ( 'NONE', #3884, .T. ) ;
#1644 = ORIENTED_EDGE ( 'NONE', *, *, #1787, .F. ) ;
#1645 = ADVANCED_FACE ( 'NONE', ( #5955 ), #4305, .T. ) ;
#1646 = CARTESIAN_POINT ( 'NONE',  ( 0.9500000000000011800, 1.005000000000000300, -2.975000000000000100 ) ) ;
#1647 = VECTOR ( 'NONE', #1287, 1000.000000000000000 ) ;
#1648 = CARTESIAN_POINT ( 'NONE',  ( 3.809999999999999200, 1.525000000000000600, -5.225000000000002300 ) ) ;
#1649 = LINE ( 'NONE', #3118, #3000 ) ;
#1650 = AXIS2_PLACEMENT_3D ( 'NONE', #4581, #5086, #4606 ) ;
#1651 = VECTOR ( 'NONE', #507, 1000.000000000000000 ) ;
#1652 = DIRECTION ( 'NONE',  ( -1.000000000000000000, -1.458100904399333800E-016, 0.0000000000000000000 ) ) ;
#1653 = VECTOR ( 'NONE', #995, 1000.000000000000000 ) ;
#1654 = EDGE_CURVE ( 'NONE', #1179, #4162, #5583, .T. ) ;
#1655 = EDGE_CURVE ( 'NONE', #3095, #837, #464, .T. ) ;
#1656 = CARTESIAN_POINT ( 'NONE',  ( -2.859999999999998100, 1.124999999999999600, -6.625000000000000900 ) ) ;
#1657 = ORIENTED_EDGE ( 'NONE', *, *, #1021, .T. ) ;
#1658 = CARTESIAN_POINT ( 'NONE',  ( 3.490000000000000200, 1.645000000000000500, -3.774999999999999000 ) ) ;
#1659 = ORIENTED_EDGE ( 'NONE', *, *, #1551, .T. ) ;
#1660 = AXIS2_PLACEMENT_3D ( 'NONE', #4412, #5405, #2995 ) ;
#1661 = EDGE_LOOP ( 'NONE', ( #2607, #2543, #3007, #1204 ) ) ;
#1662 = FACE_OUTER_BOUND ( 'NONE', #4757, .T. ) ;
#1663 = VERTEX_POINT ( 'NONE', #2056 ) ;
#1664 = CIRCLE ( 'NONE', #1950, 1.599999999999999900 ) ;
#1665 = CARTESIAN_POINT ( 'NONE',  ( 5.204999999999999200, 1.525000000000000800, -3.775000000000000400 ) ) ;
#1666 = ORIENTED_EDGE ( 'NONE', *, *, #2754, .T. ) ;
#1667 = AXIS2_PLACEMENT_3D ( 'NONE', #797, #656, #3019 ) ;
#1668 = EDGE_LOOP ( 'NONE', ( #2784, #2500, #4592, #4044 ) ) ;
#1669 = CARTESIAN_POINT ( 'NONE',  ( 4.129999999999999900, 1.005000000000000600, -2.975000000000000100 ) ) ;
#1670 = ORIENTED_EDGE ( 'NONE', *, *, #5309, .T. ) ;
#1671 = EDGE_CURVE ( 'NONE', #2344, #2155, #621, .T. ) ;
#1672 = DIRECTION ( 'NONE',  ( -1.458100904399333800E-016, 1.000000000000000000, 0.0000000000000000000 ) ) ;
#1673 = ORIENTED_EDGE ( 'NONE', *, *, #6228, .T. ) ;
#1674 = ORIENTED_EDGE ( 'NONE', *, *, #3330, .T. ) ;
#1675 = CARTESIAN_POINT ( 'NONE',  ( 0.3199999999999974000, 1.525000000000000100, -3.924999999999999800 ) ) ;
#1676 = EDGE_CURVE ( 'NONE', #3150, #3437, #4298, .T. ) ;
#1677 = AXIS2_PLACEMENT_3D ( 'NONE', #848, #867, #4195 ) ;
#1678 = ORIENTED_EDGE ( 'NONE', *, *, #5914, .F. ) ;
#1679 = ORIENTED_EDGE ( 'NONE', *, *, #5973, .F. ) ;
#1680 = VECTOR ( 'NONE', #5507, 1000.000000000000000 ) ;
#1681 = CARTESIAN_POINT ( 'NONE',  ( 3.490000000000000200, 1.100643141363176300, -1.709592697925149200 ) ) ;
#1682 = ADVANCED_FACE ( 'NONE', ( #1662 ), #5913, .T. ) ;
#1683 = EDGE_LOOP ( 'NONE', ( #4946, #1065, #2649, #5230 ) ) ;
#1684 = CARTESIAN_POINT ( 'NONE',  ( 1.970000000000003100, 1.125000000000000400, -3.674999999999999400 ) ) ;
#1685 = EDGE_CURVE ( 'NONE', #2225, #1967, #762, .T. ) ;
#1686 = CARTESIAN_POINT ( 'NONE',  ( 0.3200000000000008400, 1.525000000000000100, -3.774999999999999000 ) ) ;
#1687 = LINE ( 'NONE', #5547, #256 ) ;
#1688 = DIRECTION ( 'NONE',  ( 1.458100904399333800E-016, -1.000000000000000000, -0.0000000000000000000 ) ) ;
#1689 = CARTESIAN_POINT ( 'NONE',  ( 0.0000000000000000000, 1.125000000000000000, -2.975000000000000100 ) ) ;
#1690 = DIRECTION ( 'NONE',  ( 1.458100904399333800E-016, -1.000000000000000000, 0.0000000000000000000 ) ) ;
#1691 = LINE ( 'NONE', #5497, #3499 ) ;
#1692 = CARTESIAN_POINT ( 'NONE',  ( 0.0000000000000000000, 2.045000000000000800, -11.47500000000000100 ) ) ;
#1693 = CARTESIAN_POINT ( 'NONE',  ( 3.109999999999996300, 1.525000000000000600, -3.924999999999999800 ) ) ;
#1694 = EDGE_CURVE ( 'NONE', #2898, #23, #83, .T. ) ;
#1695 = VERTEX_POINT ( 'NONE', #4994 ) ;
#1696 = CARTESIAN_POINT ( 'NONE',  ( 2.220000000000003300, 1.525000000000000600, -6.625000000000000900 ) ) ;
#1697 = CARTESIAN_POINT ( 'NONE',  ( -4.510000000000003300, 1.124999999999999300, -3.674999999999999400 ) ) ;
#1698 = DIRECTION ( 'NONE',  ( -1.000000000000000000, -1.458100904399333800E-016, 0.0000000000000000000 ) ) ;
#1699 = PLANE ( 'NONE',  #2374 ) ;
#1700 = VERTEX_POINT ( 'NONE', #4545 ) ;
#1701 = EDGE_CURVE ( 'NONE', #2762, #2673, #1883, .T. ) ;
#1702 = PLANE ( 'NONE',  #244 ) ;
#1703 = CARTESIAN_POINT ( 'NONE',  ( -4.129999999999998100, 1.644999999999999400, -3.775000000000000400 ) ) ;
#1704 = DIRECTION ( 'NONE',  ( 1.000000000000000000, 1.501062806046814100E-015, 0.0000000000000000000 ) ) ;
#1705 = FACE_OUTER_BOUND ( 'NONE', #21, .T. ) ;
#1706 = EDGE_CURVE ( 'NONE', #4573, #3125, #2560, .T. ) ;
#1707 = ADVANCED_FACE ( 'NONE', ( #231 ), #3612, .F. ) ;
#1708 = CARTESIAN_POINT ( 'NONE',  ( 1.590000000000001200, 1.525000000000000400, -3.674999999999999400 ) ) ;
#1709 = AXIS2_PLACEMENT_3D ( 'NONE', #4235, #1348, #2247 ) ;
#1710 = ORIENTED_EDGE ( 'NONE', *, *, #3443, .T. ) ;
#1711 = PLANE ( 'NONE',  #3241 ) ;
#1712 = LINE ( 'NONE', #5705, #3904 ) ;
#1713 = ORIENTED_EDGE ( 'NONE', *, *, #522, .F. ) ;
#1714 = PLANE ( 'NONE',  #4683 ) ;
#1715 = EDGE_CURVE ( 'NONE', #1892, #2225, #4227, .T. ) ;
#1716 = FACE_OUTER_BOUND ( 'NONE', #5442, .T. ) ;
#1717 = LINE ( 'NONE', #3855, #1421 ) ;
#1718 = CARTESIAN_POINT ( 'NONE',  ( 0.0000000000000000000, 1.325000000000000000, -2.975000000000000100 ) ) ;
#1719 = FACE_OUTER_BOUND ( 'NONE', #949, .T. ) ;
#1720 = CARTESIAN_POINT ( 'NONE',  ( 4.129999999999999900, 1.125000000000000700, -2.975000000000000100 ) ) ;
#1721 = VECTOR ( 'NONE', #4035, 1000.000000000000000 ) ;
#1722 = CIRCLE ( 'NONE', #979, 0.1000000000000000500 ) ;
#1723 = ORIENTED_EDGE ( 'NONE', *, *, #1240, .T. ) ;
#1724 = CARTESIAN_POINT ( 'NONE',  ( -0.9828682629467004900, 1.524999999999999900, -8.829774775735726800 ) ) ;
#1725 = VERTEX_POINT ( 'NONE', #3559 ) ;
#1726 = CIRCLE ( 'NONE', #342, 0.2000000000000000900 ) ;
#1727 = EDGE_LOOP ( 'NONE', ( #2450, #354, #1811, #4600, #958, #5235, #4214, #4811 ) ) ;
#1728 = CARTESIAN_POINT ( 'NONE',  ( 3.460053306695264100, 1.125000000000000700, -5.231108342253052400 ) ) ;
#1729 = AXIS2_PLACEMENT_3D ( 'NONE', #3148, #4603, #324 ) ;
#1730 = FACE_OUTER_BOUND ( 'NONE', #1134, .T. ) ;
#1731 = DIRECTION ( 'NONE',  ( -0.9998476951563912700, -1.457878828569123600E-016, -0.01745240643728365000 ) ) ;
#1732 = ADVANCED_FACE ( 'NONE', ( #3316 ), #254, .T. ) ;
#1733 = ORIENTED_EDGE ( 'NONE', *, *, #640, .T. ) ;
#1734 = ORIENTED_EDGE ( 'NONE', *, *, #3973, .F. ) ;
#1735 = ORIENTED_EDGE ( 'NONE', *, *, #5393, .F. ) ;
#1736 = PLANE ( 'NONE',  #2746 ) ;
#1737 = EDGE_LOOP ( 'NONE', ( #413, #4300, #2838, #3784 ) ) ;
#1738 = LINE ( 'NONE', #71, #4522 ) ;
#1739 = DIRECTION ( 'NONE',  ( 1.000000000000000000, 1.458100904399333800E-016, 1.548860246407857400E-016 ) ) ;
#1740 = FACE_OUTER_BOUND ( 'NONE', #1156, .T. ) ;
#1741 = ADVANCED_FACE ( 'NONE', ( #3928 ), #5056, .F. ) ;
#1742 = ORIENTED_EDGE ( 'NONE', *, *, #6238, .F. ) ;
#1743 = DIRECTION ( 'NONE',  ( -1.000000000000000000, -6.110679571450340000E-017, 0.0000000000000000000 ) ) ;
#1744 = DIRECTION ( 'NONE',  ( 1.000000000000000000, 2.465190328815661900E-032, 0.0000000000000000000 ) ) ;
#1745 = ORIENTED_EDGE ( 'NONE', *, *, #2558, .T. ) ;
#1746 = PLANE ( 'NONE',  #5444 ) ;
#1747 = DIRECTION ( 'NONE',  ( -0.01029357226245760300, -1.500906702538933000E-018, -0.9999470197815869500 ) ) ;
#1748 = ORIENTED_EDGE ( 'NONE', *, *, #4084, .T. ) ;
#1749 = AXIS2_PLACEMENT_3D ( 'NONE', #1341, #5714, #877 ) ;
#1750 = ORIENTED_EDGE ( 'NONE', *, *, #113, .T. ) ;
#1751 = ORIENTED_EDGE ( 'NONE', *, *, #4578, .F. ) ;
#1752 = CARTESIAN_POINT ( 'NONE',  ( -3.089999999999999000, 0.6049999999999984300, -11.47500000000000100 ) ) ;
#1753 = DIRECTION ( 'NONE',  ( 0.01745240643728364700, 2.544736961014804200E-018, -0.9998476951563911600 ) ) ;
#1754 = EDGE_CURVE ( 'NONE', #6187, #1412, #2710, .T. ) ;
#1755 = VECTOR ( 'NONE', #901, 1000.000000000000000 ) ;
#1756 = DIRECTION ( 'NONE',  ( 0.0000000000000000000, -1.000000000000000000, 0.0000000000000000000 ) ) ;
#1757 = ORIENTED_EDGE ( 'NONE', *, *, #1364, .T. ) ;
#1758 = LINE ( 'NONE', #2555, #4626 ) ;
#1759 = VECTOR ( 'NONE', #1138, 1000.000000000000000 ) ;
#1760 = CARTESIAN_POINT ( 'NONE',  ( 2.220000000000003300, 1.525000000000000400, -3.924999999999999800 ) ) ;
#1761 = PLANE ( 'NONE',  #4971 ) ;
#1762 = ADVANCED_FACE ( 'NONE', ( #909 ), #4031, .T. ) ;
#1763 = CARTESIAN_POINT ( 'NONE',  ( 3.490000000000000200, 1.005000000000000600, -3.774999999999999000 ) ) ;
#1764 = VERTEX_POINT ( 'NONE', #1621 ) ;
#1765 = DIRECTION ( 'NONE',  ( 1.000000000000000000, 0.0000000000000000000, 0.0000000000000000000 ) ) ;
#1766 = DIRECTION ( 'NONE',  ( 1.458100904399333800E-016, -1.000000000000000000, 0.0000000000000000000 ) ) ;
#1767 = LINE ( 'NONE', #4867, #5310 ) ;
#1768 = CARTESIAN_POINT ( 'NONE',  ( -0.5699999999999976200, 1.125000000000000000, -3.924999999999999800 ) ) ;
#1769 = AXIS2_PLACEMENT_3D ( 'NONE', #2505, #4930, #2998 ) ;
#1770 = DIRECTION ( 'NONE',  ( -1.458100904399333800E-016, 1.000000000000000000, 0.0000000000000000000 ) ) ;
#1771 = LINE ( 'NONE', #5406, #5175 ) ;
#1772 = EDGE_CURVE ( 'NONE', #4862, #4341, #3771, .T. ) ;
#1773 = VERTEX_POINT ( 'NONE', #2096 ) ;
#1774 = CLOSED_SHELL ( 'NONE', ( #4029, #1645, #352, #2689, #5467, #5496, #2567, #3216, #3851, #4575, #3061, #3816, #4830, #4147, #439, #3597, #4508, #1418, #5558, #2118, #5681, #3573, #1610, #6160, #2896, #2489, #227, #4631, #6249, #3348 ) ) ;
#1775 = CARTESIAN_POINT ( 'NONE',  ( -0.5499999999999983800, 0.6049999999999987600, -11.47500000000000100 ) ) ;
#1776 = AXIS2_PLACEMENT_3D ( 'NONE', #26, #1429, #512 ) ;
#1777 = DIRECTION ( 'NONE',  ( -0.0000000000000000000, -0.0000000000000000000, 1.000000000000000000 ) ) ;
#1778 = VECTOR ( 'NONE', #2883, 1000.000000000000000 ) ;
#1779 = CARTESIAN_POINT ( 'NONE',  ( 4.510000000000001600, 1.125000000000000700, -3.924999999999999800 ) ) ;
#1780 = VERTEX_POINT ( 'NONE', #1638 ) ;
#1781 = AXIS2_PLACEMENT_3D ( 'NONE', #1006, #3431, #1514 ) ;
#1782 = CARTESIAN_POINT ( 'NONE',  ( 3.490000000000000200, 1.005000000000000600, -2.975000000000000100 ) ) ;
#1783 = EDGE_CURVE ( 'NONE', #5224, #2866, #5354, .T. ) ;
#1784 = DIRECTION ( 'NONE',  ( 1.000000000000000000, 6.110679571450328900E-017, 0.0000000000000000000 ) ) ;
#1785 = EDGE_LOOP ( 'NONE', ( #210, #6047, #345, #4409 ) ) ;
#1786 = DIRECTION ( 'NONE',  ( 0.5773502691896266200, -0.5773502691896264000, 0.5773502691896241800 ) ) ;
#1787 = EDGE_CURVE ( 'NONE', #2659, #4832, #2183, .T. ) ;
#1788 = ORIENTED_EDGE ( 'NONE', *, *, #1127, .F. ) ;
#1789 = AXIS2_PLACEMENT_3D ( 'NONE', #1043, #1537, #3530 ) ;
#1790 = LINE ( 'NONE', #2092, #2019 ) ;
#1791 = VECTOR ( 'NONE', #4006, 1000.000000000000100 ) ;
#1792 = VERTEX_POINT ( 'NONE', #230 ) ;
#1793 = DIRECTION ( 'NONE',  ( 1.000000000000000000, 1.458100904399333800E-016, -4.565061778886334000E-016 ) ) ;
#1794 = FACE_OUTER_BOUND ( 'NONE', #802, .T. ) ;
#1795 = CARTESIAN_POINT ( 'NONE',  ( -1.619999999999999900, 1.524999999999999700, -5.225000000000002300 ) ) ;
#1796 = ADVANCED_FACE ( 'NONE', ( #5875 ), #4560, .F. ) ;
#1797 = ORIENTED_EDGE ( 'NONE', *, *, #1800, .F. ) ;
#1798 = LINE ( 'NONE', #828, #4656 ) ;
#1799 = CIRCLE ( 'NONE', #3979, 0.1000000000000000500 ) ;
#1800 = EDGE_CURVE ( 'NONE', #4313, #1129, #3686, .T. ) ;
#1801 = FILL_AREA_STYLE ('',( #5400 ) ) ;
#1802 = DIRECTION ( 'NONE',  ( 1.000000000000000000, 1.458100904399333800E-016, -0.0000000000000000000 ) ) ;
#1803 = LINE ( 'NONE', #6101, #6022 ) ;
#1804 = VECTOR ( 'NONE', #2818, 1000.000000000000000 ) ;
#1805 = CARTESIAN_POINT ( 'NONE',  ( 2.220000000000001500, 1.125000000000000400, -10.77500000000000200 ) ) ;
#1806 = ORIENTED_EDGE ( 'NONE', *, *, #1266, .F. ) ;
#1807 = DIRECTION ( 'NONE',  ( 1.000000000000000000, 1.458100904399333800E-016, -4.565061778886334000E-016 ) ) ;
#1808 = PLANE ( 'NONE',  #1268 ) ;
#1809 = ORIENTED_EDGE ( 'NONE', *, *, #1540, .T. ) ;
#1810 = DIRECTION ( 'NONE',  ( -1.458100904399333800E-016, 1.000000000000000000, 0.0000000000000000000 ) ) ;
#1811 = ORIENTED_EDGE ( 'NONE', *, *, #5024, .T. ) ;
#1812 = VECTOR ( 'NONE', #1802, 1000.000000000000000 ) ;
#1813 = ORIENTED_EDGE ( 'NONE', *, *, #809, .F. ) ;
#1814 = CIRCLE ( 'NONE', #4942, 0.2000000000000000900 ) ;
#1815 = EDGE_CURVE ( 'NONE', #246, #2648, #5057, .T. ) ;
#1816 = ORIENTED_EDGE ( 'NONE', *, *, #4778, .F. ) ;
#1817 = EDGE_LOOP ( 'NONE', ( #977, #2075, #5363, #3420 ) ) ;
#1818 = CARTESIAN_POINT ( 'NONE',  ( -0.6152777744162542000, 1.125000000000000000, -8.752773196134491200 ) ) ;
#1819 = VERTEX_POINT ( 'NONE', #5551 ) ;
#1820 = VERTEX_POINT ( 'NONE', #5116 ) ;
#1821 = ORIENTED_EDGE ( 'NONE', *, *, #3571, .T. ) ;
#1822 = DIRECTION ( 'NONE',  ( -1.458100904399333800E-016, 1.000000000000000000, 0.0000000000000000000 ) ) ;
#1823 = DIRECTION ( 'NONE',  ( 0.01745240643728292200, 2.544736961014698300E-018, 0.9998476951563912700 ) ) ;
#1824 = EDGE_CURVE ( 'NONE', #5189, #1132, #4441, .T. ) ;
#1825 = EDGE_LOOP ( 'NONE', ( #3818, #1448, #5887, #5314 ) ) ;
#1826 = ORIENTED_EDGE ( 'NONE', *, *, #5544, .T. ) ;
#1827 = CARTESIAN_POINT ( 'NONE',  ( -3.490000000000000200, 1.644999999999999600, -11.07499999999999900 ) ) ;
#1828 = ADVANCED_FACE ( 'NONE', ( #2862 ), #3006, .T. ) ;
#1829 = LINE ( 'NONE', #5969, #930 ) ;
#1830 = DIRECTION ( 'NONE',  ( -0.0000000000000000000, -0.0000000000000000000, 1.000000000000000000 ) ) ;
#1831 = DIRECTION ( 'NONE',  ( -0.0000000000000000000, -0.0000000000000000000, 1.000000000000000000 ) ) ;
#1832 = VERTEX_POINT ( 'NONE', #2264 ) ;
#1833 = DIRECTION ( 'NONE',  ( 0.0000000000000000000, 0.0000000000000000000, -1.000000000000000000 ) ) ;
#1834 = CARTESIAN_POINT ( 'NONE',  ( -3.810000000000000900, 1.524999999999999500, -5.225000000000002300 ) ) ;
#1835 = VECTOR ( 'NONE', #3726, 1000.000000000000000 ) ;
#1836 = CARTESIAN_POINT ( 'NONE',  ( 4.129999999999999900, 1.125000000000000700, -3.674999999999999400 ) ) ;
#1837 = DIRECTION ( 'NONE',  ( -1.606225440719265900E-016, -2.342038767781980200E-032, -1.000000000000000000 ) ) ;
#1838 = EDGE_CURVE ( 'NONE', #270, #53, #2786, .T. ) ;
#1839 = CIRCLE ( 'NONE', #4718, 0.2000000000000000900 ) ;
#1840 = DIRECTION ( 'NONE',  ( 1.000000000000000000, 1.458100904399333800E-016, 0.0000000000000000000 ) ) ;
#1841 = CARTESIAN_POINT ( 'NONE',  ( -3.089999999999999000, 2.045000000000000800, -11.47500000000000100 ) ) ;
#1842 = CARTESIAN_POINT ( 'NONE',  ( 0.9500000000000011800, 0.4000000000000007400, -0.2505119680435621300 ) ) ;
#1843 = CARTESIAN_POINT ( 'NONE',  ( -3.490000000000000200, 0.4243568586368243700, -0.3159192701184150300 ) ) ;
#1844 = ORIENTED_EDGE ( 'NONE', *, *, #5148, .F. ) ;
#1845 = ORIENTED_EDGE ( 'NONE', *, *, #4012, .F. ) ;
#1846 = CARTESIAN_POINT ( 'NONE',  ( -1.589999999999997600, 1.524999999999999700, -2.975000000000000100 ) ) ;
#1847 = DIRECTION ( 'NONE',  ( 1.000000000000000000, 0.0000000000000000000, 0.0000000000000000000 ) ) ;
#1848 = CARTESIAN_POINT ( 'NONE',  ( 0.9200000000000007100, 1.125000000000000200, -5.225000000000002300 ) ) ;
#1849 = DIRECTION ( 'NONE',  ( 1.000000000000000000, 0.0000000000000000000, 0.0000000000000000000 ) ) ;
#1850 = AXIS2_PLACEMENT_3D ( 'NONE', #2613, #1561, #5900 ) ;
#1851 = CIRCLE ( 'NONE', #3275, 0.1000000000000000500 ) ;
#1852 = ORIENTED_EDGE ( 'NONE', *, *, #3360, .F. ) ;
#1853 = CARTESIAN_POINT ( 'NONE',  ( 4.760000000000002500, 1.125000000000000900, -3.924999999999999800 ) ) ;
#1854 = DIRECTION ( 'NONE',  ( -1.000000000000000000, -1.458100904399333800E-016, 0.0000000000000000000 ) ) ;
#1855 = ADVANCED_FACE ( 'NONE', ( #2329 ), #1761, .T. ) ;
#1856 = EDGE_CURVE ( 'NONE', #1820, #2433, #541, .T. ) ;
#1857 = EDGE_CURVE ( 'NONE', #5724, #2752, #5574, .T. ) ;
#1858 = VECTOR ( 'NONE', #5329, 1000.000000000000000 ) ;
#1859 = VERTEX_POINT ( 'NONE', #3724 ) ;
#1860 = DIRECTION ( 'NONE',  ( -1.458100904399333800E-016, 1.000000000000000000, 0.0000000000000000000 ) ) ;
#1861 = AXIS2_PLACEMENT_3D ( 'NONE', #1842, #4269, #406 ) ;
#1862 = CARTESIAN_POINT ( 'NONE',  ( 0.9500000000000011800, 1.005000000000000300, -11.07499999999999900 ) ) ;
#1863 = DIRECTION ( 'NONE',  ( 0.0000000000000000000, -1.000000000000000000, 0.0000000000000000000 ) ) ;
#1864 = PRESENTATION_STYLE_ASSIGNMENT (( #4847 ) ) ;
#1865 = VECTOR ( 'NONE', #1255, 1000.000000000000000 ) ;
#1866 = AXIS2_PLACEMENT_3D ( 'NONE', #4426, #2066, #630 ) ;
#1867 = ORIENTED_EDGE ( 'NONE', *, *, #2686, .F. ) ;
#1868 = CARTESIAN_POINT ( 'NONE',  ( -1.970000000000003100, 1.124999999999999800, -3.674999999999999400 ) ) ;
#1869 = EDGE_CURVE ( 'NONE', #3203, #3466, #1586, .T. ) ;
#1870 = DIRECTION ( 'NONE',  ( 1.000000000000000000, 1.458100904399333800E-016, 0.0000000000000000000 ) ) ;
#1871 = PLANE ( 'NONE',  #6230 ) ;
#1872 = FACE_OUTER_BOUND ( 'NONE', #5720, .T. ) ;
#1873 = DIRECTION ( 'NONE',  ( 1.000000000000000000, 1.458100904399333800E-016, 1.548860246407857400E-016 ) ) ;
#1874 = VECTOR ( 'NONE', #4256, 1000.000000000000000 ) ;
#1875 = VECTOR ( 'NONE', #5692, 1000.000000000000000 ) ;
#1876 = EDGE_CURVE ( 'NONE', #2696, #4534, #2937, .T. ) ;
#1877 = ORIENTED_EDGE ( 'NONE', *, *, #3989, .T. ) ;
#1878 = DIRECTION ( 'NONE',  ( 1.000000000000000000, 1.458100904399333800E-016, 1.548860246407857400E-016 ) ) ;
#1879 = LINE ( 'NONE', #4439, #5488 ) ;
#1880 = ORIENTED_EDGE ( 'NONE', *, *, #1676, .T. ) ;
#1881 = ORIENTED_EDGE ( 'NONE', *, *, #2214, .F. ) ;
#1882 = CLOSED_SHELL ( 'NONE', ( #2742, #4855, #415, #3440, #4142, #508, #1393, #5159, #2627, #5027, #1510, #3663, #4602, #880, #5397, #2212, #5747, #5128, #191, #1267, #2180, #792, #3756, #199, #5707, #1985, #6095, #1481, #3725, #478 ) ) ;
#1884 = EDGE_CURVE ( 'NONE', #5473, #4440, #4001, .T. ) ;
#1883 = CIRCLE ( 'NONE', #3635, 0.2000000000000000900 ) ;
#1885 = VERTEX_POINT ( 'NONE', #2244 ) ;
#1886 = CARTESIAN_POINT ( 'NONE',  ( -4.129999999999998100, 1.124999999999999600, -10.77499999999999900 ) ) ;
#1887 = LINE ( 'NONE', #5922, #5878 ) ;
#1888 = ORIENTED_EDGE ( 'NONE', *, *, #5785, .F. ) ;
#1889 = ORIENTED_EDGE ( 'NONE', *, *, #2962, .T. ) ;
#1890 = DIRECTION ( 'NONE',  ( 1.000000000000000000, 1.458100904399333800E-016, -4.565061778886334000E-016 ) ) ;
#1891 = ORIENTED_EDGE ( 'NONE', *, *, #1395, .F. ) ;
#1892 = VERTEX_POINT ( 'NONE', #5573 ) ;
#1893 = LINE ( 'NONE', #3761, #1812 ) ;
#1894 = ADVANCED_FACE ( 'NONE', ( #6180 ), #4660, .F. ) ;
#1895 = CARTESIAN_POINT ( 'NONE',  ( -1.589999999999997600, 1.124999999999999800, -3.774999999999999000 ) ) ;
#1896 = LINE ( 'NONE', #5255, #4754 ) ;
#1897 = CARTESIAN_POINT ( 'NONE',  ( -2.220000000000003300, 1.124999999999999800, -6.625000000000000900 ) ) ;
#1898 = ORIENTED_EDGE ( 'NONE', *, *, #6009, .F. ) ;
#1899 = DIRECTION ( 'NONE',  ( 1.548860246407857400E-016, 2.258394526075472000E-032, -1.000000000000000000 ) ) ;
#1900 = VERTEX_POINT ( 'NONE', #3172 ) ;
#1901 = EDGE_CURVE ( 'NONE', #3016, #1412, #2032, .T. ) ;
#1902 = EDGE_LOOP ( 'NONE', ( #2787, #3844, #754, #3159 ) ) ;
#1903 = ORIENTED_EDGE ( 'NONE', *, *, #6038, .F. ) ;
#1904 = ORIENTED_EDGE ( 'NONE', *, *, #5048, .T. ) ;
#1905 = DIRECTION ( 'NONE',  ( 1.458100904399333800E-016, -1.000000000000000000, 0.0000000000000000000 ) ) ;
#1906 = ORIENTED_EDGE ( 'NONE', *, *, #4555, .T. ) ;
#1907 = CARTESIAN_POINT ( 'NONE',  ( -4.510000000000003300, 1.124999999999999300, -3.924999999999999800 ) ) ;
#1908 = LINE ( 'NONE', #3873, #4027 ) ;
#1909 = DIRECTION ( 'NONE',  ( 0.01745240643728340100, 2.544736961014768400E-018, 0.9998476951563911600 ) ) ;
#1910 = EDGE_CURVE ( 'NONE', #2945, #942, #3841, .T. ) ;
#1911 = CARTESIAN_POINT ( 'NONE',  ( 0.9500000000000011800, 8.673617379884037400E-016, 0.4250000000000000400 ) ) ;
#1912 = VERTEX_POINT ( 'NONE', #1259 ) ;
#1913 = CARTESIAN_POINT ( 'NONE',  ( 1.557131737053300200, 1.125000000000000200, -8.829774775735728600 ) ) ;
#1914 = VECTOR ( 'NONE', #1230, 1000.000000000000000 ) ;
#1915 = EDGE_CURVE ( 'NONE', #4388, #1931, #4973, .T. ) ;
#1916 = DIRECTION ( 'NONE',  ( 1.000000000000000000, 0.0000000000000000000, 0.0000000000000000000 ) ) ;
#1917 = VECTOR ( 'NONE', #5933, 1000.000000000000000 ) ;
#1918 = DIRECTION ( 'NONE',  ( 1.458100904399333800E-016, -1.000000000000000000, 0.0000000000000000000 ) ) ;
#1919 = STYLED_ITEM ( 'NONE', ( #5633 ), #5817 ) ;
#1920 = VERTEX_POINT ( 'NONE', #5144 ) ;
#1921 = EDGE_LOOP ( 'NONE', ( #3505, #4442, #5417, #160 ) ) ;
#1922 = DIRECTION ( 'NONE',  ( 0.01745240643728340100, 2.544736961014768400E-018, 0.9998476951563911600 ) ) ;
#1923 = CARTESIAN_POINT ( 'NONE',  ( -2.219999999999989500, 1.524999999999999700, -6.625000000002356300 ) ) ;
#1924 = EDGE_CURVE ( 'NONE', #5280, #739, #3613, .T. ) ;
#1925 = ADVANCED_FACE ( 'NONE', ( #4081 ), #1321, .F. ) ;
#1926 = ORIENTED_EDGE ( 'NONE', *, *, #956, .F. ) ;
#1927 = CARTESIAN_POINT ( 'NONE',  ( -1.389999999999998800, 1.024999999999999700, 0.2250000000000012500 ) ) ;
#1928 = FACE_OUTER_BOUND ( 'NONE', #1937, .T. ) ;
#1929 = VERTEX_POINT ( 'NONE', #2285 ) ;
#1930 = DIRECTION ( 'NONE',  ( 0.9999470197815869500, 1.458023653894950300E-016, 0.01029357226245786000 ) ) ;
#1931 = VERTEX_POINT ( 'NONE', #5680 ) ;
#1932 = DIRECTION ( 'NONE',  ( 1.458100904399333800E-016, -1.000000000000000000, 0.0000000000000000000 ) ) ;
#1933 = DIRECTION ( 'NONE',  ( 0.01745240643728364700, 2.544736961014804200E-018, -0.9998476951563911600 ) ) ;
#1934 = VECTOR ( 'NONE', #1552, 1000.000000000000000 ) ;
#1935 = EDGE_CURVE ( 'NONE', #5593, #2490, #5501, .T. ) ;
#1936 = CARTESIAN_POINT ( 'NONE',  ( -0.9499999999999995100, 0.4000000000000005200, -1.774999999999998800 ) ) ;
#1937 = EDGE_LOOP ( 'NONE', ( #69, #3050, #689, #3711 ) ) ;
#1938 = DIRECTION ( 'NONE',  ( -1.458100904399333800E-016, 1.000000000000000000, 0.0000000000000000000 ) ) ;
#1939 = AXIS2_PLACEMENT_3D ( 'NONE', #3028, #3515, #211 ) ;
#1940 = CIRCLE ( 'NONE', #1330, 0.3499999999999996400 ) ;
#1941 = ORIENTED_EDGE ( 'NONE', *, *, #912, .F. ) ;
#1942 = CARTESIAN_POINT ( 'NONE',  ( -1.619999999999999900, 1.124999999999999800, -5.225000000000002300 ) ) ;
#1943 = DIRECTION ( 'NONE',  ( 0.0000000000000000000, 0.0000000000000000000, -1.000000000000000000 ) ) ;
#1944 = LINE ( 'NONE', #4417, #1112 ) ;
#1945 = AXIS2_PLACEMENT_3D ( 'NONE', #5602, #4670, #3181 ) ;
#1946 = FACE_OUTER_BOUND ( 'NONE', #3333, .T. ) ;
#1947 = LINE ( 'NONE', #4366, #6086 ) ;
#1948 = DIRECTION ( 'NONE',  ( 0.0000000000000000000, 0.0000000000000000000, -1.000000000000000000 ) ) ;
#1949 = ORIENTED_EDGE ( 'NONE', *, *, #2361, .F. ) ;
#1950 = AXIS2_PLACEMENT_3D ( 'NONE', #4241, #431, #4781 ) ;
#1951 = CARTESIAN_POINT ( 'NONE',  ( 2.859999999999996300, 1.525000000000000600, -3.924999999999999800 ) ) ;
#1952 = FACE_OUTER_BOUND ( 'NONE', #2589, .T. ) ;
#1953 = VECTOR ( 'NONE', #785, 1000.000000000000000 ) ;
#1954 = CARTESIAN_POINT ( 'NONE',  ( 4.510000000000001600, 1.525000000000000800, -3.674999999999999400 ) ) ;
#1955 = PLANE ( 'NONE',  #4438 ) ;
#1956 = VECTOR ( 'NONE', #1029, 1000.000000000000000 ) ;
#1957 = EDGE_CURVE ( 'NONE', #2915, #4866, #1726, .T. ) ;
#1958 = ORIENTED_EDGE ( 'NONE', *, *, #296, .F. ) ;
#1959 = VERTEX_POINT ( 'NONE', #6148 ) ;
#1960 = CARTESIAN_POINT ( 'NONE',  ( 0.9500000000000011800, 1.125000000000000200, -3.674999999999999400 ) ) ;
#1961 = ORIENTED_EDGE ( 'NONE', *, *, #5527, .F. ) ;
#1962 = CIRCLE ( 'NONE', #498, 0.5000000000000002200 ) ;
#1963 = VERTEX_POINT ( 'NONE', #3261 ) ;
#1964 = VECTOR ( 'NONE', #2760, 1000.000000000000000 ) ;
#1965 = ORIENTED_EDGE ( 'NONE', *, *, #6117, .F. ) ;
#1966 = CARTESIAN_POINT ( 'NONE',  ( 5.204999999999999200, 2.168404344971010800E-016, -3.775000000000000400 ) ) ;
#1967 = VERTEX_POINT ( 'NONE', #4688 ) ;
#1968 = DIRECTION ( 'NONE',  ( 1.000000000000000000, 1.458100904399333800E-016, 0.0000000000000000000 ) ) ;
#1969 = ORIENTED_EDGE ( 'NONE', *, *, #3524, .F. ) ;
#1970 = CARTESIAN_POINT ( 'NONE',  ( 0.9500000000000011800, 1.525000000000000100, -1.774999999999998800 ) ) ;
#1971 = VERTEX_POINT ( 'NONE', #5696 ) ;
#1972 = ORIENTED_EDGE ( 'NONE', *, *, #5891, .F. ) ;
#1973 = CARTESIAN_POINT ( 'NONE',  ( 2.894999999999998200, 1.125000000000000400, -10.02500000000000000 ) ) ;
#1974 = DIRECTION ( 'NONE',  ( 1.458100904399333800E-016, -1.000000000000000000, 0.0000000000000000000 ) ) ;
#1975 = CARTESIAN_POINT ( 'NONE',  ( 0.3199999999999974000, 1.125000000000000200, -6.625000000000000900 ) ) ;
#1976 = ORIENTED_EDGE ( 'NONE', *, *, #2882, .T. ) ;
#1977 = DIRECTION ( 'NONE',  ( -1.458100904399333800E-016, 1.000000000000000000, -0.0000000000000000000 ) ) ;
#1978 = EDGE_LOOP ( 'NONE', ( #3522, #953, #3848, #5582 ) ) ;
#1979 = CARTESIAN_POINT ( 'NONE',  ( -3.490000000000000200, 0.4000000000000000800, -0.2505119680435638500 ) ) ;
#1980 = EDGE_CURVE ( 'NONE', #2648, #5593, #4743, .T. ) ;
#1982 = EDGE_CURVE ( 'NONE', #2811, #3179, #1279, .T. ) ;
#1981 = VECTOR ( 'NONE', #3449, 1000.000000000000000 ) ;
#1983 = ORIENTED_EDGE ( 'NONE', *, *, #990, .T. ) ;
#1984 = DIRECTION ( 'NONE',  ( 1.000000000000000000, 0.0000000000000000000, 0.0000000000000000000 ) ) ;
#1985 = ADVANCED_FACE ( 'NONE', ( #3160 ), #3346, .F. ) ;
#1986 = VECTOR ( 'NONE', #1744, 1000.000000000000000 ) ;
#1987 = DIRECTION ( 'NONE',  ( 1.606225440719265900E-016, 2.342038767781980200E-032, 1.000000000000000000 ) ) ;
#1988 = AXIS2_PLACEMENT_3D ( 'NONE', #5241, #3214, #1863 ) ;
#1989 = CARTESIAN_POINT ( 'NONE',  ( -3.929999999999999300, 2.447125105937309400E-031, 0.4250000000000000400 ) ) ;
#1990 = CARTESIAN_POINT ( 'NONE',  ( -4.759999999999997100, 1.524999999999999200, -10.77499999999999900 ) ) ;
#1991 = EDGE_CURVE ( 'NONE', #5032, #629, #1509, .T. ) ;
#1992 = CYLINDRICAL_SURFACE ( 'NONE', #3666, 1.599999999999999900 ) ;
#1993 = CARTESIAN_POINT ( 'NONE',  ( -0.9499999999999995100, 1.524999999999999900, -3.674999999999999400 ) ) ;
#1994 = MANIFOLD_SOLID_BREP ( 'LPattern2[3]', #1774 ) ;
#1995 = EDGE_CURVE ( 'NONE', #668, #6025, #3080, .T. ) ;
#1996 = DIRECTION ( 'NONE',  ( 1.000000000000000000, 1.458100904399333800E-016, 0.0000000000000000000 ) ) ;
#1997 = EDGE_LOOP ( 'NONE', ( #3790, #3265, #2039, #536 ) ) ;
#1998 = AXIS2_PLACEMENT_3D ( 'NONE', #5528, #2204, #6057 ) ;
#1999 = DIRECTION ( 'NONE',  ( 1.000000000000000000, 1.458100904399333800E-016, 0.0000000000000000000 ) ) ;
#2000 = CARTESIAN_POINT ( 'NONE',  ( -0.9499999999999995100, 1.004999999999999900, -10.77500000000000200 ) ) ;
#2001 = VERTEX_POINT ( 'NONE', #929 ) ;
#2002 = ORIENTED_EDGE ( 'NONE', *, *, #5973, .T. ) ;
#2003 = DIRECTION ( 'NONE',  ( 0.9998476951563912700, 1.457878828569123600E-016, -0.01745240643728340400 ) ) ;
#2004 = DIRECTION ( 'NONE',  ( 1.458100904399333800E-016, -1.000000000000000000, 0.0000000000000000000 ) ) ;
#2005 = EDGE_CURVE ( 'NONE', #4760, #4730, #899, .T. ) ;
#2006 = LINE ( 'NONE', #3744, #1474 ) ;
#2007 = VERTEX_POINT ( 'NONE', #898 ) ;
#2008 = DIRECTION ( 'NONE',  ( 1.458100904399333800E-016, -1.000000000000000000, 0.0000000000000000000 ) ) ;
#2009 = VECTOR ( 'NONE', #1092, 1000.000000000000000 ) ;
#2010 = CARTESIAN_POINT ( 'NONE',  ( 4.725000000000001400, 1.525000000000000800, -10.02500000000000000 ) ) ;
#2011 = VERTEX_POINT ( 'NONE', #461 ) ;
#2012 = EDGE_CURVE ( 'NONE', #708, #2869, #5346, .T. ) ;
#2013 = DIRECTION ( 'NONE',  ( 1.000000000000000000, 1.458100904399333800E-016, 0.0000000000000000000 ) ) ;
#2014 = LINE ( 'NONE', #4384, #5703 ) ;
#2015 = DIRECTION ( 'NONE',  ( -9.537044630965832400E-017, 0.6540730207484939400, -0.7564314136317583600 ) ) ;
#2016 = LINE ( 'NONE', #1106, #3752 ) ;
#2017 = VERTEX_POINT ( 'NONE', #422 ) ;
#2018 = AXIS2_PLACEMENT_3D ( 'NONE', #3570, #204, #4040 ) ;
#2019 = VECTOR ( 'NONE', #4433, 1000.000000000000000 ) ;
#2020 = DIRECTION ( 'NONE',  ( 1.458100904399333800E-016, -1.000000000000000000, 0.0000000000000000000 ) ) ;
#2021 = LINE ( 'NONE', #5765, #4962 ) ;
#2022 = LINE ( 'NONE', #1236, #811 ) ;
#2023 = EDGE_CURVE ( 'NONE', #1773, #3171, #4074, .T. ) ;
#2024 = ORIENTED_EDGE ( 'NONE', *, *, #3211, .T. ) ;
#2025 = VECTOR ( 'NONE', #1345, 1000.000000000000000 ) ;
#2026 = DIRECTION ( 'NONE',  ( 1.000000000000000000, 0.0000000000000000000, 0.0000000000000000000 ) ) ;
#2027 = DIRECTION ( 'NONE',  ( 1.000000000000000000, 1.458100904399333800E-016, -0.0000000000000000000 ) ) ;
#2028 = FACE_OUTER_BOUND ( 'NONE', #2317, .T. ) ;
#2029 = ORIENTED_EDGE ( 'NONE', *, *, #4253, .T. ) ;
#2030 = EDGE_CURVE ( 'NONE', #5216, #3171, #604, .T. ) ;
#2031 = ORIENTED_EDGE ( 'NONE', *, *, #4739, .F. ) ;
#2032 = LINE ( 'NONE', #294, #389 ) ;
#2033 = DIRECTION ( 'NONE',  ( -0.01745240643728364700, -2.544736961014804200E-018, 0.9998476951563911600 ) ) ;
#2034 = VECTOR ( 'NONE', #2277, 1000.000000000000000 ) ;
#2035 = DIRECTION ( 'NONE',  ( -1.458100904399333800E-016, 1.000000000000000000, -0.0000000000000000000 ) ) ;
#2036 = ORIENTED_EDGE ( 'NONE', *, *, #262, .T. ) ;
#2037 = CARTESIAN_POINT ( 'NONE',  ( 4.129999999999999900, 1.005000000000000800, -3.774999999999999000 ) ) ;
#2038 = ORIENTED_EDGE ( 'NONE', *, *, #6228, .F. ) ;
#2039 = ORIENTED_EDGE ( 'NONE', *, *, #4604, .F. ) ;
#2041 = EDGE_CURVE ( 'NONE', #3179, #4226, #755, .T. ) ;
#2040 = CYLINDRICAL_SURFACE ( 'NONE', #1047, 0.5000000000000002200 ) ;
#2042 = CYLINDRICAL_SURFACE ( 'NONE', #3723, 0.1000000000000000500 ) ;
#2043 = ORIENTED_EDGE ( 'NONE', *, *, #2986, .F. ) ;
#2044 = ORIENTED_EDGE ( 'NONE', *, *, #2012, .F. ) ;
#2045 = ORIENTED_EDGE ( 'NONE', *, *, #1104, .T. ) ;
#2046 = CARTESIAN_POINT ( 'NONE',  ( -0.9499999999999995100, 1.403215706815879000, -1.447963489625751400 ) ) ;
#2047 = ORIENTED_EDGE ( 'NONE', *, *, #5509, .T. ) ;
#2048 = VERTEX_POINT ( 'NONE', #4315 ) ;
#2049 = ORIENTED_EDGE ( 'NONE', *, *, #3604, .F. ) ;
#2050 = CARTESIAN_POINT ( 'NONE',  ( -4.129999999999998100, 1.004999999999999400, -11.07499999999999900 ) ) ;
#2051 = AXIS2_PLACEMENT_3D ( 'NONE', #648, #4018, #5520 ) ;
#2052 = CARTESIAN_POINT ( 'NONE',  ( -5.205000000000001000, 1.324999999999999100, -2.975000000000000100 ) ) ;
#2053 = FACE_OUTER_BOUND ( 'NONE', #992, .T. ) ;
#2054 = CARTESIAN_POINT ( 'NONE',  ( -0.3199999999999974000, 1.524999999999999900, -3.924999999999999800 ) ) ;
#2055 = ORIENTED_EDGE ( 'NONE', *, *, #4436, .F. ) ;
#2056 = CARTESIAN_POINT ( 'NONE',  ( 0.9200000000000007100, 1.525000000000000100, -5.225000000000002300 ) ) ;
#2057 = LINE ( 'NONE', #5044, #38 ) ;
#2058 = AXIS2_PLACEMENT_3D ( 'NONE', #2719, #3645, #4134 ) ;
#2059 = CARTESIAN_POINT ( 'NONE',  ( -3.689999999999998600, 2.168404344971010800E-016, 0.2249999999999995100 ) ) ;
#2060 = ORIENTED_EDGE ( 'NONE', *, *, #2538, .F. ) ;
#2061 = DIRECTION ( 'NONE',  ( 1.000000000000000000, 6.110679571450328900E-017, 0.0000000000000000000 ) ) ;
#2062 = VERTEX_POINT ( 'NONE', #5760 ) ;
#2063 = AXIS2_PLACEMENT_3D ( 'NONE', #904, #5748, #1452 ) ;
#2064 = DIRECTION ( 'NONE',  ( -1.000000000000000000, -1.458100904399333800E-016, -0.0000000000000000000 ) ) ;
#2065 = ORIENTED_EDGE ( 'NONE', *, *, #5195, .T. ) ;
#2066 = DIRECTION ( 'NONE',  ( -1.000000000000000000, -1.458100904399333800E-016, 0.0000000000000000000 ) ) ;
#2067 = CIRCLE ( 'NONE', #1547, 0.2500000000000000000 ) ;
#2068 = EDGE_CURVE ( 'NONE', #3209, #4203, #2777, .T. ) ;
#2069 = CARTESIAN_POINT ( 'NONE',  ( 3.490000000000000200, 1.525000000000000600, -1.775000000000000600 ) ) ;
#2070 = ORIENTED_EDGE ( 'NONE', *, *, #4222, .F. ) ;
#2071 = DIRECTION ( 'NONE',  ( 0.5773502691896268400, -0.5773502691896264000, 0.5773502691896240700 ) ) ;
#2072 = ORIENTED_EDGE ( 'NONE', *, *, #5509, .F. ) ;
#2073 = DIRECTION ( 'NONE',  ( 1.000000000000000000, 1.458100904399333800E-016, -0.0000000000000000000 ) ) ;
#2074 = FACE_OUTER_BOUND ( 'NONE', #2637, .T. ) ;
#2075 = ORIENTED_EDGE ( 'NONE', *, *, #3802, .F. ) ;
#2076 = DIRECTION ( 'NONE',  ( -1.000000000000000000, -1.458100904399333800E-016, 0.0000000000000000000 ) ) ;
#2077 = DIRECTION ( 'NONE',  ( -1.000000000000000000, -1.458100904399333800E-016, -0.0000000000000000000 ) ) ;
#2078 = VECTOR ( 'NONE', #2187, 1000.000000000000000 ) ;
#2079 = ADVANCED_FACE ( 'NONE', ( #3606, #3151, #5567, #5641, #5945 ), #554, .F. ) ;
#2080 = DIRECTION ( 'NONE',  ( 1.000000000000000000, 0.0000000000000000000, 0.0000000000000000000 ) ) ;
#2081 = VECTOR ( 'NONE', #4187, 1000.000000000000000 ) ;
#2082 = ORIENTED_EDGE ( 'NONE', *, *, #5271, .T. ) ;
#2083 = CARTESIAN_POINT ( 'NONE',  ( 3.490000000000000200, 1.125000000000000700, -10.77500000000000200 ) ) ;
#2084 = CARTESIAN_POINT ( 'NONE',  ( -0.9499999999999995100, 1.125000000000000000, -3.674999999999999400 ) ) ;
#2085 = CYLINDRICAL_SURFACE ( 'NONE', #4246, 0.2000000000000000900 ) ;
#2086 = CYLINDRICAL_SURFACE ( 'NONE', #5545, 0.1000000000000000500 ) ;
#2087 = DIRECTION ( 'NONE',  ( 1.000000000000000000, 1.501062806046814100E-015, 0.0000000000000000000 ) ) ;
#2088 = LINE ( 'NONE', #4329, #4139 ) ;
#2089 = DIRECTION ( 'NONE',  ( 0.01029357226245786000, 1.500906702538970600E-018, -0.9999470197815869500 ) ) ;
#2090 = EDGE_CURVE ( 'NONE', #2001, #910, #3539, .T. ) ;
#2091 = DIRECTION ( 'NONE',  ( 1.458100904399333800E-016, -1.000000000000000000, 0.0000000000000000000 ) ) ;
#2092 = CARTESIAN_POINT ( 'NONE',  ( -3.490000000000000200, 1.124999999999999600, -2.975000000000000100 ) ) ;
#2093 = VERTEX_POINT ( 'NONE', #963 ) ;
#2094 = VECTOR ( 'NONE', #2147, 1000.000000000000000 ) ;
#2095 = VECTOR ( 'NONE', #2289, 1000.000000000000000 ) ;
#2096 = CARTESIAN_POINT ( 'NONE',  ( -4.129999999999998100, 1.524999999999999500, -10.77499999999999900 ) ) ;
#2097 = PLANE ( 'NONE',  #4512 ) ;
#2098 = CARTESIAN_POINT ( 'NONE',  ( 0.5699999999999976200, 1.125000000000000200, -3.674999999999999400 ) ) ;
#2099 = MECHANICAL_DESIGN_GEOMETRIC_PRESENTATION_REPRESENTATION (  '', ( #2832 ), #4772 ) ;
#2100 = DIRECTION ( 'NONE',  ( -3.212450881438531300E-016, -4.684077535563959900E-032, 1.000000000000000000 ) ) ;
#2101 = LINE ( 'NONE', #3903, #1956 ) ;
#2102 = ORIENTED_EDGE ( 'NONE', *, *, #3590, .T. ) ;
#2103 = EDGE_CURVE ( 'NONE', #1442, #162, #77, .T. ) ;
#2104 = DIRECTION ( 'NONE',  ( 1.458100904399333800E-016, -1.000000000000000000, -0.0000000000000000000 ) ) ;
#2105 = ORIENTED_EDGE ( 'NONE', *, *, #674, .F. ) ;
#2106 = CARTESIAN_POINT ( 'NONE',  ( 1.590000000000001200, 1.005000000000000300, -11.07499999999999900 ) ) ;
#2107 = ORIENTED_EDGE ( 'NONE', *, *, #2654, .T. ) ;
#2108 = CIRCLE ( 'NONE', #4361, 0.2000000000000000900 ) ;
#2109 = ADVANCED_FACE ( 'NONE', ( #1122 ), #3763, .T. ) ;
#2110 = VECTOR ( 'NONE', #2310, 1000.000000000000000 ) ;
#2111 = EDGE_CURVE ( 'NONE', #5293, #2842, #1356, .T. ) ;
#2112 = ORIENTED_EDGE ( 'NONE', *, *, #5491, .T. ) ;
#2113 = AXIS2_PLACEMENT_3D ( 'NONE', #2372, #1411, #2837 ) ;
#2114 = ORIENTED_EDGE ( 'NONE', *, *, #4578, .T. ) ;
#2115 = DIRECTION ( 'NONE',  ( 0.0000000000000000000, 0.0000000000000000000, -1.000000000000000000 ) ) ;
#2116 = EDGE_LOOP ( 'NONE', ( #4082, #2082, #1969, #192 ) ) ;
#2117 = CARTESIAN_POINT ( 'NONE',  ( -4.759999999999997100, 1.524999999999999200, -3.775000000000000400 ) ) ;
#2118 = ADVANCED_FACE ( 'NONE', ( #3918 ), #2934, .F. ) ;
#2119 = CARTESIAN_POINT ( 'NONE',  ( 1.970000000000003100, 1.525000000000000400, -3.674999999999999400 ) ) ;
#2120 = ORIENTED_EDGE ( 'NONE', *, *, #4654, .F. ) ;
#2121 = ORIENTED_EDGE ( 'NONE', *, *, #4829, .F. ) ;
#2122 = CARTESIAN_POINT ( 'NONE',  ( -3.460000000000001300, 1.124999999999999600, -5.225000000000002300 ) ) ;
#2123 = EDGE_CURVE ( 'NONE', #5204, #53, #2174, .T. ) ;
#2124 = CARTESIAN_POINT ( 'NONE',  ( -3.109999999999998100, 1.524999999999999700, -3.924999999999999800 ) ) ;
#2125 = ORIENTED_EDGE ( 'NONE', *, *, #5914, .T. ) ;
#2126 = CARTESIAN_POINT ( 'NONE',  ( -4.097131737053301100, 1.524999999999999500, -8.829774775735726800 ) ) ;
#2127 = CARTESIAN_POINT ( 'NONE',  ( -1.589999999999997600, 1.403215706815878800, -1.447963489625751400 ) ) ;
#2128 = ORIENTED_EDGE ( 'NONE', *, *, #1772, .F. ) ;
#2129 = CARTESIAN_POINT ( 'NONE',  ( 1.557131737053300200, 1.125000000000000200, -8.829774775735728600 ) ) ;
#2130 = FACE_OUTER_BOUND ( 'NONE', #2753, .T. ) ;
#2131 = CARTESIAN_POINT ( 'NONE',  ( -4.129999999999998100, 1.644999999999999400, -2.975000000000000100 ) ) ;
#2132 = ORIENTED_EDGE ( 'NONE', *, *, #4467, .F. ) ;
#2133 = DIRECTION ( 'NONE',  ( 1.000000000000000000, 0.0000000000000000000, 0.0000000000000000000 ) ) ;
#2135 = EDGE_CURVE ( 'NONE', #474, #469, #4820, .T. ) ;
#2134 = VECTOR ( 'NONE', #3765, 1000.000000000000000 ) ;
#2136 = CARTESIAN_POINT ( 'NONE',  ( -2.220000000000003300, 1.124999999999999800, -3.924999999999999800 ) ) ;
#2137 = AXIS2_PLACEMENT_3D ( 'NONE', #1913, #25, #4270 ) ;
#2138 = DIRECTION ( 'NONE',  ( -1.458100904399333800E-016, 1.000000000000000000, -0.0000000000000000000 ) ) ;
#2139 = CIRCLE ( 'NONE', #3435, 0.5000000000000000000 ) ;
#2140 = DIRECTION ( 'NONE',  ( -0.5773502691896274000, 0.5773502691896260600, 0.5773502691896237300 ) ) ;
#2141 = CARTESIAN_POINT ( 'NONE',  ( -3.810000000000000900, 1.524999999999999500, -5.225000000000002300 ) ) ;
#2142 = DIRECTION ( 'NONE',  ( 1.000000000000000000, 1.458100904399333800E-016, 0.0000000000000000000 ) ) ;
#2143 = ORIENTED_EDGE ( 'NONE', *, *, #331, .T. ) ;
#2144 = EDGE_CURVE ( 'NONE', #619, #3164, #3392, .T. ) ;
#2145 = CARTESIAN_POINT ( 'NONE',  ( 0.9500000000000011800, 1.825000000000000000, -3.775000000000000400 ) ) ;
#2146 = CARTESIAN_POINT ( 'NONE',  ( -0.3199999999999974000, 1.524999999999999900, -3.774999999999999000 ) ) ;
#2147 = DIRECTION ( 'NONE',  ( -1.458100904399333800E-016, 1.000000000000000000, -0.0000000000000000000 ) ) ;
#2148 = EDGE_LOOP ( 'NONE', ( #4245, #5951, #5879, #6105 ) ) ;
#2149 = ORIENTED_EDGE ( 'NONE', *, *, #2825, .F. ) ;
#2150 = ADVANCED_FACE ( 'NONE', ( #6104 ), #684, .T. ) ;
#2151 = PLANE ( 'NONE',  #5173 ) ;
#2152 = AXIS2_PLACEMENT_3D ( 'NONE', #4763, #2845, #6205 ) ;
#2153 = CARTESIAN_POINT ( 'NONE',  ( -3.810000000000000900, 1.124999999999999600, -5.225000000000002300 ) ) ;
#2154 = CIRCLE ( 'NONE', #2821, 0.3499999999999996400 ) ;
#2155 = VERTEX_POINT ( 'NONE', #39 ) ;
#2156 = CARTESIAN_POINT ( 'NONE',  ( -5.205000000000001000, -2.168404344971006200E-016, -2.975000000000000100 ) ) ;
#2157 = EDGE_CURVE ( 'NONE', #5724, #2866, #1197, .T. ) ;
#2158 = DIRECTION ( 'NONE',  ( 1.000000000000000000, 1.458100904399333800E-016, 0.0000000000000000000 ) ) ;
#2159 = LINE ( 'NONE', #4501, #3218 ) ;
#2160 = VERTEX_POINT ( 'NONE', #1951 ) ;
#2161 = DIRECTION ( 'NONE',  ( 1.031033037155008900E-016, -0.7071067811865489100, -0.7071067811865461300 ) ) ;
#2162 = DIRECTION ( 'NONE',  ( 1.031033037155008900E-016, -0.7071067811865490200, 0.7071067811865460200 ) ) ;
#2163 = LINE ( 'NONE', #4342, #5853 ) ;
#2164 = CARTESIAN_POINT ( 'NONE',  ( 3.109999999999996300, 1.525000000000000600, -3.674999999999999400 ) ) ;
#2165 = LINE ( 'NONE', #3697, #887 ) ;
#2166 = ORIENTED_EDGE ( 'NONE', *, *, #3741, .F. ) ;
#2167 = CARTESIAN_POINT ( 'NONE',  ( 4.510000000000001600, 1.125000000000000700, -3.924999999999999800 ) ) ;
#2168 = ORIENTED_EDGE ( 'NONE', *, *, #590, .T. ) ;
#2169 = LINE ( 'NONE', #5372, #5632 ) ;
#2170 = CARTESIAN_POINT ( 'NONE',  ( 3.490000000000000200, 1.645000000000000500, -11.07499999999999900 ) ) ;
#2171 = FACE_OUTER_BOUND ( 'NONE', #5881, .T. ) ;
#2172 = AXIS2_PLACEMENT_3D ( 'NONE', #4954, #5916, #2076 ) ;
#2173 = DIRECTION ( 'NONE',  ( -9.537044630965836100E-017, 0.6540730207484941600, -0.7564314136317582500 ) ) ;
#2174 = LINE ( 'NONE', #3909, #1651 ) ;
#2175 = VECTOR ( 'NONE', #2968, 1000.000000000000000 ) ;
#2176 = EDGE_CURVE ( 'NONE', #2673, #2723, #4736, .T. ) ;
#2177 = EDGE_CURVE ( 'NONE', #4088, #1792, #534, .T. ) ;
#2178 = CARTESIAN_POINT ( 'NONE',  ( -2.219999999999996200, 1.124999999999999800, -3.774999999999999000 ) ) ;
#2179 = ORIENTED_EDGE ( 'NONE', *, *, #4815, .T. ) ;
#2180 = ADVANCED_FACE ( 'NONE', ( #2319 ), #5796, .T. ) ;
#2181 = AXIS2_PLACEMENT_3D ( 'NONE', #3447, #5826, #5301 ) ;
#2182 = ORIENTED_EDGE ( 'NONE', *, *, #1935, .F. ) ;
#2183 = LINE ( 'NONE', #3576, #1431 ) ;
#2184 = LINE ( 'NONE', #5007, #544 ) ;
#2185 = CARTESIAN_POINT ( 'NONE',  ( -4.129999999999998100, 1.644999999999999400, -11.07499999999999900 ) ) ;
#2186 = VERTEX_POINT ( 'NONE', #5403 ) ;
#2187 = DIRECTION ( 'NONE',  ( -1.458100904399333800E-016, 1.000000000000000000, -0.0000000000000000000 ) ) ;
#2188 = ORIENTED_EDGE ( 'NONE', *, *, #5586, .T. ) ;
#2189 = CARTESIAN_POINT ( 'NONE',  ( 3.490000000000000200, 0.1217842931841219400, -0.5775484784178112100 ) ) ;
#2190 = AXIS2_PLACEMENT_3D ( 'NONE', #3523, #1121, #245 ) ;
#2191 = VERTEX_POINT ( 'NONE', #2521 ) ;
#2192 = EDGE_LOOP ( 'NONE', ( #3180, #5208, #1757, #5783 ) ) ;
#2193 = VECTOR ( 'NONE', #4309, 1000.000000000000000 ) ;
#2194 = CYLINDRICAL_SURFACE ( 'NONE', #2517, 0.3499999999999992000 ) ;
#2195 = EDGE_CURVE ( 'NONE', #5763, #2433, #5493, .T. ) ;
#2196 = ORIENTED_EDGE ( 'NONE', *, *, #5670, .F. ) ;
#2197 = VERTEX_POINT ( 'NONE', #2010 ) ;
#2198 = CARTESIAN_POINT ( 'NONE',  ( -3.490000000000000200, 1.024999999999999500, -1.775000000000000600 ) ) ;
#2199 = EDGE_CURVE ( 'NONE', #3002, #4268, #6174, .T. ) ;
#2200 = VERTEX_POINT ( 'NONE', #5388 ) ;
#2201 = VERTEX_POINT ( 'NONE', #588 ) ;
#2202 = ORIENTED_EDGE ( 'NONE', *, *, #98, .T. ) ;
#2203 = LINE ( 'NONE', #1633, #1531 ) ;
#2204 = DIRECTION ( 'NONE',  ( 0.0000000000000000000, 0.0000000000000000000, -1.000000000000000000 ) ) ;
#2205 = ORIENTED_EDGE ( 'NONE', *, *, #401, .T. ) ;
#2206 = EDGE_CURVE ( 'NONE', #5758, #5000, #2929, .T. ) ;
#2207 = ADVANCED_FACE ( 'NONE', ( #529 ), #798, .T. ) ;
#2208 = CARTESIAN_POINT ( 'NONE',  ( -5.205000000000001000, 2.447125105937309400E-031, -2.975000000000000100 ) ) ;
#2209 = LINE ( 'NONE', #1067, #175 ) ;
#2210 = CARTESIAN_POINT ( 'NONE',  ( 0.9828682629467004900, 1.125000000000000200, -8.829774775735728600 ) ) ;
#2211 = DIRECTION ( 'NONE',  ( 1.000000000000000000, 1.458100904399333800E-016, 0.0000000000000000000 ) ) ;
#2212 = ADVANCED_FACE ( 'NONE', ( #1952 ), #3262, .F. ) ;
#2213 = LINE ( 'NONE', #2987, #5906 ) ;
#2214 = EDGE_CURVE ( 'NONE', #4677, #3260, #299, .T. ) ;
#2215 = ORIENTED_EDGE ( 'NONE', *, *, #4358, .F. ) ;
#2216 = EDGE_LOOP ( 'NONE', ( #3510, #5776, #12, #5515 ) ) ;
#2217 = CARTESIAN_POINT ( 'NONE',  ( -4.129999999999998100, 0.1217842931841208600, -0.5775484784178112100 ) ) ;
#2218 = ORIENTED_EDGE ( 'NONE', *, *, #1314, .F. ) ;
#2219 = DIRECTION ( 'NONE',  ( -1.458100904399333800E-016, 1.000000000000000000, -0.0000000000000000000 ) ) ;
#2220 = PLANE ( 'NONE',  #460 ) ;
#2221 = CARTESIAN_POINT ( 'NONE',  ( -1.589999999999997600, 1.024999999999999700, -1.775000000000000600 ) ) ;
#2222 = CIRCLE ( 'NONE', #258, 1.599999999999999600 ) ;
#2223 = CARTESIAN_POINT ( 'NONE',  ( 3.109999999999996300, 1.125000000000000400, -3.674999999999999400 ) ) ;
#2224 = ORIENTED_EDGE ( 'NONE', *, *, #4207, .F. ) ;
#2225 = VERTEX_POINT ( 'NONE', #3119 ) ;
#2226 = EDGE_CURVE ( 'NONE', #1381, #1591, #2773, .T. ) ;
#2227 = DIRECTION ( 'NONE',  ( 1.000000000000000000, 1.355252715606879800E-016, 0.0000000000000000000 ) ) ;
#2228 = CARTESIAN_POINT ( 'NONE',  ( -1.270000000000000200, 1.125000000000000000, -5.225000000000002300 ) ) ;
#2229 = LINE ( 'NONE', #3391, #1934 ) ;
#2230 = EDGE_CURVE ( 'NONE', #942, #2160, #3387, .T. ) ;
#2231 = AXIS2_PLACEMENT_3D ( 'NONE', #6172, #5601, #2227 ) ;
#2232 = ORIENTED_EDGE ( 'NONE', *, *, #522, .T. ) ;
#2233 = DIRECTION ( 'NONE',  ( 1.458100904399333800E-016, -1.000000000000000000, 0.0000000000000000000 ) ) ;
#2234 = ADVANCED_FACE ( 'NONE', ( #3836 ), #4583, .T. ) ;
#2235 = VECTOR ( 'NONE', #1922, 1000.000000000000100 ) ;
#2236 = VECTOR ( 'NONE', #117, 1000.000000000000000 ) ;
#2237 = EDGE_LOOP ( 'NONE', ( #2024, #5324, #5954, #2733 ) ) ;
#2238 = CARTESIAN_POINT ( 'NONE',  ( -3.490000000000000200, 0.5000000000000001100, -0.2505119680435638500 ) ) ;
#2239 = EDGE_CURVE ( 'NONE', #659, #3338, #2554, .T. ) ;
#2240 = PLANE ( 'NONE',  #268 ) ;
#2241 = DIRECTION ( 'NONE',  ( 0.0000000000000000000, 0.0000000000000000000, -1.000000000000000000 ) ) ;
#2242 = CIRCLE ( 'NONE', #1120, 1.599999999999999600 ) ;
#2243 = LINE ( 'NONE', #1398, #5562 ) ;
#2244 = CARTESIAN_POINT ( 'NONE',  ( -0.3549999999999976500, 1.525000000000000100, -10.02499999999999700 ) ) ;
#2245 = LINE ( 'NONE', #418, #4579 ) ;
#2246 = CARTESIAN_POINT ( 'NONE',  ( -4.129999999999998100, 1.024999999999999500, -1.775000000000000600 ) ) ;
#2247 = DIRECTION ( 'NONE',  ( 1.031033037155009200E-016, -0.7071067811865491300, 0.7071067811865459100 ) ) ;
#2248 = VERTEX_POINT ( 'NONE', #665 ) ;
#2249 = VECTOR ( 'NONE', #3243, 1000.000000000000000 ) ;
#2250 = CARTESIAN_POINT ( 'NONE',  ( 0.9500000000000011800, 1.005000000000000300, -11.07499999999999900 ) ) ;
#2251 = CIRCLE ( 'NONE', #5233, 0.3499999999999992000 ) ;
#2252 = EDGE_CURVE ( 'NONE', #6075, #1859, #5197, .T. ) ;
#2253 = AXIS2_PLACEMENT_3D ( 'NONE', #4021, #2583, #1018 ) ;
#2254 = VECTOR ( 'NONE', #343, 1000.000000000000000 ) ;
#2255 = DIRECTION ( 'NONE',  ( -1.000000000000000000, -1.458100904399333800E-016, 1.606225440719265900E-016 ) ) ;
#2256 = VERTEX_POINT ( 'NONE', #3048 ) ;
#2257 = ORIENTED_EDGE ( 'NONE', *, *, #851, .F. ) ;
#2258 = PLANE ( 'NONE',  #6098 ) ;
#2259 = ORIENTED_EDGE ( 'NONE', *, *, #5646, .T. ) ;
#2260 = LINE ( 'NONE', #4783, #5804 ) ;
#2261 = DIRECTION ( 'NONE',  ( 1.458100904399333800E-016, -1.000000000000000000, 0.0000000000000000000 ) ) ;
#2262 = ORIENTED_EDGE ( 'NONE', *, *, #2090, .F. ) ;
#2263 = DIRECTION ( 'NONE',  ( 1.000000000000000000, 1.458100904399333800E-016, 1.548860246407857400E-016 ) ) ;
#2264 = CARTESIAN_POINT ( 'NONE',  ( 4.129999999999999900, 1.125000000000000700, -3.674999999999999400 ) ) ;
#2265 = ORIENTED_EDGE ( 'NONE', *, *, #2674, .T. ) ;
#2266 = ORIENTED_EDGE ( 'NONE', *, *, #421, .F. ) ;
#2267 = ADVANCED_FACE ( 'NONE', ( #6247 ), #2615, .F. ) ;
#2268 = CARTESIAN_POINT ( 'NONE',  ( -0.9200533066952634200, 1.125000000000000000, -5.231108342253048900 ) ) ;
#2269 = CARTESIAN_POINT ( 'NONE',  ( 1.970000000000003100, 1.125000000000000400, -3.924999999999999800 ) ) ;
#2270 = ORIENTED_EDGE ( 'NONE', *, *, #1240, .F. ) ;
#2271 = AXIS2_PLACEMENT_3D ( 'NONE', #4105, #4569, #2173 ) ;
#2272 = ORIENTED_EDGE ( 'NONE', *, *, #823, .T. ) ;
#2273 = CARTESIAN_POINT ( 'NONE',  ( 1.590000000000001200, 8.673617379884037400E-016, -1.774999999999998800 ) ) ;
#2274 = EDGE_LOOP ( 'NONE', ( #6067, #3023, #1218, #2114 ) ) ;
#2275 = ORIENTED_EDGE ( 'NONE', *, *, #2484, .F. ) ;
#2276 = DIRECTION ( 'NONE',  ( 1.000000000000000000, 0.0000000000000000000, 0.0000000000000000000 ) ) ;
#2277 = DIRECTION ( 'NONE',  ( 1.000000000000000000, 1.458100904399333800E-016, -0.0000000000000000000 ) ) ;
#2278 = EDGE_CURVE ( 'NONE', #4224, #1725, #6173, .T. ) ;
#2279 = CIRCLE ( 'NONE', #290, 0.1000000000000000500 ) ;
#2280 = ORIENTED_EDGE ( 'NONE', *, *, #2041, .F. ) ;
#2281 = CARTESIAN_POINT ( 'NONE',  ( -4.129999999999998100, 0.3999999999999999700, -0.2505119680435638500 ) ) ;
#2282 = ORIENTED_EDGE ( 'NONE', *, *, #652, .F. ) ;
#2283 = CARTESIAN_POINT ( 'NONE',  ( 4.097131737053301100, 1.125000000000000700, -8.829774775735728600 ) ) ;
#2284 = VECTOR ( 'NONE', #2286, 1000.000000000000000 ) ;
#2285 = CARTESIAN_POINT ( 'NONE',  ( -0.9499999999999995100, 1.524999999999999900, -1.774999999999998800 ) ) ;
#2286 = DIRECTION ( 'NONE',  ( 1.458100904399333800E-016, -1.000000000000000000, 0.0000000000000000000 ) ) ;
#2287 =( NAMED_UNIT ( * ) SI_UNIT ( $, .STERADIAN. ) SOLID_ANGLE_UNIT ( ) );
#2288 = VECTOR ( 'NONE', #627, 1000.000000000000000 ) ;
#2289 = DIRECTION ( 'NONE',  ( 9.537044630965833600E-017, -0.6540730207484939400, 0.7564314136317582500 ) ) ;
#2290 = AXIS2_PLACEMENT_3D ( 'NONE', #4067, #2608, #5975 ) ;
#2291 = PLANE ( 'NONE',  #5762 ) ;
#2292 = ADVANCED_FACE ( 'NONE', ( #5045 ), #1163, .F. ) ;
#2293 = EDGE_CURVE ( 'NONE', #1280, #1206, #4216, .T. ) ;
#2294 = ORIENTED_EDGE ( 'NONE', *, *, #1671, .F. ) ;
#2295 = AXIS2_PLACEMENT_3D ( 'NONE', #1768, #1810, #2211 ) ;
#2296 = DIRECTION ( 'NONE',  ( 1.458100904399333800E-016, -1.000000000000000000, -0.0000000000000000000 ) ) ;
#2297 = VECTOR ( 'NONE', #2859, 1000.000000000000100 ) ;
#2298 = ORIENTED_EDGE ( 'NONE', *, *, #966, .T. ) ;
#2299 = EDGE_CURVE ( 'NONE', #3093, #2200, #1426, .T. ) ;
#2300 = CARTESIAN_POINT ( 'NONE',  ( 0.5699999999999976200, 1.125000000000000200, -3.924999999999999800 ) ) ;
#2301 = DIRECTION ( 'NONE',  ( 1.000000000000000000, 1.355252715606879800E-016, 0.0000000000000000000 ) ) ;
#2302 = VERTEX_POINT ( 'NONE', #1143 ) ;
#2303 = CARTESIAN_POINT ( 'NONE',  ( 3.490000000000000200, 1.645000000000000500, -11.07499999999999900 ) ) ;
#2304 = EDGE_CURVE ( 'NONE', #3638, #4751, #72, .T. ) ;
#2305 = AXIS2_PLACEMENT_3D ( 'NONE', #658, #4557, #3020 ) ;
#2306 = COLOUR_RGB ( '',0.9686274509803921600, 0.8784313725490196000, 0.5999999999999999800 ) ;
#2307 = LINE ( 'NONE', #207, #5110 ) ;
#2308 = EDGE_LOOP ( 'NONE', ( #4750, #1487, #5960, #247 ) ) ;
#2309 = DIRECTION ( 'NONE',  ( 1.000000000000000000, 0.0000000000000000000, 0.0000000000000000000 ) ) ;
#2310 = DIRECTION ( 'NONE',  ( 1.458100904399333800E-016, -1.000000000000000000, -0.0000000000000000000 ) ) ;
#2311 = VECTOR ( 'NONE', #2596, 1000.000000000000000 ) ;
#2312 = DIRECTION ( 'NONE',  ( 1.000000000000000000, 1.458100904399333800E-016, 1.548860246407857400E-016 ) ) ;
#2313 = LINE ( 'NONE', #5323, #1040 ) ;
#2314 = EDGE_CURVE ( 'NONE', #44, #706, #1118, .T. ) ;
#2315 = DIRECTION ( 'NONE',  ( -1.458100904399333800E-016, 1.000000000000000000, 0.0000000000000000000 ) ) ;
#2316 = CARTESIAN_POINT ( 'NONE',  ( -2.859999999999998100, 1.524999999999999700, -3.924999999999999800 ) ) ;
#2317 = EDGE_LOOP ( 'NONE', ( #3317, #313, #2561, #1102 ) ) ;
#2318 = CARTESIAN_POINT ( 'NONE',  ( 1.590000000000001200, 1.025000000000000100, -1.774999999999998800 ) ) ;
#2319 = FACE_OUTER_BOUND ( 'NONE', #5512, .T. ) ;
#2320 = VECTOR ( 'NONE', #3082, 1000.000000000000000 ) ;
#2321 = ADVANCED_FACE ( 'NONE', ( #5267 ), #3130, .F. ) ;
#2322 = CARTESIAN_POINT ( 'NONE',  ( -1.970000000000003100, 1.124999999999999800, -3.924999999999999800 ) ) ;
#2323 = ORIENTED_EDGE ( 'NONE', *, *, #5309, .F. ) ;
#2324 = DIRECTION ( 'NONE',  ( -0.0000000000000000000, -0.0000000000000000000, 1.000000000000000000 ) ) ;
#2325 = CARTESIAN_POINT ( 'NONE',  ( -3.929999999999999300, 1.024999999999999500, 0.4250000000000000400 ) ) ;
#2326 = CARTESIAN_POINT ( 'NONE',  ( 4.129999999999999900, 1.645000000000000500, -2.975000000000000100 ) ) ;
#2327 = ORIENTED_EDGE ( 'NONE', *, *, #2352, .F. ) ;
#2328 = DIRECTION ( 'NONE',  ( -0.0000000000000000000, -0.0000000000000000000, 1.000000000000000000 ) ) ;
#2329 = FACE_OUTER_BOUND ( 'NONE', #2356, .T. ) ;
#2330 = ORIENTED_EDGE ( 'NONE', *, *, #5527, .T. ) ;
#2331 = LINE ( 'NONE', #1298, #4673 ) ;
#2332 = EDGE_CURVE ( 'NONE', #596, #3024, #4359, .T. ) ;
#2333 = ORIENTED_EDGE ( 'NONE', *, *, #4497, .F. ) ;
#2334 = EDGE_LOOP ( 'NONE', ( #3299, #282, #2602, #1052 ) ) ;
#2335 = CARTESIAN_POINT ( 'NONE',  ( 1.557131737053300200, 1.125000000000000200, -8.829774775735728600 ) ) ;
#2336 = ORIENTED_EDGE ( 'NONE', *, *, #2792, .F. ) ;
#2337 = CARTESIAN_POINT ( 'NONE',  ( 0.5699999999999976200, 1.125000000000000200, -3.674999999999999400 ) ) ;
#2338 = VECTOR ( 'NONE', #6219, 1000.000000000000100 ) ;
#2339 = ORIENTED_EDGE ( 'NONE', *, *, #3690, .F. ) ;
#2340 = ORIENTED_EDGE ( 'NONE', *, *, #1884, .T. ) ;
#2341 = DIRECTION ( 'NONE',  ( 1.000000000000000000, 1.458100904399333800E-016, -0.0000000000000000000 ) ) ;
#2342 = STYLED_ITEM ( 'NONE', ( #70 ), #222 ) ;
#2343 = DIRECTION ( 'NONE',  ( 1.000000000000000000, 0.0000000000000000000, 0.0000000000000000000 ) ) ;
#2344 = VERTEX_POINT ( 'NONE', #5984 ) ;
#2345 = CARTESIAN_POINT ( 'NONE',  ( -0.9499999999999995100, 1.024999999999999900, 0.2250000000000012500 ) ) ;
#2346 = EDGE_CURVE ( 'NONE', #3071, #704, #2399, .T. ) ;
#2347 = ORIENTED_EDGE ( 'NONE', *, *, #4287, .F. ) ;
#2348 = ORIENTED_EDGE ( 'NONE', *, *, #181, .T. ) ;
#2349 = ORIENTED_EDGE ( 'NONE', *, *, #3750, .T. ) ;
#2350 =( NAMED_UNIT ( * ) SI_UNIT ( $, .STERADIAN. ) SOLID_ANGLE_UNIT ( ) );
#2351 = LINE ( 'NONE', #2705, #2956 ) ;
#2352 = EDGE_CURVE ( 'NONE', #3466, #5245, #1578, .T. ) ;
#2353 = DIRECTION ( 'NONE',  ( 0.0000000000000000000, 0.0000000000000000000, -1.000000000000000000 ) ) ;
#2354 = CARTESIAN_POINT ( 'NONE',  ( -3.929999999999999300, 0.4000000000000000800, 0.2249999999999995100 ) ) ;
#2355 = AXIS2_PLACEMENT_3D ( 'NONE', #3439, #11, #51 ) ;
#2356 = EDGE_LOOP ( 'NONE', ( #1369, #5995, #1958, #4823 ) ) ;
#2357 = PLANE ( 'NONE',  #3804 ) ;
#2358 = DIRECTION ( 'NONE',  ( -1.000000000000000000, -6.110679571450340000E-017, 0.0000000000000000000 ) ) ;
#2359 = ORIENTED_EDGE ( 'NONE', *, *, #3186, .F. ) ;
#2360 = CARTESIAN_POINT ( 'NONE',  ( 2.894999999999998200, 1.125000000000000400, -10.02500000000000000 ) ) ;
#2361 = EDGE_CURVE ( 'NONE', #1292, #4301, #2476, .T. ) ;
#2362 = ADVANCED_FACE ( 'NONE', ( #3076 ), #1351, .F. ) ;
#2363 = LINE ( 'NONE', #5587, #5987 ) ;
#2364 = CARTESIAN_POINT ( 'NONE',  ( 4.159999999999998400, 1.125000000000000700, -5.225000000000002300 ) ) ;
#2365 = ORIENTED_EDGE ( 'NONE', *, *, #2103, .F. ) ;
#2366 = CARTESIAN_POINT ( 'NONE',  ( 4.097131737053301100, 1.125000000000000700, -8.829774775735728600 ) ) ;
#2367 = EDGE_LOOP ( 'NONE', ( #1264, #3868, #4020, #4966 ) ) ;
#2368 = CARTESIAN_POINT ( 'NONE',  ( -2.219999999999999800, 1.524999999999999700, -10.77500000000000200 ) ) ;
#2369 = DIRECTION ( 'NONE',  ( -1.000000000000000000, -1.458100904399333800E-016, 1.606225440719265900E-016 ) ) ;
#2370 = EDGE_LOOP ( 'NONE', ( #3474, #560, #550, #1845 ) ) ;
#2371 = DIRECTION ( 'NONE',  ( -1.458100904399333800E-016, 1.000000000000000000, 0.0000000000000000000 ) ) ;
#2372 = CARTESIAN_POINT ( 'NONE',  ( 3.490000000000000200, 1.025000000000000600, -1.775000000000000600 ) ) ;
#2373 = CARTESIAN_POINT ( 'NONE',  ( 3.490000000000000200, 0.4000000000000011300, -0.2505119680435638500 ) ) ;
#2374 = AXIS2_PLACEMENT_3D ( 'NONE', #5084, #3705, #4623 ) ;
#2375 = CYLINDRICAL_SURFACE ( 'NONE', #2428, 0.3499999999999992000 ) ;
#2376 = ORIENTED_EDGE ( 'NONE', *, *, #2444, .F. ) ;
#2377 = ORIENTED_EDGE ( 'NONE', *, *, #1146, .F. ) ;
#2378 = CARTESIAN_POINT ( 'NONE',  ( 0.9500000000000011800, 0.1217842931841217300, -0.5775484784178112100 ) ) ;
#2379 = EDGE_CURVE ( 'NONE', #1505, #5588, #374, .T. ) ;
#2380 = FACE_OUTER_BOUND ( 'NONE', #2367, .T. ) ;
#2381 = ORIENTED_EDGE ( 'NONE', *, *, #1869, .T. ) ;
#2382 = AXIS2_PLACEMENT_3D ( 'NONE', #2965, #3434, #3452 ) ;
#2383 = CARTESIAN_POINT ( 'NONE',  ( -1.589999999999997600, 1.004999999999999900, -11.07499999999999900 ) ) ;
#2384 = VECTOR ( 'NONE', #1878, 1000.000000000000000 ) ;
#2385 = FACE_OUTER_BOUND ( 'NONE', #2403, .T. ) ;
#2386 = AXIS2_PLACEMENT_3D ( 'NONE', #4989, #206, #185 ) ;
#2387 = DIRECTION ( 'NONE',  ( 1.000000000000000000, 1.458100904399333800E-016, 0.0000000000000000000 ) ) ;
#2388 = ORIENTED_EDGE ( 'NONE', *, *, #165, .F. ) ;
#2389 = ADVANCED_FACE ( 'NONE', ( #220 ), #6113, .F. ) ;
#2390 = CARTESIAN_POINT ( 'NONE',  ( 0.9500000000000011800, 1.525000000000000100, -1.774999999999998800 ) ) ;
#2391 = DIRECTION ( 'NONE',  ( 1.000000000000000000, 0.0000000000000000000, 0.0000000000000000000 ) ) ;
#2392 = ORIENTED_EDGE ( 'NONE', *, *, #1158, .F. ) ;
#2393 = LINE ( 'NONE', #575, #442 ) ;
#2394 = DIRECTION ( 'NONE',  ( 1.458100904399333800E-016, -1.000000000000000000, 0.0000000000000000000 ) ) ;
#2395 = FACE_OUTER_BOUND ( 'NONE', #812, .T. ) ;
#2396 = FACE_OUTER_BOUND ( 'NONE', #3862, .T. ) ;
#2397 = EDGE_CURVE ( 'NONE', #5899, #5871, #4813, .T. ) ;
#2398 = VERTEX_POINT ( 'NONE', #3730 ) ;
#2399 = CIRCLE ( 'NONE', #1093, 0.3499999999999992000 ) ;
#2400 = FACE_OUTER_BOUND ( 'NONE', #4629, .T. ) ;
#2401 = CARTESIAN_POINT ( 'NONE',  ( -2.859999999999998100, 1.124999999999999600, -3.924999999999999800 ) ) ;
#2402 = VECTOR ( 'NONE', #3429, 1000.000000000000000 ) ;
#2403 = EDGE_LOOP ( 'NONE', ( #1002, #5822, #2330, #1406, #4873, #3553, #4393, #928, #5037, #3618, #309, #4077 ) ) ;
#2404 = CARTESIAN_POINT ( 'NONE',  ( 3.459999999999999500, 1.125000000000000700, -5.225000000000002300 ) ) ;
#2405 = LINE ( 'NONE', #1846, #686 ) ;
#2406 = VERTEX_POINT ( 'NONE', #4196 ) ;
#2407 = DIRECTION ( 'NONE',  ( -0.0000000000000000000, -0.0000000000000000000, 1.000000000000000000 ) ) ;
#2408 = EDGE_LOOP ( 'NONE', ( #553, #3596, #4787, #4239, #4859, #4461, #3907, #1159, #5071, #2606, #5223, #386, #1235, #2906, #2294, #3012, #3863, #4671 ) ) ;
#2409 = ORIENTED_EDGE ( 'NONE', *, *, #3089, .F. ) ;
#2410 = LINE ( 'NONE', #5691, #317 ) ;
#2411 = DIRECTION ( 'NONE',  ( 1.458100904399333800E-016, -1.000000000000000000, 0.0000000000000000000 ) ) ;
#2412 = AXIS2_PLACEMENT_3D ( 'NONE', #10, #3289, #889 ) ;
#2413 = FACE_OUTER_BOUND ( 'NONE', #1110, .T. ) ;
#2414 = CARTESIAN_POINT ( 'NONE',  ( 3.490000000000000200, 1.025000000000000600, -1.775000000000000600 ) ) ;
#2415 = ORIENTED_EDGE ( 'NONE', *, *, #935, .T. ) ;
#2416 = DIRECTION ( 'NONE',  ( 1.000000000000000000, 0.0000000000000000000, 0.0000000000000000000 ) ) ;
#2417 = VERTEX_POINT ( 'NONE', #3709 ) ;
#2418 = ORIENTED_EDGE ( 'NONE', *, *, #2890, .F. ) ;
#2419 = ORIENTED_EDGE ( 'NONE', *, *, #1469, .T. ) ;
#2420 = EDGE_CURVE ( 'NONE', #1959, #2866, #1798, .T. ) ;
#2421 = EDGE_LOOP ( 'NONE', ( #3563, #2487, #4595, #3542 ) ) ;
#2422 = ORIENTED_EDGE ( 'NONE', *, *, #4163, .F. ) ;
#2423 = DIRECTION ( 'NONE',  ( -0.9999470197815870700, -1.458023653894950600E-016, 0.01029357226245748200 ) ) ;
#2424 = AXIS2_PLACEMENT_3D ( 'NONE', #1718, #843, #322 ) ;
#2425 = PLANE ( 'NONE',  #5700 ) ;
#2426 = DIRECTION ( 'NONE',  ( 1.458100904399333800E-016, -1.000000000000000000, -0.0000000000000000000 ) ) ;
#2427 = VERTEX_POINT ( 'NONE', #6068 ) ;
#2428 = AXIS2_PLACEMENT_3D ( 'NONE', #556, #3962, #2503 ) ;
#2429 = ORIENTED_EDGE ( 'NONE', *, *, #3501, .F. ) ;
#2430 = CARTESIAN_POINT ( 'NONE',  ( 4.097131737053301100, 1.525000000000000600, -8.829774775735732100 ) ) ;
#2431 = EDGE_CURVE ( 'NONE', #4716, #473, #1192, .T. ) ;
#2432 = CARTESIAN_POINT ( 'NONE',  ( 1.990000000000002200, 1.325000000000000200, -11.47500000000000100 ) ) ;
#2433 = VERTEX_POINT ( 'NONE', #2250 ) ;
#2434 = CARTESIAN_POINT ( 'NONE',  ( -3.490000000000000200, 1.004999999999999700, -10.77500000000000200 ) ) ;
#2435 = LINE ( 'NONE', #3101, #5759 ) ;
#2436 = EDGE_CURVE ( 'NONE', #2932, #4857, #2629, .T. ) ;
#2437 = FACE_OUTER_BOUND ( 'NONE', #5266, .T. ) ;
#2438 = AXIS2_PLACEMENT_3D ( 'NONE', #3768, #5206, #2301 ) ;
#2439 = DIRECTION ( 'NONE',  ( -1.000000000000000000, -1.458100904399333800E-016, -1.548860246407857400E-016 ) ) ;
#2440 = CIRCLE ( 'NONE', #120, 0.3499999999999992000 ) ;
#2441 = DIRECTION ( 'NONE',  ( 0.01745240643728340100, 2.544736961014768400E-018, 0.9998476951563911600 ) ) ;
#2442 = CARTESIAN_POINT ( 'NONE',  ( 3.522868262946701200, 1.125000000000000700, -8.829774775735728600 ) ) ;
#2443 = DIRECTION ( 'NONE',  ( 1.458100904399333800E-016, -1.000000000000000000, 0.0000000000000000000 ) ) ;
#2444 = EDGE_CURVE ( 'NONE', #5032, #44, #5419, .T. ) ;
#2445 = ORIENTED_EDGE ( 'NONE', *, *, #5695, .F. ) ;
#2446 = ORIENTED_EDGE ( 'NONE', *, *, #4840, .T. ) ;
#2447 = CARTESIAN_POINT ( 'NONE',  ( 2.860000000000001200, 1.525000000000000600, -10.77500000000000200 ) ) ;
#2448 = FACE_OUTER_BOUND ( 'NONE', #5042, .T. ) ;
#2449 = CARTESIAN_POINT ( 'NONE',  ( 4.129999999999999900, 1.301042606982605700E-015, 0.2250000000000012500 ) ) ;
#2450 = ORIENTED_EDGE ( 'NONE', *, *, #3285, .F. ) ;
#2451 = PLANE ( 'NONE',  #3405 ) ;
#2452 = ORIENTED_EDGE ( 'NONE', *, *, #830, .T. ) ;
#2453 = DIRECTION ( 'NONE',  ( 2.168404344971008900E-016, -1.000000000000000000, 0.0000000000000000000 ) ) ;
#2454 = ADVANCED_FACE ( 'NONE', ( #4144 ), #4695, .F. ) ;
#2455 = CARTESIAN_POINT ( 'NONE',  ( 0.9500000000000011800, 0.1217842931841219400, -0.5775484784178112100 ) ) ;
#2456 = UNCERTAINTY_MEASURE_WITH_UNIT (LENGTH_MEASURE( 1.000000000000000100E-005 ), #2650, 'distance_accuracy_value', 'NONE');
#2457 = VECTOR ( 'NONE', #214, 1000.000000000000000 ) ;
#2458 = EDGE_CURVE ( 'NONE', #2678, #6151, #5342, .T. ) ;
#2459 = VERTEX_POINT ( 'NONE', #365 ) ;
#2460 = CARTESIAN_POINT ( 'NONE',  ( -4.129999999999998100, 1.124999999999999600, -3.775000000000000400 ) ) ;
#2461 = DIRECTION ( 'NONE',  ( -1.000000000000000000, -1.458100904399332600E-016, 0.0000000000000000000 ) ) ;
#2462 = VECTOR ( 'NONE', #6084, 1000.000000000000000 ) ;
#2463 = ORIENTED_EDGE ( 'NONE', *, *, #3156, .T. ) ;
#2464 = CARTESIAN_POINT ( 'NONE',  ( -3.522868262946701200, 1.124999999999999600, -8.829774775735726800 ) ) ;
#2465 = DIRECTION ( 'NONE',  ( -0.0000000000000000000, -0.0000000000000000000, 1.000000000000000000 ) ) ;
#2466 = CYLINDRICAL_SURFACE ( 'NONE', #3828, 1.599999999999999900 ) ;
#2467 = EDGE_CURVE ( 'NONE', #2678, #359, #3996, .T. ) ;
#2468 = CARTESIAN_POINT ( 'NONE',  ( -4.725000000000003200, 1.524999999999999700, -10.02499999999999700 ) ) ;
#2469 = VERTEX_POINT ( 'NONE', #1329 ) ;
#2470 = APPLICATION_PROTOCOL_DEFINITION ( 'draft international standard', 'automotive_design', 1998, #4346 ) ;
#2471 = CARTESIAN_POINT ( 'NONE',  ( -1.589999999999997600, 1.024999999999999700, -3.674999999999999400 ) ) ;
#2472 = CARTESIAN_POINT ( 'NONE',  ( 0.0000000000000000000, 1.525000000000000100, -10.77500000000000200 ) ) ;
#2473 = CARTESIAN_POINT ( 'NONE',  ( -2.219999999999996200, 1.824999999999999500, -3.774999999999999000 ) ) ;
#2474 = AXIS2_PLACEMENT_3D ( 'NONE', #2300, #803, #1765 ) ;
#2475 = DIRECTION ( 'NONE',  ( 1.000000000000000000, 1.355252715606880500E-016, 0.0000000000000000000 ) ) ;
#2476 = LINE ( 'NONE', #218, #1496 ) ;
#2477 = VECTOR ( 'NONE', #4398, 1000.000000000000000 ) ;
#2478 = DIRECTION ( 'NONE',  ( 1.000000000000000000, 1.458100904399333800E-016, 0.0000000000000000000 ) ) ;
#2479 =( LENGTH_UNIT ( ) NAMED_UNIT ( * ) SI_UNIT ( .MILLI., .METRE. ) );
#2480 = CARTESIAN_POINT ( 'NONE',  ( -1.589999999999997600, 1.004999999999999900, -2.975000000000000100 ) ) ;
#2481 = VECTOR ( 'NONE', #3847, 1000.000000000000000 ) ;
#2482 = VECTOR ( 'NONE', #5229, 1000.000000000000000 ) ;
#2483 = CARTESIAN_POINT ( 'NONE',  ( -3.490000000000000200, 1.124999999999999600, -1.775000000000000600 ) ) ;
#2484 = EDGE_CURVE ( 'NONE', #1280, #4444, #827, .T. ) ;
#2485 = ORIENTED_EDGE ( 'NONE', *, *, #2278, .F. ) ;
#2486 = PLANE ( 'NONE',  #3649 ) ;
#2487 = ORIENTED_EDGE ( 'NONE', *, *, #5162, .T. ) ;
#2488 = VECTOR ( 'NONE', #4048, 1000.000000000000000 ) ;
#2489 = ADVANCED_FACE ( 'NONE', ( #4884 ), #4628, .F. ) ;
#2490 = VERTEX_POINT ( 'NONE', #787 ) ;
#2491 = CIRCLE ( 'NONE', #6153, 0.3499999999999992000 ) ;
#2492 = ORIENTED_EDGE ( 'NONE', *, *, #4244, .F. ) ;
#2493 = VERTEX_POINT ( 'NONE', #3749 ) ;
#2494 = CARTESIAN_POINT ( 'NONE',  ( 2.540000000000000500, 1.525000000000000400, -2.975000000000000100 ) ) ;
#2495 = ORIENTED_EDGE ( 'NONE', *, *, #3853, .F. ) ;
#2496 = LINE ( 'NONE', #400, #4672 ) ;
#2497 = CIRCLE ( 'NONE', #5983, 0.1000000000000000500 ) ;
#2498 = CARTESIAN_POINT ( 'NONE',  ( -1.589999999999997600, 1.824999999999999700, -3.774999999999999000 ) ) ;
#2499 = ORIENTED_EDGE ( 'NONE', *, *, #3589, .F. ) ;
#2500 = ORIENTED_EDGE ( 'NONE', *, *, #2332, .F. ) ;
#2501 = AXIS2_PLACEMENT_3D ( 'NONE', #6110, #4194, #1766 ) ;
#2502 = VERTEX_POINT ( 'NONE', #330 ) ;
#2503 = DIRECTION ( 'NONE',  ( 1.000000000000000000, 0.0000000000000000000, 0.0000000000000000000 ) ) ;
#2504 = ORIENTED_EDGE ( 'NONE', *, *, #1501, .T. ) ;
#2505 = CARTESIAN_POINT ( 'NONE',  ( -3.810000000000000900, 1.124999999999999600, -5.225000000000002300 ) ) ;
#2506 = ORIENTED_EDGE ( 'NONE', *, *, #1232, .T. ) ;
#2507 = ORIENTED_EDGE ( 'NONE', *, *, #4185, .T. ) ;
#2508 = EDGE_CURVE ( 'NONE', #5245, #4974, #4506, .T. ) ;
#2510 = EDGE_CURVE ( 'NONE', #4730, #5993, #2926, .T. ) ;
#2509 = FACE_OUTER_BOUND ( 'NONE', #5752, .T. ) ;
#2511 = EDGE_LOOP ( 'NONE', ( #219, #5630, #2349, #3395 ) ) ;
#2512 = CARTESIAN_POINT ( 'NONE',  ( -0.3199999999999991200, 1.524999999999999900, -2.975000000000000100 ) ) ;
#2513 = AXIS2_PLACEMENT_3D ( 'NONE', #1669, #1704, #5066 ) ;
#2514 = DIRECTION ( 'NONE',  ( -9.537044630965832400E-017, 0.6540730207484939400, -0.7564314136317583600 ) ) ;
#2515 = CIRCLE ( 'NONE', #5138, 1.599999999999999900 ) ;
#2516 = DIRECTION ( 'NONE',  ( 0.5773502691896255100, 0.5773502691896285100, -0.5773502691896232900 ) ) ;
#2517 = AXIS2_PLACEMENT_3D ( 'NONE', #2153, #2601, #3036 ) ;
#2518 = DIRECTION ( 'NONE',  ( 1.458100904399333800E-016, -1.000000000000000000, 0.0000000000000000000 ) ) ;
#2519 = EDGE_CURVE ( 'NONE', #1912, #2017, #446, .T. ) ;
#2520 = VECTOR ( 'NONE', #1160, 1000.000000000000000 ) ;
#2521 = CARTESIAN_POINT ( 'NONE',  ( -0.3199999999999991200, 1.524999999999999900, -10.77500000000000200 ) ) ;
#2522 = CARTESIAN_POINT ( 'NONE',  ( 4.725000000000001400, 1.125000000000000900, -10.02500000000000000 ) ) ;
#2523 = EDGE_CURVE ( 'NONE', #4079, #2302, #3600, .T. ) ;
#2524 = DIRECTION ( 'NONE',  ( 1.000000000000000000, 1.458100904399332600E-016, 0.0000000000000000000 ) ) ;
#2525 = DIRECTION ( 'NONE',  ( -2.465190328815661900E-032, 1.000000000000000000, 1.879325878306208900E-048 ) ) ;
#2526 = ORIENTED_EDGE ( 'NONE', *, *, #6117, .T. ) ;
#2527 = DIRECTION ( 'NONE',  ( -1.000000000000000000, -1.458100904399333800E-016, 0.0000000000000000000 ) ) ;
#2528 = ORIENTED_EDGE ( 'NONE', *, *, #5355, .F. ) ;
#2529 = DIRECTION ( 'NONE',  ( -1.458100904399333800E-016, 1.000000000000000000, -0.0000000000000000000 ) ) ;
#2530 = DIRECTION ( 'NONE',  ( 1.000000000000000000, 1.458100904399333800E-016, 1.548860246407857400E-016 ) ) ;
#2531 = EDGE_CURVE ( 'NONE', #564, #1360, #4961, .T. ) ;
#2532 = LINE ( 'NONE', #1975, #3207 ) ;
#2533 = VERTEX_POINT ( 'NONE', #6232 ) ;
#2534 = ORIENTED_EDGE ( 'NONE', *, *, #5891, .T. ) ;
#2535 = CARTESIAN_POINT ( 'NONE',  ( 3.460053306695264100, 1.525000000000000600, -5.231108342253052400 ) ) ;
#2536 = LINE ( 'NONE', #2736, #127 ) ;
#2537 = ORIENTED_EDGE ( 'NONE', *, *, #5647, .T. ) ;
#2538 = EDGE_CURVE ( 'NONE', #399, #2980, #3143, .T. ) ;
#2539 = DIRECTION ( 'NONE',  ( 1.000000000000000000, 1.458100904399333800E-016, 0.0000000000000000000 ) ) ;
#2540 = LINE ( 'NONE', #5431, #2692 ) ;
#2541 = DIRECTION ( 'NONE',  ( 1.501062806046814100E-015, -1.000000000000000000, 4.379057701015053300E-047 ) ) ;
#2542 = LINE ( 'NONE', #3609, #437 ) ;
#2543 = ORIENTED_EDGE ( 'NONE', *, *, #4705, .T. ) ;
#2544 = AXIS2_PLACEMENT_3D ( 'NONE', #4722, #4741, #5198 ) ;
#2545 = DIRECTION ( 'NONE',  ( 1.000000000000000000, 0.0000000000000000000, 0.0000000000000000000 ) ) ;
#2546 = FACE_OUTER_BOUND ( 'NONE', #1444, .T. ) ;
#2547 = CARTESIAN_POINT ( 'NONE',  ( -1.589999999999997600, 0.4000000000000004100, 0.4250000000000017700 ) ) ;
#2548 = CARTESIAN_POINT ( 'NONE',  ( 2.220000000000001500, 1.525000000000000400, -2.975000000000000100 ) ) ;
#2549 = VECTOR ( 'NONE', #124, 1000.000000000000000 ) ;
#2550 = LINE ( 'NONE', #5712, #3677 ) ;
#2551 = EDGE_CURVE ( 'NONE', #3244, #23, #1039, .T. ) ;
#2552 = PLANE ( 'NONE',  #5927 ) ;
#2553 = EDGE_LOOP ( 'NONE', ( #539, #2953, #5023, #1527 ) ) ;
#2554 = LINE ( 'NONE', #746, #1274 ) ;
#2555 = CARTESIAN_POINT ( 'NONE',  ( 2.220000000000003300, 1.125000000000000400, -6.625000000000000900 ) ) ;
#2556 = LINE ( 'NONE', #5666, #4968 ) ;
#2557 = CARTESIAN_POINT ( 'NONE',  ( 1.590000000000001200, 1.525000000000000400, -1.774999999999998800 ) ) ;
#2558 = EDGE_CURVE ( 'NONE', #2950, #423, #1419, .T. ) ;
#2559 =( GEOMETRIC_REPRESENTATION_CONTEXT ( 3 ) GLOBAL_UNCERTAINTY_ASSIGNED_CONTEXT ( ( #2456 ) ) GLOBAL_UNIT_ASSIGNED_CONTEXT ( ( #2650, #4597, #4635 ) ) REPRESENTATION_CONTEXT ( 'NONE', 'WORKASPACE' ) );
#2560 = LINE ( 'NONE', #1684, #1205 ) ;
#2561 = ORIENTED_EDGE ( 'NONE', *, *, #3781, .T. ) ;
#2562 = DIRECTION ( 'NONE',  ( 1.000000000000000000, 0.0000000000000000000, 0.0000000000000000000 ) ) ;
#2563 = FACE_OUTER_BOUND ( 'NONE', #5273, .T. ) ;
#2564 = DIRECTION ( 'NONE',  ( 1.000000000000000000, 1.458100904399333800E-016, 0.0000000000000000000 ) ) ;
#2565 = DIRECTION ( 'NONE',  ( 0.0000000000000000000, 0.0000000000000000000, -1.000000000000000000 ) ) ;
#2566 = ORIENTED_EDGE ( 'NONE', *, *, #4936, .F. ) ;
#2567 = ADVANCED_FACE ( 'NONE', ( #818 ), #5686, .F. ) ;
#2568 = DIRECTION ( 'NONE',  ( 1.000000000000000000, 1.458100904399333800E-016, -0.0000000000000000000 ) ) ;
#2569 = ORIENTED_EDGE ( 'NONE', *, *, #4295, .T. ) ;
#2570 = ORIENTED_EDGE ( 'NONE', *, *, #2519, .F. ) ;
#2572 = EDGE_CURVE ( 'NONE', #3731, #5993, #5934, .T. ) ;
#2571 = VECTOR ( 'NONE', #3988, 1000.000000000000000 ) ;
#2573 = FACE_OUTER_BOUND ( 'NONE', #1668, .T. ) ;
#2574 = DIRECTION ( 'NONE',  ( 4.320902962630624700E-017, -0.7071067811865460200, -0.7071067811865490200 ) ) ;
#2575 = ORIENTED_EDGE ( 'NONE', *, *, #3853, .T. ) ;
#2576 = DIRECTION ( 'NONE',  ( 0.01745240643728364700, 2.544736961014804200E-018, -0.9998476951563911600 ) ) ;
#2577 = ORIENTED_EDGE ( 'NONE', *, *, #631, .T. ) ;
#2578 = VERTEX_POINT ( 'NONE', #3354 ) ;
#2579 = ORIENTED_EDGE ( 'NONE', *, *, #1434, .T. ) ;
#2580 = CARTESIAN_POINT ( 'NONE',  ( 2.220000000000001500, 1.125000000000000400, -3.775000000000000400 ) ) ;
#2581 = VERTEX_POINT ( 'NONE', #1377 ) ;
#2582 = ORIENTED_EDGE ( 'NONE', *, *, #3716, .F. ) ;
#2583 = DIRECTION ( 'NONE',  ( 1.000000000000000000, 1.458100904399333800E-016, 0.0000000000000000000 ) ) ;
#2584 = DIRECTION ( 'NONE',  ( 1.000000000000000000, 1.458100904399333800E-016, -0.0000000000000000000 ) ) ;
#2585 = EDGE_CURVE ( 'NONE', #6031, #302, #3674, .T. ) ;
#2586 = VERTEX_POINT ( 'NONE', #4759 ) ;
#2587 = LINE ( 'NONE', #2050, #712 ) ;
#2588 = CARTESIAN_POINT ( 'NONE',  ( -4.510000000000003300, 1.124999999999999300, -3.674999999999999400 ) ) ;
#2589 = EDGE_LOOP ( 'NONE', ( #6036, #5689, #1813, #1519 ) ) ;
#2590 = ADVANCED_FACE ( 'NONE', ( #1872 ), #2357, .F. ) ;
#2591 = LINE ( 'NONE', #2839, #1310 ) ;
#2592 = LINE ( 'NONE', #2268, #3192 ) ;
#2593 = DIRECTION ( 'NONE',  ( -1.458100904399333800E-016, 1.000000000000000000, 0.0000000000000000000 ) ) ;
#2594 = AXIS2_PLACEMENT_3D ( 'NONE', #5746, #5183, #2833 ) ;
#2595 = CARTESIAN_POINT ( 'NONE',  ( -1.589999999999997600, 0.4000000000000004100, -0.2505119680435621300 ) ) ;
#2596 = DIRECTION ( 'NONE',  ( 1.000000000000000000, 1.458100904399333800E-016, -0.0000000000000000000 ) ) ;
#2597 = ADVANCED_FACE ( 'NONE', ( #5114 ), #2085, .T. ) ;
#2598 = CARTESIAN_POINT ( 'NONE',  ( 0.9500000000000011800, 0.4000000000000007400, -0.2505119680435621300 ) ) ;
#2599 = LINE ( 'NONE', #1528, #4853 ) ;
#2600 = ORIENTED_EDGE ( 'NONE', *, *, #6200, .T. ) ;
#2601 = DIRECTION ( 'NONE',  ( -1.458100904399333800E-016, 1.000000000000000000, 0.0000000000000000000 ) ) ;
#2602 = ORIENTED_EDGE ( 'NONE', *, *, #944, .T. ) ;
#2603 = DIRECTION ( 'NONE',  ( 1.501062806046814100E-015, -1.000000000000000000, 4.379057701015053300E-047 ) ) ;
#2604 = VECTOR ( 'NONE', #3722, 1000.000000000000000 ) ;
#2605 = EDGE_CURVE ( 'NONE', #1663, #5588, #4357, .T. ) ;
#2606 = ORIENTED_EDGE ( 'NONE', *, *, #1754, .T. ) ;
#2607 = ORIENTED_EDGE ( 'NONE', *, *, #3741, .T. ) ;
#2608 = DIRECTION ( 'NONE',  ( 1.458100904399333800E-016, -1.000000000000000000, 0.0000000000000000000 ) ) ;
#2609 = DIRECTION ( 'NONE',  ( 0.0000000000000000000, 0.0000000000000000000, -1.000000000000000000 ) ) ;
#2610 = VECTOR ( 'NONE', #5288, 1000.000000000000000 ) ;
#2611 = CARTESIAN_POINT ( 'NONE',  ( -1.589999999999997600, 1.644999999999999800, -11.07499999999999900 ) ) ;
#2612 = EDGE_LOOP ( 'NONE', ( #3546, #1370, #4108, #5054 ) ) ;
#2613 = CARTESIAN_POINT ( 'NONE',  ( 3.490000000000000200, 1.025000000000000600, -1.775000000000000600 ) ) ;
#2614 = CARTESIAN_POINT ( 'NONE',  ( -3.109999999999998100, 1.524999999999999700, -1.775000000000000600 ) ) ;
#2615 = PLANE ( 'NONE',  #3925 ) ;
#2616 = LINE ( 'NONE', #235, #3446 ) ;
#2617 = DIRECTION ( 'NONE',  ( -1.458100904399333800E-016, 1.000000000000000000, 0.0000000000000000000 ) ) ;
#2618 = ORIENTED_EDGE ( 'NONE', *, *, #546, .F. ) ;
#2619 = AXIS2_PLACEMENT_3D ( 'NONE', #1294, #3713, #5131 ) ;
#2620 = DIRECTION ( 'NONE',  ( -1.458100904399333800E-016, 1.000000000000000000, 0.0000000000000000000 ) ) ;
#2621 = CIRCLE ( 'NONE', #2412, 0.1000000000000000500 ) ;
#2622 = LINE ( 'NONE', #4089, #595 ) ;
#2623 = VERTEX_POINT ( 'NONE', #906 ) ;
#2624 = DIRECTION ( 'NONE',  ( -1.000000000000000000, -1.458100904399333800E-016, 0.0000000000000000000 ) ) ;
#2625 = EDGE_CURVE ( 'NONE', #2586, #3095, #1269, .T. ) ;
#2626 = EDGE_CURVE ( 'NONE', #3244, #1282, #5862, .T. ) ;
#2627 = ADVANCED_FACE ( 'NONE', ( #4732 ), #1955, .F. ) ;
#2628 = CARTESIAN_POINT ( 'NONE',  ( 4.530000000000002900, 0.6049999999999995400, -11.47500000000000100 ) ) ;
#2629 = LINE ( 'NONE', #4217, #5793 ) ;
#2630 = LINE ( 'NONE', #1556, #4283 ) ;
#2631 = DIRECTION ( 'NONE',  ( 1.000000000000000000, 1.458100904399333800E-016, 0.0000000000000000000 ) ) ;
#2632 = DIRECTION ( 'NONE',  ( 1.458100904399333800E-016, -1.000000000000000000, 0.0000000000000000000 ) ) ;
#2633 = DIRECTION ( 'NONE',  ( 1.000000000000000000, 0.0000000000000000000, 7.930164461608279200E-014 ) ) ;
#2634 = VECTOR ( 'NONE', #3871, 1000.000000000000000 ) ;
#2635 = CARTESIAN_POINT ( 'NONE',  ( 7.620000000000000100, 1.525000000000001200, -2.975000000000000100 ) ) ;
#2636 = VECTOR ( 'NONE', #2020, 1000.000000000000000 ) ;
#2637 = EDGE_LOOP ( 'NONE', ( #623, #1221, #772, #1926 ) ) ;
#2638 = EDGE_CURVE ( 'NONE', #1780, #1152, #6014, .T. ) ;
#2639 = CARTESIAN_POINT ( 'NONE',  ( 4.530000000000001100, 2.045000000000001700, -11.47500000000000100 ) ) ;
#2640 = ORIENTED_EDGE ( 'NONE', *, *, #1190, .F. ) ;
#2641 = ORIENTED_EDGE ( 'NONE', *, *, #4725, .T. ) ;
#2642 = VECTOR ( 'NONE', #2671, 1000.000000000000000 ) ;
#2643 = VERTEX_POINT ( 'NONE', #987 ) ;
#2644 = VECTOR ( 'NONE', #6237, 1000.000000000000000 ) ;
#2645 = EDGE_CURVE ( 'NONE', #708, #5259, #2993, .T. ) ;
#2646 = EDGE_LOOP ( 'NONE', ( #451, #589, #2618, #1748 ) ) ;
#2647 = AXIS2_PLACEMENT_3D ( 'NONE', #4284, #2812, #2765 ) ;
#2648 = VERTEX_POINT ( 'NONE', #5345 ) ;
#2649 = ORIENTED_EDGE ( 'NONE', *, *, #4267, .T. ) ;
#2650 =( LENGTH_UNIT ( ) NAMED_UNIT ( * ) SI_UNIT ( .MILLI., .METRE. ) );
#2651 = CIRCLE ( 'NONE', #5535, 0.2000000000000000900 ) ;
#2652 = ORIENTED_EDGE ( 'NONE', *, *, #5848, .F. ) ;
#2653 = ORIENTED_EDGE ( 'NONE', *, *, #5795, .F. ) ;
#2654 = EDGE_CURVE ( 'NONE', #95, #475, #5561, .T. ) ;
#2655 = DIRECTION ( 'NONE',  ( -1.458100904399333800E-016, 1.000000000000000000, 0.0000000000000000000 ) ) ;
#2656 = ORIENTED_EDGE ( 'NONE', *, *, #105, .F. ) ;
#2657 = DIRECTION ( 'NONE',  ( 0.0000000000000000000, 0.0000000000000000000, -1.000000000000000000 ) ) ;
#2658 = ORIENTED_EDGE ( 'NONE', *, *, #2572, .F. ) ;
#2659 = VERTEX_POINT ( 'NONE', #5789 ) ;
#2660 = CYLINDRICAL_SURFACE ( 'NONE', #5977, 0.5000000000000002200 ) ;
#2661 = ADVANCED_FACE ( 'NONE', ( #2546 ), #3858, .F. ) ;
#2662 = CARTESIAN_POINT ( 'NONE',  ( 4.097131737053301100, 1.125000000000000700, -8.829774775735732100 ) ) ;
#2663 = ORIENTED_EDGE ( 'NONE', *, *, #5795, .T. ) ;
#2664 = DIRECTION ( 'NONE',  ( -0.7071067811865456900, -1.061411689142606900E-015, -0.7071067811865493500 ) ) ;
#2666 = EDGE_CURVE ( 'NONE', #2048, #922, #2393, .T. ) ;
#2665 = VECTOR ( 'NONE', #6149, 1000.000000000000000 ) ;
#2667 = CARTESIAN_POINT ( 'NONE',  ( -1.589999999999997600, 0.5000000000000004400, -0.2505119680435621300 ) ) ;
#2668 = AXIS2_PLACEMENT_3D ( 'NONE', #948, #1189, #3652 ) ;
#2669 = ORIENTED_EDGE ( 'NONE', *, *, #4109, .F. ) ;
#2670 = FACE_OUTER_BOUND ( 'NONE', #5815, .T. ) ;
#2671 = DIRECTION ( 'NONE',  ( 9.537044630965833600E-017, -0.6540730207484939400, 0.7564314136317582500 ) ) ;
#2672 = DIRECTION ( 'NONE',  ( 1.000000000000000000, 1.458100904399333800E-016, 0.0000000000000000000 ) ) ;
#2673 = VERTEX_POINT ( 'NONE', #2885 ) ;
#2674 = EDGE_CURVE ( 'NONE', #1273, #1963, #1944, .T. ) ;
#2675 = DIRECTION ( 'NONE',  ( -8.234364482433709200E-016, 1.000000000000000000, -6.776263578034404700E-016 ) ) ;
#2676 = CARTESIAN_POINT ( 'NONE',  ( 0.0000000000000000000, 1.525000000000000100, -2.975000000000000100 ) ) ;
#2677 = DIRECTION ( 'NONE',  ( 0.0000000000000000000, 0.0000000000000000000, -1.000000000000000000 ) ) ;
#2678 = VERTEX_POINT ( 'NONE', #2460 ) ;
#2679 = EDGE_CURVE ( 'NONE', #1592, #3093, #6090, .T. ) ;
#2680 = DIRECTION ( 'NONE',  ( 1.000000000000000000, 1.458100904399333800E-016, 0.0000000000000000000 ) ) ;
#2681 = AXIS2_PLACEMENT_3D ( 'NONE', #4363, #2443, #2908 ) ;
#2682 = LINE ( 'NONE', #572, #4413 ) ;
#2683 = ORIENTED_EDGE ( 'NONE', *, *, #4698, .F. ) ;
#2684 = ORIENTED_EDGE ( 'NONE', *, *, #4096, .T. ) ;
#2685 = DIRECTION ( 'NONE',  ( -1.458100904399333800E-016, 1.000000000000000000, 0.0000000000000000000 ) ) ;
#2686 = EDGE_CURVE ( 'NONE', #5899, #6150, #523, .T. ) ;
#2687 = CARTESIAN_POINT ( 'NONE',  ( -4.129999999999998100, 1.004999999999999400, -10.77499999999999900 ) ) ;
#2688 = VECTOR ( 'NONE', #1247, 1000.000000000000000 ) ;
#2689 = ADVANCED_FACE ( 'NONE', ( #4429 ), #3419, .T. ) ;
#2690 = EDGE_LOOP ( 'NONE', ( #307, #1210, #4373, #3815 ) ) ;
#2691 = CARTESIAN_POINT ( 'NONE',  ( 3.155277774416255000, 1.125000000000000400, -8.752773196134491200 ) ) ;
#2692 = VECTOR ( 'NONE', #2568, 1000.000000000000000 ) ;
#2693 = PLANE ( 'NONE',  #2857 ) ;
#2694 = CARTESIAN_POINT ( 'NONE',  ( 4.129999999999999900, 1.025000000000000600, -1.775000000000000600 ) ) ;
#2695 = VECTOR ( 'NONE', #2071, 1000.000000000000000 ) ;
#2696 = VERTEX_POINT ( 'NONE', #4819 ) ;
#2697 = DIRECTION ( 'NONE',  ( -1.458100904399333800E-016, 1.000000000000000000, 0.0000000000000000000 ) ) ;
#2698 = VECTOR ( 'NONE', #5013, 1000.000000000000000 ) ;
#2699 = VECTOR ( 'NONE', #4296, 1000.000000000000000 ) ;
#2700 = CARTESIAN_POINT ( 'NONE',  ( 4.129999999999999900, 1.100643141363176300, -1.709592697925151000 ) ) ;
#2701 = AXIS2_PLACEMENT_3D ( 'NONE', #2185, #5167, #3127 ) ;
#2702 = LINE ( 'NONE', #2364, #138 ) ;
#2703 = ORIENTED_EDGE ( 'NONE', *, *, #5565, .F. ) ;
#2704 = VECTOR ( 'NONE', #5154, 1000.000000000000000 ) ;
#2705 = CARTESIAN_POINT ( 'NONE',  ( -4.129999999999998100, 1.024999999999999500, -3.674999999999999400 ) ) ;
#2706 = FACE_OUTER_BOUND ( 'NONE', #765, .T. ) ;
#2707 = DIRECTION ( 'NONE',  ( 1.000000000000000000, 1.458100904399333800E-016, 0.0000000000000000000 ) ) ;
#2708 = AXIS2_PLACEMENT_3D ( 'NONE', #516, #559, #3878 ) ;
#2709 = CARTESIAN_POINT ( 'NONE',  ( -0.9499999999999995100, 1.403215706815879000, -1.447963489625751400 ) ) ;
#2710 = CIRCLE ( 'NONE', #5569, 0.3499999999999992000 ) ;
#2711 = ORIENTED_EDGE ( 'NONE', *, *, #2523, .F. ) ;
#2712 = CIRCLE ( 'NONE', #347, 0.2500000000000002200 ) ;
#2713 = ADVANCED_FACE ( 'NONE', ( #3225 ), #968, .T. ) ;
#2714 = DIRECTION ( 'NONE',  ( -1.458100904399333800E-016, 1.000000000000000000, 0.0000000000000000000 ) ) ;
#2715 = VERTEX_POINT ( 'NONE', #5766 ) ;
#2716 = DIRECTION ( 'NONE',  ( 1.000000000000000000, 0.0000000000000000000, 0.0000000000000000000 ) ) ;
#2717 = CARTESIAN_POINT ( 'NONE',  ( 0.9200533066952634200, 1.125000000000000200, -5.231108342253048900 ) ) ;
#2718 = EDGE_LOOP ( 'NONE', ( #1972, #118, #5364, #2044, #1713, #3188, #260, #3239, #5291, #1735, #3693, #5500 ) ) ;
#2719 = CARTESIAN_POINT ( 'NONE',  ( 0.9500000000000011800, 1.645000000000000200, -2.975000000000000100 ) ) ;
#2720 = ORIENTED_EDGE ( 'NONE', *, *, #5439, .F. ) ;
#2721 = FACE_OUTER_BOUND ( 'NONE', #4340, .T. ) ;
#2722 = CIRCLE ( 'NONE', #3488, 0.2500000000000002200 ) ;
#2723 = VERTEX_POINT ( 'NONE', #2902 ) ;
#2724 = EDGE_LOOP ( 'NONE', ( #4411, #6108, #2925, #2803 ) ) ;
#2725 = DIRECTION ( 'NONE',  ( -0.0000000000000000000, -0.0000000000000000000, 1.000000000000000000 ) ) ;
#2726 = CARTESIAN_POINT ( 'NONE',  ( 4.159946693304737800, 1.525000000000000600, -5.231108342253052400 ) ) ;
#2727 = EDGE_CURVE ( 'NONE', #2578, #5588, #6240, .T. ) ;
#2728 = ORIENTED_EDGE ( 'NONE', *, *, #3074, .T. ) ;
#2729 = ORIENTED_EDGE ( 'NONE', *, *, #4318, .T. ) ;
#2730 = CARTESIAN_POINT ( 'NONE',  ( 4.129999999999999900, 1.403215706815879700, -1.447963489625753200 ) ) ;
#2731 = PLANE ( 'NONE',  #3734 ) ;
#2732 = DIRECTION ( 'NONE',  ( 1.000000000000000000, 1.458100904399333800E-016, 1.548860246407857400E-016 ) ) ;
#2733 = ORIENTED_EDGE ( 'NONE', *, *, #2068, .F. ) ;
#2734 = DIRECTION ( 'NONE',  ( -1.458100904399333800E-016, 1.000000000000000000, 0.0000000000000000000 ) ) ;
#2735 = VECTOR ( 'NONE', #2976, 1000.000000000000000 ) ;
#2736 = CARTESIAN_POINT ( 'NONE',  ( 1.390000000000002300, 8.673617379884037400E-016, 0.4250000000000000400 ) ) ;
#2737 = EDGE_LOOP ( 'NONE', ( #4126, #4976, #434, #4236 ) ) ;
#2738 = VECTOR ( 'NONE', #4058, 1000.000000000000000 ) ;
#2739 = FACE_OUTER_BOUND ( 'NONE', #2408, .T. ) ;
#2740 = CARTESIAN_POINT ( 'NONE',  ( -3.109999999999998100, 1.124999999999999600, -3.924999999999999800 ) ) ;
#2741 = DIRECTION ( 'NONE',  ( -1.239088197126290300E-016, -1.806715620860384200E-032, -1.000000000000000000 ) ) ;
#2742 = ADVANCED_FACE ( 'NONE', ( #4576 ), #1472, .F. ) ;
#2743 = EDGE_CURVE ( 'NONE', #4453, #2752, #2169, .T. ) ;
#2744 = CIRCLE ( 'NONE', #5238, 0.1000000000000000500 ) ;
#2745 = CARTESIAN_POINT ( 'NONE',  ( 0.0000000000000000000, 1.525000000000000100, -10.77500000000000200 ) ) ;
#2746 = AXIS2_PLACEMENT_3D ( 'NONE', #5112, #1275, #3187 ) ;
#2747 = VERTEX_POINT ( 'NONE', #1009 ) ;
#2748 = CARTESIAN_POINT ( 'NONE',  ( -1.589999999999997600, 2.168404344971010800E-016, -0.2505119680435621300 ) ) ;
#2749 = AXIS2_PLACEMENT_3D ( 'NONE', #4514, #321, #5970 ) ;
#2750 = DIRECTION ( 'NONE',  ( -1.458100904399333800E-016, 1.000000000000000000, 0.0000000000000000000 ) ) ;
#2751 = VECTOR ( 'NONE', #5009, 1000.000000000000000 ) ;
#2752 = VERTEX_POINT ( 'NONE', #5830 ) ;
#2753 = EDGE_LOOP ( 'NONE', ( #3313, #1123, #3856, #2783 ) ) ;
#2754 = EDGE_CURVE ( 'NONE', #2869, #4593, #4137, .T. ) ;
#2755 = CARTESIAN_POINT ( 'NONE',  ( -4.510000000000003300, 1.124999999999999300, -3.674999999999999400 ) ) ;
#2756 = LINE ( 'NONE', #278, #1101 ) ;
#2757 = EDGE_CURVE ( 'NONE', #5534, #1206, #3381, .T. ) ;
#2758 = ORIENTED_EDGE ( 'NONE', *, *, #990, .F. ) ;
#2759 = DIRECTION ( 'NONE',  ( -0.5773502691896274000, 0.5773502691896260600, 0.5773502691896237300 ) ) ;
#2760 = DIRECTION ( 'NONE',  ( -1.458100904399333800E-016, 1.000000000000000000, -0.0000000000000000000 ) ) ;
#2761 = FACE_OUTER_BOUND ( 'NONE', #4801, .T. ) ;
#2762 = VERTEX_POINT ( 'NONE', #4949 ) ;
#2763 = CARTESIAN_POINT ( 'NONE',  ( 4.510000000000001600, 1.525000000000000800, -3.924999999999999800 ) ) ;
#2764 = AXIS2_PLACEMENT_3D ( 'NONE', #1648, #5026, #2133 ) ;
#2765 = DIRECTION ( 'NONE',  ( 1.458100904399333800E-016, -1.000000000000000000, 0.0000000000000000000 ) ) ;
#2766 = CIRCLE ( 'NONE', #1769, 0.3499999999999992000 ) ;
#2767 = FACE_OUTER_BOUND ( 'NONE', #5466, .T. ) ;
#2768 = DIRECTION ( 'NONE',  ( 1.000000000000000000, 1.458100904399333800E-016, -0.0000000000000000000 ) ) ;
#2769 = VERTEX_POINT ( 'NONE', #594 ) ;
#2770 = ADVANCED_FACE ( 'NONE', ( #4649 ), #1108, .F. ) ;
#2771 = DIRECTION ( 'NONE',  ( 0.9998476951563912700, 1.457878828569123600E-016, -0.01745240643728340400 ) ) ;
#2772 = DIRECTION ( 'NONE',  ( 1.000000000000000000, 1.458100904399333800E-016, 0.0000000000000000000 ) ) ;
#2773 = LINE ( 'NONE', #174, #5487 ) ;
#2774 = VECTOR ( 'NONE', #4481, 1000.000000000000000 ) ;
#2775 = EDGE_CURVE ( 'NONE', #2459, #1524, #2242, .T. ) ;
#2776 = ORIENTED_EDGE ( 'NONE', *, *, #411, .T. ) ;
#2777 = LINE ( 'NONE', #2432, #2481 ) ;
#2778 = CARTESIAN_POINT ( 'NONE',  ( 3.490000000000000200, 1.125000000000000700, -3.924999999999999800 ) ) ;
#2779 = AXIS2_PLACEMENT_3D ( 'NONE', #1428, #2411, #3792 ) ;
#2780 = FACE_OUTER_BOUND ( 'NONE', #1015, .T. ) ;
#2781 = DIRECTION ( 'NONE',  ( -1.458100904399333800E-016, 1.000000000000000000, -0.0000000000000000000 ) ) ;
#2782 = EDGE_LOOP ( 'NONE', ( #1037, #883, #5571, #687 ) ) ;
#2783 = ORIENTED_EDGE ( 'NONE', *, *, #4882, .F. ) ;
#2784 = ORIENTED_EDGE ( 'NONE', *, *, #4679, .F. ) ;
#2785 = PRODUCT_DEFINITION ( 'UNKNOWN', '', #5379, #3320 ) ;
#2786 = LINE ( 'NONE', #2709, #2642 ) ;
#2787 = ORIENTED_EDGE ( 'NONE', *, *, #3664, .T. ) ;
#2788 = PLANE ( 'NONE',  #2647 ) ;
#2789 = LINE ( 'NONE', #4719, #2110 ) ;
#2790 = ORIENTED_EDGE ( 'NONE', *, *, #5108, .F. ) ;
#2791 = CARTESIAN_POINT ( 'NONE',  ( -3.490000000000000200, 1.524999999999999500, -3.775000000000000400 ) ) ;
#2792 = EDGE_CURVE ( 'NONE', #1381, #95, #1790, .T. ) ;
#2793 = DIRECTION ( 'NONE',  ( 1.000000000000000000, 1.458100904399332600E-016, 0.0000000000000000000 ) ) ;
#2794 = ORIENTED_EDGE ( 'NONE', *, *, #1824, .F. ) ;
#2795 = ORIENTED_EDGE ( 'NONE', *, *, #424, .F. ) ;
#2796 = ORIENTED_EDGE ( 'NONE', *, *, #2775, .F. ) ;
#2797 = VECTOR ( 'NONE', #5858, 1000.000000000000000 ) ;
#2798 = DIRECTION ( 'NONE',  ( -1.458100904399333800E-016, 1.000000000000000000, 0.0000000000000000000 ) ) ;
#2799 = DIRECTION ( 'NONE',  ( -1.458100904399333800E-016, 1.000000000000000000, -0.0000000000000000000 ) ) ;
#2800 = VERTEX_POINT ( 'NONE', #3985 ) ;
#2801 = AXIS2_PLACEMENT_3D ( 'NONE', #5966, #5461, #180 ) ;
#2802 = ORIENTED_EDGE ( 'NONE', *, *, #2431, .F. ) ;
#2803 = ORIENTED_EDGE ( 'NONE', *, *, #1335, .T. ) ;
#2804 = ORIENTED_EDGE ( 'NONE', *, *, #5687, .F. ) ;
#2805 = ORIENTED_EDGE ( 'NONE', *, *, #2585, .T. ) ;
#2806 = CARTESIAN_POINT ( 'NONE',  ( -1.970000000000003100, 1.524999999999999700, -3.674999999999999400 ) ) ;
#2807 = CARTESIAN_POINT ( 'NONE',  ( 0.9200533066952634200, 1.125000000000000200, -5.231108342253048900 ) ) ;
#2808 = EDGE_CURVE ( 'NONE', #596, #2747, #3066, .T. ) ;
#2809 = ADVANCED_FACE ( 'NONE', ( #1716 ), #672, .F. ) ;
#2810 = LINE ( 'NONE', #2136, #1680 ) ;
#2811 = VERTEX_POINT ( 'NONE', #4494 ) ;
#2812 = DIRECTION ( 'NONE',  ( 1.000000000000000000, 1.458100904399333800E-016, 0.0000000000000000000 ) ) ;
#2813 = VECTOR ( 'NONE', #1623, 1000.000000000000000 ) ;
#2814 = PRODUCT_DEFINITION_SHAPE ( 'NONE', 'NONE',  #2785 ) ;
#2815 = DIRECTION ( 'NONE',  ( 1.000000000000000000, 1.458100904399333800E-016, -0.0000000000000000000 ) ) ;
#2816 = CARTESIAN_POINT ( 'NONE',  ( 1.590000000000001200, 1.825000000000000200, -3.775000000000000400 ) ) ;
#2817 = ORIENTED_EDGE ( 'NONE', *, *, #3899, .T. ) ;
#2818 = DIRECTION ( 'NONE',  ( 1.000000000000000000, 1.458100904399333800E-016, 0.0000000000000000000 ) ) ;
#2819 = LINE ( 'NONE', #3182, #4934 ) ;
#2820 = DIRECTION ( 'NONE',  ( 1.458100904399333800E-016, -1.000000000000000000, 0.0000000000000000000 ) ) ;
#2821 = AXIS2_PLACEMENT_3D ( 'NONE', #3688, #5626, #2276 ) ;
#2822 = ORIENTED_EDGE ( 'NONE', *, *, #4526, .F. ) ;
#2823 = DIRECTION ( 'NONE',  ( -1.458100904399333800E-016, 1.000000000000000000, -0.0000000000000000000 ) ) ;
#2824 = EDGE_CURVE ( 'NONE', #473, #3257, #2919, .T. ) ;
#2825 = EDGE_CURVE ( 'NONE', #2201, #4079, #5709, .T. ) ;
#2826 = ORIENTED_EDGE ( 'NONE', *, *, #384, .T. ) ;
#2827 = CARTESIAN_POINT ( 'NONE',  ( 1.590000000000001200, 0.1217842931841219400, -0.5775484784178112100 ) ) ;
#2828 = AXIS2_PLACEMENT_3D ( 'NONE', #6198, #1352, #1430 ) ;
#2829 = DIRECTION ( 'NONE',  ( 0.01745240643728328300, 2.544736961014750700E-018, 0.9998476951563911600 ) ) ;
#2830 = VERTEX_POINT ( 'NONE', #4991 ) ;
#2831 = EDGE_LOOP ( 'NONE', ( #3682, #650, #4164, #455 ) ) ;
#2832 = STYLED_ITEM ( 'NONE', ( #4944 ), #3773 ) ;
#2833 = DIRECTION ( 'NONE',  ( -1.000000000000000000, -1.458100904399333800E-016, 0.0000000000000000000 ) ) ;
#2834 = CARTESIAN_POINT ( 'NONE',  ( 5.204999999999999200, 2.650000000000000400, -11.47500000000000100 ) ) ;
#2835 = FACE_OUTER_BOUND ( 'NONE', #6045, .T. ) ;
#2836 = EDGE_CURVE ( 'NONE', #1425, #1929, #3990, .T. ) ;
#2837 = DIRECTION ( 'NONE',  ( 1.458100904399333800E-016, -1.000000000000000000, 0.0000000000000000000 ) ) ;
#2838 = ORIENTED_EDGE ( 'NONE', *, *, #6096, .F. ) ;
#2839 = CARTESIAN_POINT ( 'NONE',  ( 3.490000000000000200, 1.525000000000000600, -1.775000000000000600 ) ) ;
#2840 = EDGE_CURVE ( 'NONE', #5189, #4762, #2766, .T. ) ;
#2841 = VECTOR ( 'NONE', #4543, 1000.000000000000000 ) ;
#2842 = VERTEX_POINT ( 'NONE', #3062 ) ;
#2843 = DIRECTION ( 'NONE',  ( -1.458100904399333800E-016, 1.000000000000000000, 0.0000000000000000000 ) ) ;
#2844 = FACE_OUTER_BOUND ( 'NONE', #4483, .T. ) ;
#2845 = DIRECTION ( 'NONE',  ( -1.458100904399333800E-016, 1.000000000000000000, 0.0000000000000000000 ) ) ;
#2846 = ORIENTED_EDGE ( 'NONE', *, *, #5393, .T. ) ;
#2847 = VECTOR ( 'NONE', #678, 1000.000000000000000 ) ;
#2848 = DIRECTION ( 'NONE',  ( 0.0000000000000000000, 0.0000000000000000000, -1.000000000000000000 ) ) ;
#2849 = VECTOR ( 'NONE', #557, 1000.000000000000000 ) ;
#2850 = EDGE_CURVE ( 'NONE', #2225, #5259, #4877, .T. ) ;
#2851 = DIRECTION ( 'NONE',  ( -1.458100904399333800E-016, 1.000000000000000000, 0.0000000000000000000 ) ) ;
#2852 = CYLINDRICAL_SURFACE ( 'NONE', #4379, 0.2000000000000000900 ) ;
#2853 = DIRECTION ( 'NONE',  ( -1.000000000000000000, -1.458100904399333800E-016, -0.0000000000000000000 ) ) ;
#2854 = DIRECTION ( 'NONE',  ( -1.458100904399333800E-016, 1.000000000000000000, 0.0000000000000000000 ) ) ;
#2855 = VECTOR ( 'NONE', #3336, 1000.000000000000000 ) ;
#2856 = VECTOR ( 'NONE', #4972, 1000.000000000000000 ) ;
#2857 = AXIS2_PLACEMENT_3D ( 'NONE', #4114, #3199, #804 ) ;
#2858 = CLOSED_SHELL ( 'NONE', ( #3277, #4055, #5974, #1828, #1544, #4728, #856, #4292, #5529, #5774, #4517, #5596, #822, #2109, #1323, #5002, #5645, #2454, #2362, #1237, #5218, #4663, #1299, #4351, #4022, #5616, #6131, #1201, #3191, #738 ) ) ;
#2859 = DIRECTION ( 'NONE',  ( 0.01029357226245748000, 1.500906702538914700E-018, 0.9999470197815869500 ) ) ;
#2860 = CARTESIAN_POINT ( 'NONE',  ( -2.894999999999998200, 1.524999999999999900, -10.02500000000000000 ) ) ;
#2861 = ORIENTED_EDGE ( 'NONE', *, *, #4691, .T. ) ;
#2862 = FACE_OUTER_BOUND ( 'NONE', #2421, .T. ) ;
#2863 = ORIENTED_EDGE ( 'NONE', *, *, #1056, .T. ) ;
#2864 = CYLINDRICAL_SURFACE ( 'NONE', #3892, 0.3499999999999992000 ) ;
#2865 = EDGE_CURVE ( 'NONE', #2406, #2191, #2540, .T. ) ;
#2866 = VERTEX_POINT ( 'NONE', #2981 ) ;
#2867 = ORIENTED_EDGE ( 'NONE', *, *, #2969, .F. ) ;
#2868 = CARTESIAN_POINT ( 'NONE',  ( 0.9500000000000011800, 1.825000000000000000, -3.775000000000000400 ) ) ;
#2869 = VERTEX_POINT ( 'NONE', #2037 ) ;
#2870 = CARTESIAN_POINT ( 'NONE',  ( 1.590000000000001200, 8.673617379884037400E-016, 0.2250000000000012500 ) ) ;
#2871 = CIRCLE ( 'NONE', #1013, 1.599999999999999900 ) ;
#2872 = ADVANCED_FACE ( 'NONE', ( #3668 ), #4460, .F. ) ;
#2873 = CIRCLE ( 'NONE', #6185, 0.3499999999999992000 ) ;
#2874 = EDGE_LOOP ( 'NONE', ( #871, #398, #5130, #2999, #2528, #907, #1733, #4953 ) ) ;
#2875 = PRESENTATION_LAYER_ASSIGNMENT (  '', '', ( #2342 ) ) ;
#2876 = PLANE ( 'NONE',  #4891 ) ;
#2877 = EDGE_CURVE ( 'NONE', #1967, #4593, #961, .T. ) ;
#2878 = ORIENTED_EDGE ( 'NONE', *, *, #1924, .F. ) ;
#2879 = DIRECTION ( 'NONE',  ( 1.458100904399333800E-016, -1.000000000000000000, 0.0000000000000000000 ) ) ;
#2880 = ORIENTED_EDGE ( 'NONE', *, *, #2420, .F. ) ;
#2881 = CARTESIAN_POINT ( 'NONE',  ( 1.590000000000001200, 1.125000000000000400, -2.975000000000000100 ) ) ;
#2882 = EDGE_CURVE ( 'NONE', #1585, #4308, #67, .T. ) ;
#2883 = DIRECTION ( 'NONE',  ( -8.234364482433703300E-016, 1.000000000000000000, -6.776263578034403700E-016 ) ) ;
#2884 = ORIENTED_EDGE ( 'NONE', *, *, #213, .T. ) ;
#2885 = CARTESIAN_POINT ( 'NONE',  ( 1.150000000000001700, 8.673617379884037400E-016, 0.4250000000000000400 ) ) ;
#2886 = FACE_OUTER_BOUND ( 'NONE', #4568, .T. ) ;
#2887 = CARTESIAN_POINT ( 'NONE',  ( 0.3200000000000008400, 1.525000000000000100, -10.77500000000000200 ) ) ;
#2888 = CARTESIAN_POINT ( 'NONE',  ( 1.619946693304737100, 1.525000000000000400, -5.231108342253052400 ) ) ;
#2889 = ORIENTED_EDGE ( 'NONE', *, *, #3140, .T. ) ;
#2890 = EDGE_CURVE ( 'NONE', #3462, #4459, #6233, .T. ) ;
#2891 = VECTOR ( 'NONE', #5074, 1000.000000000000000 ) ;
#2892 = LINE ( 'NONE', #1665, #1461 ) ;
#2893 = DIRECTION ( 'NONE',  ( 1.000000000000000000, 0.0000000000000000000, 0.0000000000000000000 ) ) ;
#2894 = ORIENTED_EDGE ( 'NONE', *, *, #3571, .F. ) ;
#2895 = CARTESIAN_POINT ( 'NONE',  ( 0.6152777744162542000, 1.125000000000000200, -8.752773196134491200 ) ) ;
#2896 = ADVANCED_FACE ( 'NONE', ( #886 ), #5408, .T. ) ;
#2897 = DIRECTION ( 'NONE',  ( 0.0000000000000000000, 0.0000000000000000000, -1.000000000000000000 ) ) ;
#2898 = VERTEX_POINT ( 'NONE', #1658 ) ;
#2899 = CARTESIAN_POINT ( 'NONE',  ( 2.540000000000000500, 1.125000000000000400, -2.975000000000000100 ) ) ;
#2900 = EDGE_CURVE ( 'NONE', #4165, #4388, #1186, .T. ) ;
#2901 = CARTESIAN_POINT ( 'NONE',  ( -4.129999999999998100, 1.524999999999999500, -1.775000000000000600 ) ) ;
#2902 = CARTESIAN_POINT ( 'NONE',  ( 1.390000000000002300, 8.673617379884037400E-016, 0.4250000000000000400 ) ) ;
#2903 = AXIS2_PLACEMENT_3D ( 'NONE', #5880, #997, #5821 ) ;
#2904 = LINE ( 'NONE', #3193, #3655 ) ;
#2905 = ORIENTED_EDGE ( 'NONE', *, *, #3478, .F. ) ;
#2906 = ORIENTED_EDGE ( 'NONE', *, *, #4467, .T. ) ;
#2907 = CARTESIAN_POINT ( 'NONE',  ( 0.3549999999999994300, 1.125000000000000200, -10.02500000000000000 ) ) ;
#2908 = DIRECTION ( 'NONE',  ( -1.000000000000000000, -1.458100904399333800E-016, 0.0000000000000000000 ) ) ;
#2909 = VECTOR ( 'NONE', #3422, 1000.000000000000000 ) ;
#2910 = ORIENTED_EDGE ( 'NONE', *, *, #1228, .F. ) ;
#2911 = AXIS2_PLACEMENT_3D ( 'NONE', #6154, #387, #4257 ) ;
#2912 = DIRECTION ( 'NONE',  ( 1.000000000000000000, 1.458100904399333800E-016, 0.0000000000000000000 ) ) ;
#2913 = FACE_OUTER_BOUND ( 'NONE', #6048, .T. ) ;
#2914 = CARTESIAN_POINT ( 'NONE',  ( 3.490000000000002000, 1.403215706815879700, -1.447963489625753200 ) ) ;
#2915 = VERTEX_POINT ( 'NONE', #3085 ) ;
#2916 = CARTESIAN_POINT ( 'NONE',  ( 4.760000000000002500, 1.125000000000000900, -10.77500000000000200 ) ) ;
#2917 = DIRECTION ( 'NONE',  ( -0.9999470197815870700, -1.458023653894950600E-016, 0.01029357226245748200 ) ) ;
#2918 = DIRECTION ( 'NONE',  ( -0.0000000000000000000, -0.0000000000000000000, 1.000000000000000000 ) ) ;
#2919 = LINE ( 'NONE', #3512, #751 ) ;
#2920 = CARTESIAN_POINT ( 'NONE',  ( 0.0000000000000000000, 1.125000000000000000, -10.77500000000000200 ) ) ;
#2921 = VECTOR ( 'NONE', #2158, 1000.000000000000000 ) ;
#2922 = ORIENTED_EDGE ( 'NONE', *, *, #2230, .F. ) ;
#2923 = VECTOR ( 'NONE', #2518, 1000.000000000000000 ) ;
#2924 = EDGE_CURVE ( 'NONE', #2811, #3885, #6083, .T. ) ;
#2925 = ORIENTED_EDGE ( 'NONE', *, *, #1701, .T. ) ;
#2926 = CIRCLE ( 'NONE', #2828, 1.599999999999999900 ) ;
#2927 = DIRECTION ( 'NONE',  ( 1.000000000000000000, 1.458100904399333800E-016, -0.0000000000000000000 ) ) ;
#2928 = LINE ( 'NONE', #2614, #4291 ) ;
#2929 = LINE ( 'NONE', #3468, #5049 ) ;
#2930 = CARTESIAN_POINT ( 'NONE',  ( -0.9499999999999995100, 0.1217842931841212900, -0.5775484784178112100 ) ) ;
#2931 = LINE ( 'NONE', #4916, #2636 ) ;
#2932 = VERTEX_POINT ( 'NONE', #2119 ) ;
#2933 = CARTESIAN_POINT ( 'NONE',  ( 0.3199999999999974000, 1.125000000000000200, -3.924999999999999800 ) ) ;
#2934 = PLANE ( 'NONE',  #4886 ) ;
#2935 = ORIENTED_EDGE ( 'NONE', *, *, #1403, .F. ) ;
#2936 = ORIENTED_EDGE ( 'NONE', *, *, #4620, .F. ) ;
#2937 = LINE ( 'NONE', #5101, #5129 ) ;
#2938 = EDGE_LOOP ( 'NONE', ( #2070, #29, #3090, #1666 ) ) ;
#2939 = LINE ( 'NONE', #6140, #6182 ) ;
#2940 = CARTESIAN_POINT ( 'NONE',  ( 0.9500000000000011800, 1.525000000000000100, -10.77500000000000200 ) ) ;
#2941 = DIRECTION ( 'NONE',  ( -1.458100904399333800E-016, 1.000000000000000000, 0.0000000000000000000 ) ) ;
#2942 = ORIENTED_EDGE ( 'NONE', *, *, #59, .F. ) ;
#2943 = ORIENTED_EDGE ( 'NONE', *, *, #4881, .F. ) ;
#2944 = DIRECTION ( 'NONE',  ( -0.0000000000000000000, -0.0000000000000000000, 1.000000000000000000 ) ) ;
#2945 = VERTEX_POINT ( 'NONE', #3575 ) ;
#2946 = ORIENTED_EDGE ( 'NONE', *, *, #1980, .T. ) ;
#2947 = DIRECTION ( 'NONE',  ( 1.458100904399333800E-016, -1.000000000000000000, 0.0000000000000000000 ) ) ;
#2948 = EDGE_CURVE ( 'NONE', #3248, #4857, #4955, .T. ) ;
#2949 = EDGE_CURVE ( 'NONE', #4730, #5911, #1107, .T. ) ;
#2950 = VERTEX_POINT ( 'NONE', #3358 ) ;
#2951 = ORIENTED_EDGE ( 'NONE', *, *, #614, .F. ) ;
#2952 = AXIS2_PLACEMENT_3D ( 'NONE', #2318, #1407, #3276 ) ;
#2953 = ORIENTED_EDGE ( 'NONE', *, *, #1614, .T. ) ;
#2954 = AXIS2_PLACEMENT_3D ( 'NONE', #1069, #1996, #5844 ) ;
#2955 = VERTEX_POINT ( 'NONE', #1437 ) ;
#2956 = VECTOR ( 'NONE', #735, 1000.000000000000000 ) ;
#2957 = CARTESIAN_POINT ( 'NONE',  ( 1.590000000000001200, 0.4000000000000008500, -1.774999999999998800 ) ) ;
#2958 = EDGE_CURVE ( 'NONE', #488, #2932, #4423, .T. ) ;
#2959 = DIRECTION ( 'NONE',  ( 1.000000000000000000, 1.458100904399333800E-016, 0.0000000000000000000 ) ) ;
#2960 = VERTEX_POINT ( 'NONE', #3340 ) ;
#2961 = ADVANCED_FACE ( 'NONE', ( #1491 ), #5109, .F. ) ;
#2962 = EDGE_CURVE ( 'NONE', #1832, #1507, #6165, .T. ) ;
#2963 = VECTOR ( 'NONE', #3617, 1000.000000000000000 ) ;
#2964 = DIRECTION ( 'NONE',  ( 1.000000000000000000, 2.465190328815661900E-032, 0.0000000000000000000 ) ) ;
#2965 = CARTESIAN_POINT ( 'NONE',  ( 4.760000000000004200, 1.525000000000000800, -3.774999999999999000 ) ) ;
#2966 = CARTESIAN_POINT ( 'NONE',  ( -1.149999999999998100, 4.336808689942019700E-016, 0.2250000000000012500 ) ) ;
#2967 = VECTOR ( 'NONE', #4977, 1000.000000000000100 ) ;
#2968 = DIRECTION ( 'NONE',  ( -1.458100904399333800E-016, 1.000000000000000000, -0.0000000000000000000 ) ) ;
#2969 = EDGE_CURVE ( 'NONE', #5367, #79, #4572, .T. ) ;
#2970 = EDGE_LOOP ( 'NONE', ( #3718, #3274, #5207, #5176 ) ) ;
#2971 = PLANE ( 'NONE',  #5727 ) ;
#2972 = CARTESIAN_POINT ( 'NONE',  ( -4.129999999999998100, 2.447125105937309400E-031, -0.2505119680435638500 ) ) ;
#2973 = ORIENTED_EDGE ( 'NONE', *, *, #2420, .T. ) ;
#2974 = DIRECTION ( 'NONE',  ( -1.458100904399333800E-016, 1.000000000000000000, 2.736911063134407700E-048 ) ) ;
#2975 = DIRECTION ( 'NONE',  ( 1.000000000000000000, 1.458100904399333800E-016, 0.0000000000000000000 ) ) ;
#2976 = DIRECTION ( 'NONE',  ( -1.000000000000000000, -1.034584430772185300E-016, 4.235164736271504200E-017 ) ) ;
#2977 = VECTOR ( 'NONE', #591, 1000.000000000000000 ) ;
#2978 = EDGE_CURVE ( 'NONE', #4301, #2248, #4799, .T. ) ;
#2979 = CARTESIAN_POINT ( 'NONE',  ( -5.205000000000001000, 1.824999999999999100, -3.775000000000000400 ) ) ;
#2980 = VERTEX_POINT ( 'NONE', #936 ) ;
#2981 = CARTESIAN_POINT ( 'NONE',  ( -1.589999999999997600, 1.644999999999999800, -11.07499999999999900 ) ) ;
#2982 = CARTESIAN_POINT ( 'NONE',  ( 3.490000000000000200, 0.5000000000000012200, -0.2505119680435638500 ) ) ;
#2983 = CIRCLE ( 'NONE', #5005, 0.2000000000000000900 ) ;
#2984 = ORIENTED_EDGE ( 'NONE', *, *, #4135, .F. ) ;
#2985 = PLANE ( 'NONE',  #1534 ) ;
#2986 = EDGE_CURVE ( 'NONE', #3466, #5893, #212, .T. ) ;
#2987 = CARTESIAN_POINT ( 'NONE',  ( 4.129999999999999900, 1.645000000000000500, -11.07499999999999900 ) ) ;
#2988 = LINE ( 'NONE', #2687, #1865 ) ;
#2989 = ORIENTED_EDGE ( 'NONE', *, *, #1706, .F. ) ;
#2990 = CARTESIAN_POINT ( 'NONE',  ( -3.489999999999996700, 1.824999999999999500, -3.775000000000000400 ) ) ;
#2991 = EDGE_CURVE ( 'NONE', #1695, #4335, #1712, .T. ) ;
#2992 = AXIS2_PLACEMENT_3D ( 'NONE', #5149, #2798, #3679 ) ;
#2993 = LINE ( 'NONE', #3811, #3458 ) ;
#2994 = VECTOR ( 'NONE', #5722, 1000.000000000000000 ) ;
#2995 = DIRECTION ( 'NONE',  ( 1.031033037155009000E-016, -0.7071067811865490200, -0.7071067811865460200 ) ) ;
#2996 = VECTOR ( 'NONE', #2261, 1000.000000000000000 ) ;
#2997 = DIRECTION ( 'NONE',  ( -1.000000000000000000, -1.458100904399333800E-016, -0.0000000000000000000 ) ) ;
#2998 = DIRECTION ( 'NONE',  ( 1.000000000000000000, 0.0000000000000000000, 0.0000000000000000000 ) ) ;
#2999 = ORIENTED_EDGE ( 'NONE', *, *, #1815, .F. ) ;
#3000 = VECTOR ( 'NONE', #6066, 1000.000000000000000 ) ;
#3001 = EDGE_CURVE ( 'NONE', #1609, #2017, #2621, .T. ) ;
#3002 = VERTEX_POINT ( 'NONE', #2806 ) ;
#3003 = CARTESIAN_POINT ( 'NONE',  ( 1.990000000000002200, 0.6049999999999994300, -11.47500000000000100 ) ) ;
#3004 = DIRECTION ( 'NONE',  ( -1.458100904399333800E-016, 1.000000000000000000, -0.0000000000000000000 ) ) ;
#3005 = VERTEX_POINT ( 'NONE', #5770 ) ;
#3006 = CYLINDRICAL_SURFACE ( 'NONE', #253, 0.5000000000000000000 ) ;
#3007 = ORIENTED_EDGE ( 'NONE', *, *, #4318, .F. ) ;
#3008 = LINE ( 'NONE', #5627, #311 ) ;
#3009 = ORIENTED_EDGE ( 'NONE', *, *, #4406, .T. ) ;
#3010 = CARTESIAN_POINT ( 'NONE',  ( 5.204999999999999200, 2.168404344971010800E-016, -11.47500000000000100 ) ) ;
#3011 = ORIENTED_EDGE ( 'NONE', *, *, #6026, .T. ) ;
#3012 = ORIENTED_EDGE ( 'NONE', *, *, #3867, .T. ) ;
#3013 = FACE_OUTER_BOUND ( 'NONE', #4158, .T. ) ;
#3014 = VECTOR ( 'NONE', #4940, 1000.000000000000000 ) ;
#3015 = CARTESIAN_POINT ( 'NONE',  ( 2.220000000000003300, 1.125000000000000400, -6.625000000000000900 ) ) ;
#3016 = VERTEX_POINT ( 'NONE', #1357 ) ;
#3017 = CARTESIAN_POINT ( 'NONE',  ( 4.510000000000001600, 1.125000000000000700, -3.674999999999999400 ) ) ;
#3018 = AXIS2_PLACEMENT_3D ( 'NONE', #5577, #2714, #4190 ) ;
#3019 = DIRECTION ( 'NONE',  ( 1.000000000000000000, 1.355252715606880500E-016, 0.0000000000000000000 ) ) ;
#3020 = DIRECTION ( 'NONE',  ( -1.606225440719265900E-016, -2.342038767781980200E-032, -1.000000000000000000 ) ) ;
#3021 = ORIENTED_EDGE ( 'NONE', *, *, #3079, .F. ) ;
#3022 = CARTESIAN_POINT ( 'NONE',  ( -3.490000000000000200, 0.4000000000000000800, -1.775000000000000600 ) ) ;
#3023 = ORIENTED_EDGE ( 'NONE', *, *, #4406, .F. ) ;
#3024 = VERTEX_POINT ( 'NONE', #2887 ) ;
#3025 = DIRECTION ( 'NONE',  ( -1.458100904399333800E-016, 1.000000000000000000, -0.0000000000000000000 ) ) ;
#3026 = ADVANCED_FACE ( 'NONE', ( #3824, #741, #366, #4061, #286 ), #412, .T. ) ;
#3027 = EDGE_CURVE ( 'NONE', #4459, #619, #5040, .T. ) ;
#3028 = CARTESIAN_POINT ( 'NONE',  ( 0.9500000000000011800, 1.025000000000000100, -1.774999999999998800 ) ) ;
#3029 = VERTEX_POINT ( 'NONE', #1853 ) ;
#3030 = PRESENTATION_LAYER_ASSIGNMENT (  '', '', ( #5531 ) ) ;
#3031 = DIRECTION ( 'NONE',  ( 1.458100904399333800E-016, -1.000000000000000000, 0.0000000000000000000 ) ) ;
#3032 = FACE_OUTER_BOUND ( 'NONE', #6044, .T. ) ;
#3033 = DIRECTION ( 'NONE',  ( 1.000000000000000000, 1.458100904399333800E-016, -0.0000000000000000000 ) ) ;
#3034 = ORIENTED_EDGE ( 'NONE', *, *, #2090, .T. ) ;
#3035 = ORIENTED_EDGE ( 'NONE', *, *, #1995, .F. ) ;
#3036 = DIRECTION ( 'NONE',  ( 1.000000000000000000, 0.0000000000000000000, 0.0000000000000000000 ) ) ;
#3037 = VECTOR ( 'NONE', #5599, 1000.000000000000000 ) ;
#3038 = EDGE_CURVE ( 'NONE', #6076, #578, #3751, .T. ) ;
#3039 = CARTESIAN_POINT ( 'NONE',  ( 3.522868262946701200, 1.125000000000000700, -8.829774775735728600 ) ) ;
#3040 = PLANE ( 'NONE',  #6119 ) ;
#3041 = EDGE_LOOP ( 'NONE', ( #1317, #4544, #4918, #1183 ) ) ;
#3042 = LINE ( 'NONE', #2745, #3720 ) ;
#3043 = DIRECTION ( 'NONE',  ( 1.000000000000000000, 1.458100904399333800E-016, 0.0000000000000000000 ) ) ;
#3044 = DIRECTION ( 'NONE',  ( 0.7071067811865490200, 1.031033037155009000E-016, -0.7071067811865460200 ) ) ;
#3045 = ORIENTED_EDGE ( 'NONE', *, *, #1982, .F. ) ;
#3046 = CARTESIAN_POINT ( 'NONE',  ( -5.205000000000001000, 2.447125105937309400E-031, -11.47500000000000100 ) ) ;
#3047 = CARTESIAN_POINT ( 'NONE',  ( 1.590000000000001200, 0.1217842931841217300, -0.5775484784178112100 ) ) ;
#3048 = CARTESIAN_POINT ( 'NONE',  ( 0.5500000000000001600, 2.045000000000000800, -11.47500000000000100 ) ) ;
#3049 = VECTOR ( 'NONE', #699, 1000.000000000000000 ) ;
#3050 = ORIENTED_EDGE ( 'NONE', *, *, #2890, .T. ) ;
#3051 = VERTEX_POINT ( 'NONE', #4302 ) ;
#3052 = CARTESIAN_POINT ( 'NONE',  ( 4.159999999999998400, 1.525000000000000600, -5.225000000000002300 ) ) ;
#3053 = ADVANCED_FACE ( 'NONE', ( #3594 ), #3309, .F. ) ;
#3054 = AXIS2_PLACEMENT_3D ( 'NONE', #3754, #3777, #4261 ) ;
#3055 = LINE ( 'NONE', #774, #2688 ) ;
#3056 = EDGE_LOOP ( 'NONE', ( #429, #82, #5337, #2102 ) ) ;
#3057 = CARTESIAN_POINT ( 'NONE',  ( -3.490000000000000200, 0.1217842931841210800, -0.5775484784178112100 ) ) ;
#3058 = DIRECTION ( 'NONE',  ( 0.0000000000000000000, -1.000000000000000000, 0.0000000000000000000 ) ) ;
#3059 = EDGE_CURVE ( 'NONE', #3770, #303, #1342, .T. ) ;
#3060 = LINE ( 'NONE', #5121, #2457 ) ;
#3061 = ADVANCED_FACE ( 'NONE', ( #1032 ), #2466, .T. ) ;
#3062 = CARTESIAN_POINT ( 'NONE',  ( -4.760000000000004200, 1.524999999999999500, -6.625000000000000900 ) ) ;
#3063 = ORIENTED_EDGE ( 'NONE', *, *, #3978, .F. ) ;
#3064 = AXIS2_PLACEMENT_3D ( 'NONE', #740, #4070, #5978 ) ;
#3065 = DIRECTION ( 'NONE',  ( -1.458100904399333800E-016, 1.000000000000000000, 0.0000000000000000000 ) ) ;
#3066 = LINE ( 'NONE', #4008, #5481 ) ;
#3067 = DIRECTION ( 'NONE',  ( 1.000000000000000000, 0.0000000000000000000, 0.0000000000000000000 ) ) ;
#3068 = CARTESIAN_POINT ( 'NONE',  ( -1.589999999999997600, 0.5000000000000004400, -0.2505119680435621300 ) ) ;
#3069 = LINE ( 'NONE', #4876, #3986 ) ;
#3070 = AXIS2_PLACEMENT_3D ( 'NONE', #3673, #2564, #5928 ) ;
#3071 = VERTEX_POINT ( 'NONE', #1942 ) ;
#3072 = LINE ( 'NONE', #4425, #1568 ) ;
#3073 = DIRECTION ( 'NONE',  ( -1.458100904399333800E-016, 1.000000000000000000, -0.0000000000000000000 ) ) ;
#3074 = EDGE_CURVE ( 'NONE', #5676, #94, #4724, .T. ) ;
#3075 = VERTEX_POINT ( 'NONE', #4403 ) ;
#3076 = FACE_OUTER_BOUND ( 'NONE', #5827, .T. ) ;
#3077 = LINE ( 'NONE', #3240, #2095 ) ;
#3078 = CARTESIAN_POINT ( 'NONE',  ( 1.150000000000001700, 0.4000000000000008500, 0.2250000000000012500 ) ) ;
#3079 = EDGE_CURVE ( 'NONE', #5135, #1003, #593, .T. ) ;
#3080 = LINE ( 'NONE', #1827, #3308 ) ;
#3081 = VECTOR ( 'NONE', #1837, 1000.000000000000000 ) ;
#3082 = DIRECTION ( 'NONE',  ( 1.000000000000000000, 1.458100904399333800E-016, 0.0000000000000000000 ) ) ;
#3083 = CARTESIAN_POINT ( 'NONE',  ( 4.129999999999999900, 1.125000000000000700, -3.774999999999999000 ) ) ;
#3084 = VERTEX_POINT ( 'NONE', #5311 ) ;
#3085 = CARTESIAN_POINT ( 'NONE',  ( 3.490000000000000200, 1.084202172485504800E-015, 0.2250000000000012500 ) ) ;
#3086 = EDGE_LOOP ( 'NONE', ( #239, #698, #4356, #1057 ) ) ;
#3087 = ORIENTED_EDGE ( 'NONE', *, *, #6147, .F. ) ;
#3089 = EDGE_CURVE ( 'NONE', #849, #3260, #2163, .T. ) ;
#3088 = SURFACE_STYLE_FILL_AREA ( #879 ) ;
#3090 = ORIENTED_EDGE ( 'NONE', *, *, #2012, .T. ) ;
#3091 = FACE_OUTER_BOUND ( 'NONE', #2334, .T. ) ;
#3092 = CARTESIAN_POINT ( 'NONE',  ( -3.689999999999998600, 2.168404344971010800E-016, 0.4250000000000000400 ) ) ;
#3093 = VERTEX_POINT ( 'NONE', #49 ) ;
#3094 = CARTESIAN_POINT ( 'NONE',  ( 1.557131737053300200, 1.525000000000000400, -8.829774775735726800 ) ) ;
#3095 = VERTEX_POINT ( 'NONE', #4825 ) ;
#3096 = ORIENTED_EDGE ( 'NONE', *, *, #2135, .F. ) ;
#3097 = ADVANCED_FACE ( 'NONE', ( #3451 ), #5351, .F. ) ;
#3098 = DIRECTION ( 'NONE',  ( 1.000000000000000000, 1.355252715606880800E-016, 1.084202172485504600E-015 ) ) ;
#3099 = ORIENTED_EDGE ( 'NONE', *, *, #587, .T. ) ;
#3100 = ORIENTED_EDGE ( 'NONE', *, *, #2397, .F. ) ;
#3101 = CARTESIAN_POINT ( 'NONE',  ( -2.219999999999999800, 1.524999999999999700, -3.774999999999999000 ) ) ;
#3102 = ORIENTED_EDGE ( 'NONE', *, *, #2508, .F. ) ;
#3103 = DIRECTION ( 'NONE',  ( -1.458100904399333800E-016, 1.000000000000000000, -0.0000000000000000000 ) ) ;
#3104 = EDGE_CURVE ( 'NONE', #6187, #4762, #2014, .T. ) ;
#3105 = ORIENTED_EDGE ( 'NONE', *, *, #733, .T. ) ;
#3106 = ORIENTED_EDGE ( 'NONE', *, *, #1146, .T. ) ;
#3107 = AXIS2_PLACEMENT_3D ( 'NONE', #4445, #4890, #584 ) ;
#3108 = VECTOR ( 'NONE', #1234, 999.9999999999998900 ) ;
#3109 = CARTESIAN_POINT ( 'NONE',  ( 3.490000000000000200, 1.025000000000000600, -1.775000000000000600 ) ) ;
#3110 = DIRECTION ( 'NONE',  ( 1.000000000000000000, 1.458100904399333800E-016, 0.0000000000000000000 ) ) ;
#3111 = ORIENTED_EDGE ( 'NONE', *, *, #4941, .F. ) ;
#3112 = AXIS2_PLACEMENT_3D ( 'NONE', #2494, #3934, #3975 ) ;
#3113 = CARTESIAN_POINT ( 'NONE',  ( -3.490000000000000200, 1.004999999999999700, -11.07499999999999900 ) ) ;
#3114 = MANIFOLD_SOLID_BREP ( 'NONE', #1882 ) ;
#3115 = LINE ( 'NONE', #764, #1613 ) ;
#3116 = EDGE_CURVE ( 'NONE', #4464, #402, #3291, .T. ) ;
#3117 = CARTESIAN_POINT ( 'NONE',  ( -4.129999999999998100, 0.3999999999999999700, -0.2505119680435638500 ) ) ;
#3118 = CARTESIAN_POINT ( 'NONE',  ( -3.490000000000000200, 1.824999999999999500, -3.775000000000000400 ) ) ;
#3119 = CARTESIAN_POINT ( 'NONE',  ( 3.089999999999999000, 0.6049999999999994300, -11.47500000000000100 ) ) ;
#3120 = CARTESIAN_POINT ( 'NONE',  ( 4.760000000000002500, 1.525000000000001000, -6.625000000000000900 ) ) ;
#3121 = LINE ( 'NONE', #2468, #5012 ) ;
#3122 = CARTESIAN_POINT ( 'NONE',  ( -3.490000000000000200, 1.124999999999999600, -10.77500000000000200 ) ) ;
#3123 = EDGE_CURVE ( 'NONE', #2191, #3084, #4493, .T. ) ;
#3124 = DIRECTION ( 'NONE',  ( 1.548860246407857400E-016, 2.258394526075472000E-032, -1.000000000000000000 ) ) ;
#3125 = VERTEX_POINT ( 'NONE', #1960 ) ;
#3126 = ADVANCED_FACE ( 'NONE', ( #6161 ), #3902, .F. ) ;
#3127 = DIRECTION ( 'NONE',  ( 1.031033037155008900E-016, -0.7071067811865490200, 0.7071067811865460200 ) ) ;
#3128 = ORIENTED_EDGE ( 'NONE', *, *, #4472, .F. ) ;
#3129 = CARTESIAN_POINT ( 'NONE',  ( 2.860000000000001200, 1.525000000000000600, -10.77500000000000200 ) ) ;
#3130 = PLANE ( 'NONE',  #6059 ) ;
#3131 = CYLINDRICAL_SURFACE ( 'NONE', #5127, 0.2500000000000002200 ) ;
#3132 = CARTESIAN_POINT ( 'NONE',  ( -0.3549999999999976500, 1.125000000000000000, -10.02500000000000000 ) ) ;
#3133 = ORIENTED_EDGE ( 'NONE', *, *, #2111, .F. ) ;
#3134 = AXIS2_PLACEMENT_3D ( 'NONE', #1818, #1770, #4182 ) ;
#3135 = CARTESIAN_POINT ( 'NONE',  ( -0.9499999999999995100, 0.4000000000000005200, -0.2505119680435621300 ) ) ;
#3136 = VECTOR ( 'NONE', #4360, 1000.000000000000000 ) ;
#3137 = VECTOR ( 'NONE', #5141, 1000.000000000000000 ) ;
#3138 = ORIENTED_EDGE ( 'NONE', *, *, #5289, .T. ) ;
#3139 = CARTESIAN_POINT ( 'NONE',  ( -2.220000000000003300, 1.524999999999999700, -3.924999999999999800 ) ) ;
#3140 = EDGE_CURVE ( 'NONE', #162, #450, #1559, .T. ) ;
#3141 = CARTESIAN_POINT ( 'NONE',  ( 1.970000000000003100, 1.525000000000000400, -3.924999999999999800 ) ) ;
#3142 = VERTEX_POINT ( 'NONE', #5872 ) ;
#3143 = LINE ( 'NONE', #884, #1569 ) ;
#3144 = AXIS2_PLACEMENT_3D ( 'NONE', #5749, #1899, #1873 ) ;
#3145 = LINE ( 'NONE', #2325, #819 ) ;
#3146 = CARTESIAN_POINT ( 'NONE',  ( 3.490000000000000200, 1.645000000000000500, -11.07499999999999900 ) ) ;
#3147 = LINE ( 'NONE', #3464, #3833 ) ;
#3148 = CARTESIAN_POINT ( 'NONE',  ( 4.129999999999999900, 0.5000000000000013300, -0.2505119680435638500 ) ) ;
#3149 = DIRECTION ( 'NONE',  ( 1.458100904399333800E-016, -1.000000000000000000, 0.0000000000000000000 ) ) ;
#3150 = VERTEX_POINT ( 'NONE', #1012 ) ;
#3151 = FACE_BOUND ( 'NONE', #4294, .T. ) ;
#3152 = DIRECTION ( 'NONE',  ( 1.458100904399333800E-016, -1.000000000000000000, 0.0000000000000000000 ) ) ;
#3153 = LINE ( 'NONE', #3538, #3685 ) ;
#3154 = ORIENTED_EDGE ( 'NONE', *, *, #2743, .F. ) ;
#3155 = ADVANCED_FACE ( 'NONE', ( #517 ), #2985, .F. ) ;
#3156 = EDGE_CURVE ( 'NONE', #3418, #4914, #2983, .T. ) ;
#3157 = CARTESIAN_POINT ( 'NONE',  ( -0.9828682629467004900, 1.125000000000000000, -8.829774775735726800 ) ) ;
#3158 = CARTESIAN_POINT ( 'NONE',  ( -4.759999999999997100, 1.124999999999999300, -2.975000000000000100 ) ) ;
#3159 = ORIENTED_EDGE ( 'NONE', *, *, #2436, .T. ) ;
#3160 = FACE_OUTER_BOUND ( 'NONE', #3935, .T. ) ;
#3161 = LINE ( 'NONE', #2807, #1964 ) ;
#3162 = PLANE ( 'NONE',  #1630 ) ;
#3163 = EDGE_CURVE ( 'NONE', #2186, #3084, #5549, .T. ) ;
#3164 = VERTEX_POINT ( 'NONE', #4051 ) ;
#3165 = ORIENTED_EDGE ( 'NONE', *, *, #5458, .T. ) ;
#3166 = ORIENTED_EDGE ( 'NONE', *, *, #2991, .F. ) ;
#3167 = VECTOR ( 'NONE', #597, 1000.000000000000000 ) ;
#3168 = CARTESIAN_POINT ( 'NONE',  ( 5.204999999999999200, 1.525000000000000800, -3.775000000000000400 ) ) ;
#3169 = LINE ( 'NONE', #2957, #622 ) ;
#3170 = ORIENTED_EDGE ( 'NONE', *, *, #3938, .F. ) ;
#3171 = VERTEX_POINT ( 'NONE', #5935 ) ;
#3172 = CARTESIAN_POINT ( 'NONE',  ( 0.3199999999999974000, 1.525000000000000100, -3.924999999999999800 ) ) ;
#3173 = EDGE_CURVE ( 'NONE', #4573, #5473, #4871, .T. ) ;
#3174 = ORIENTED_EDGE ( 'NONE', *, *, #2727, .T. ) ;
#3175 = DIRECTION ( 'NONE',  ( 1.458100904399333800E-016, -1.000000000000000000, 0.0000000000000000000 ) ) ;
#3176 = VERTEX_POINT ( 'NONE', #663 ) ;
#3177 = CARTESIAN_POINT ( 'NONE',  ( 7.620000000000000100, 1.125000000000001100, -2.975000000000000100 ) ) ;
#3178 = CARTESIAN_POINT ( 'NONE',  ( -3.460000000000001300, 1.124999999999999600, -5.225000000000002300 ) ) ;
#3179 = VERTEX_POINT ( 'NONE', #4527 ) ;
#3180 = ORIENTED_EDGE ( 'NONE', *, *, #2625, .F. ) ;
#3181 = DIRECTION ( 'NONE',  ( 1.000000000000000000, 0.0000000000000000000, 0.0000000000000000000 ) ) ;
#3182 = CARTESIAN_POINT ( 'NONE',  ( 5.204999999999999200, 1.325000000000000800, -2.975000000000000100 ) ) ;
#3183 = ORIENTED_EDGE ( 'NONE', *, *, #791, .T. ) ;
#3184 = DIRECTION ( 'NONE',  ( -3.212450881438531300E-016, -4.684077535563959900E-032, 1.000000000000000000 ) ) ;
#3185 = ADVANCED_FACE ( 'NONE', ( #4720 ), #682, .F. ) ;
#3186 = EDGE_CURVE ( 'NONE', #4638, #4716, #280, .T. ) ;
#3187 = DIRECTION ( 'NONE',  ( 1.000000000000000000, 6.110679571450328900E-017, 0.0000000000000000000 ) ) ;
#3188 = ORIENTED_EDGE ( 'NONE', *, *, #5866, .F. ) ;
#3189 = DIRECTION ( 'NONE',  ( -1.000000000000000000, -1.458100904399333800E-016, 0.0000000000000000000 ) ) ;
#3190 = VECTOR ( 'NONE', #6028, 1000.000000000000000 ) ;
#3191 = ADVANCED_FACE ( 'NONE', ( #5035 ), #737, .F. ) ;
#3192 = VECTOR ( 'NONE', #3175, 1000.000000000000000 ) ;
#3193 = CARTESIAN_POINT ( 'NONE',  ( -4.510000000000003300, 1.524999999999999500, -3.674999999999999400 ) ) ;
#3194 = MECHANICAL_DESIGN_GEOMETRIC_PRESENTATION_REPRESENTATION (  '', ( #2342 ), #1176 ) ;
#3195 = DIRECTION ( 'NONE',  ( -1.458100904399333800E-016, 1.000000000000000000, -0.0000000000000000000 ) ) ;
#3196 = CARTESIAN_POINT ( 'NONE',  ( 0.9500000000000011800, 0.4000000000000007400, 0.4250000000000000400 ) ) ;
#3197 = ORIENTED_EDGE ( 'NONE', *, *, #1090, .T. ) ;
#3198 = EDGE_CURVE ( 'NONE', #2417, #1385, #5475, .T. ) ;
#3199 = DIRECTION ( 'NONE',  ( -0.7071067811865460200, -1.061411689142607300E-015, -0.7071067811865490200 ) ) ;
#3200 = LINE ( 'NONE', #2472, #4780 ) ;
#3201 = DIRECTION ( 'NONE',  ( -6.110679571450328900E-017, 1.000000000000000000, 1.368455531567204200E-048 ) ) ;
#3202 = DIRECTION ( 'NONE',  ( -1.000000000000000000, -1.458100904399333800E-016, 0.0000000000000000000 ) ) ;
#3203 = VERTEX_POINT ( 'NONE', #4480 ) ;
#3204 = EDGE_CURVE ( 'NONE', #3939, #4747, #4419, .T. ) ;
#3205 = CARTESIAN_POINT ( 'NONE',  ( 4.129999999999999900, 1.525000000000000600, -3.774999999999999000 ) ) ;
#3206 = CARTESIAN_POINT ( 'NONE',  ( 4.760000000000004200, 1.125000000000000900, -3.924999999999999800 ) ) ;
#3207 = VECTOR ( 'NONE', #122, 1000.000000000000000 ) ;
#3208 = ORIENTED_EDGE ( 'NONE', *, *, #3410, .F. ) ;
#3209 = VERTEX_POINT ( 'NONE', #3003 ) ;
#3210 = CARTESIAN_POINT ( 'NONE',  ( 1.390000000000002300, 0.4000000000000008500, 0.2250000000000012500 ) ) ;
#3211 = EDGE_CURVE ( 'NONE', #3209, #44, #2159, .T. ) ;
#3212 = DIRECTION ( 'NONE',  ( 1.458100904399333800E-016, -1.000000000000000000, -0.0000000000000000000 ) ) ;
#3213 = LINE ( 'NONE', #467, #2610 ) ;
#3214 = DIRECTION ( 'NONE',  ( -1.000000000000000000, -1.458100904399333800E-016, -0.0000000000000000000 ) ) ;
#3215 = ORIENTED_EDGE ( 'NONE', *, *, #839, .T. ) ;
#3216 = ADVANCED_FACE ( 'NONE', ( #5698 ), #3131, .T. ) ;
#3217 = DIRECTION ( 'NONE',  ( 1.000000000000000000, 1.355252715606880500E-016, 0.0000000000000000000 ) ) ;
#3218 = VECTOR ( 'NONE', #172, 1000.000000000000100 ) ;
#3219 = CARTESIAN_POINT ( 'NONE',  ( -3.490000000000000200, 1.024999999999999500, -1.775000000000000600 ) ) ;
#3220 = DIRECTION ( 'NONE',  ( -0.01745240643728340100, -2.544736961014768400E-018, -0.9998476951563911600 ) ) ;
#3221 = CARTESIAN_POINT ( 'NONE',  ( -1.589999999999997600, 1.004999999999999900, -11.07499999999999900 ) ) ;
#3222 = ORIENTED_EDGE ( 'NONE', *, *, #1995, .T. ) ;
#3223 = CARTESIAN_POINT ( 'NONE',  ( -4.129999999999998100, 0.1217842931841210800, -0.5775484784178112100 ) ) ;
#3224 = EDGE_CURVE ( 'NONE', #1929, #1059, #5186, .T. ) ;
#3225 = FACE_OUTER_BOUND ( 'NONE', #2612, .T. ) ;
#3226 = VECTOR ( 'NONE', #2820, 1000.000000000000000 ) ;
#3227 = DIRECTION ( 'NONE',  ( -9.537044630965836100E-017, 0.6540730207484941600, -0.7564314136317582500 ) ) ;
#3228 = LINE ( 'NONE', #1463, #6234 ) ;
#3229 = ORIENTED_EDGE ( 'NONE', *, *, #5544, .F. ) ;
#3230 = VECTOR ( 'NONE', #2815, 1000.000000000000000 ) ;
#3231 = CARTESIAN_POINT ( 'NONE',  ( 0.0000000000000000000, 0.6049999999999989800, -11.47500000000000100 ) ) ;
#3232 = VECTOR ( 'NONE', #2799, 1000.000000000000000 ) ;
#3233 = DIRECTION ( 'NONE',  ( -1.000000000000000000, -1.458100904399333800E-016, -0.0000000000000000000 ) ) ;
#3234 = AXIS2_PLACEMENT_3D ( 'NONE', #1782, #1698, #4149 ) ;
#3235 = DIRECTION ( 'NONE',  ( 0.0000000000000000000, -1.000000000000000000, 0.0000000000000000000 ) ) ;
#3236 = VECTOR ( 'NONE', #3324, 1000.000000000000000 ) ;
#3237 = VECTOR ( 'NONE', #5753, 1000.000000000000000 ) ;
#3238 = DIRECTION ( 'NONE',  ( 1.458100904399333800E-016, -1.000000000000000000, -0.0000000000000000000 ) ) ;
#3239 = ORIENTED_EDGE ( 'NONE', *, *, #631, .F. ) ;
#3240 = CARTESIAN_POINT ( 'NONE',  ( 1.590000000000001200, 1.403215706815879500, -1.447963489625751400 ) ) ;
#3241 = AXIS2_PLACEMENT_3D ( 'NONE', #4678, #2664, #4201 ) ;
#3242 = ORIENTED_EDGE ( 'NONE', *, *, #5971, .T. ) ;
#3243 = DIRECTION ( 'NONE',  ( 0.0000000000000000000, 0.0000000000000000000, -1.000000000000000000 ) ) ;
#3244 = VERTEX_POINT ( 'NONE', #5492 ) ;
#3245 = LINE ( 'NONE', #355, #4011 ) ;
#3246 = CIRCLE ( 'NONE', #750, 0.2000000000000000900 ) ;
#3247 = ORIENTED_EDGE ( 'NONE', *, *, #5526, .T. ) ;
#3248 = VERTEX_POINT ( 'NONE', #5981 ) ;
#3249 = ORIENTED_EDGE ( 'NONE', *, *, #3727, .T. ) ;
#3250 = ORIENTED_EDGE ( 'NONE', *, *, #4929, .T. ) ;
#3251 = DIRECTION ( 'NONE',  ( 0.9999470197815869500, 1.458023653894950300E-016, 0.01029357226245786000 ) ) ;
#3252 = EDGE_CURVE ( 'NONE', #4914, #578, #5402, .T. ) ;
#3253 = ADVANCED_FACE ( 'NONE', ( #2913 ), #599, .F. ) ;
#3254 = ORIENTED_EDGE ( 'NONE', *, *, #4941, .T. ) ;
#3255 = ORIENTED_EDGE ( 'NONE', *, *, #4861, .T. ) ;
#3256 = CARTESIAN_POINT ( 'NONE',  ( -4.159946693304734200, 1.524999999999999500, -5.231108342253052400 ) ) ;
#3257 = VERTEX_POINT ( 'NONE', #4016 ) ;
#3258 = PLANE ( 'NONE',  #786 ) ;
#3259 = ORIENTED_EDGE ( 'NONE', *, *, #1010, .F. ) ;
#3260 = VERTEX_POINT ( 'NONE', #645 ) ;
#3261 = CARTESIAN_POINT ( 'NONE',  ( 4.129999999999999900, 0.4243568586368256000, -0.3159192701184133100 ) ) ;
#3262 = PLANE ( 'NONE',  #4639 ) ;
#3263 = VECTOR ( 'NONE', #4316, 1000.000000000000000 ) ;
#3264 = DIRECTION ( 'NONE',  ( -1.458100904399333800E-016, 1.000000000000000000, 0.0000000000000000000 ) ) ;
#3265 = ORIENTED_EDGE ( 'NONE', *, *, #4109, .T. ) ;
#3266 = DIRECTION ( 'NONE',  ( 1.000000000000000000, 1.458100904399333800E-016, 0.0000000000000000000 ) ) ;
#3267 = LINE ( 'NONE', #3092, #4180 ) ;
#3268 = DIRECTION ( 'NONE',  ( -1.102953328332533200E-016, 0.7564314136317582500, 0.6540730207484941600 ) ) ;
#3269 = EDGE_CURVE ( 'NONE', #1412, #4862, #433, .T. ) ;
#3270 = EDGE_CURVE ( 'NONE', #3051, #6197, #5930, .T. ) ;
#3271 = LINE ( 'NONE', #1607, #2967 ) ;
#3272 = DIRECTION ( 'NONE',  ( 1.000000000000000000, 1.355252715606880500E-016, 0.0000000000000000000 ) ) ;
#3273 = AXIS2_PLACEMENT_3D ( 'NONE', #2895, #5365, #2475 ) ;
#3274 = ORIENTED_EDGE ( 'NONE', *, *, #6038, .T. ) ;
#3275 = AXIS2_PLACEMENT_3D ( 'NONE', #1617, #2707, #3058 ) ;
#3276 = DIRECTION ( 'NONE',  ( 0.0000000000000000000, -1.000000000000000000, 0.0000000000000000000 ) ) ;
#3277 = ADVANCED_FACE ( 'NONE', ( #1705 ), #4563, .T. ) ;
#3278 = ORIENTED_EDGE ( 'NONE', *, *, #5117, .F. ) ;
#3279 = VERTEX_POINT ( 'NONE', #147 ) ;
#3280 = EDGE_CURVE ( 'NONE', #3462, #303, #4271, .T. ) ;
#3281 = CARTESIAN_POINT ( 'NONE',  ( 3.690000000000000400, 1.084202172485504800E-015, 0.4250000000000000400 ) ) ;
#3282 = CARTESIAN_POINT ( 'NONE',  ( 2.860000000000001200, 1.125000000000000400, -10.77500000000000200 ) ) ;
#3283 = CARTESIAN_POINT ( 'NONE',  ( 4.760000000000004200, 1.525000000000000800, -3.924999999999999800 ) ) ;
#3284 = COLOUR_RGB ( '',0.9686274509803921600, 0.8784313725490196000, 0.5999999999999999800 ) ;
#3285 = EDGE_CURVE ( 'NONE', #6079, #5724, #1486, .T. ) ;
#3286 = AXIS2_PLACEMENT_3D ( 'NONE', #377, #3742, #860 ) ;
#3287 = ORIENTED_EDGE ( 'NONE', *, *, #3942, .T. ) ;
#3288 = VERTEX_POINT ( 'NONE', #297 ) ;
#3289 = DIRECTION ( 'NONE',  ( -1.000000000000000000, -1.458100904399333800E-016, -0.0000000000000000000 ) ) ;
#3290 = DIRECTION ( 'NONE',  ( -1.000000000000000000, -1.458100904399333800E-016, -0.0000000000000000000 ) ) ;
#3291 = CIRCLE ( 'NONE', #5965, 0.3499999999999996400 ) ;
#3292 = ORIENTED_EDGE ( 'NONE', *, *, #1957, .F. ) ;
#3293 = EDGE_CURVE ( 'NONE', #4767, #6025, #1336, .T. ) ;
#3294 = DIRECTION ( 'NONE',  ( 0.7071067811865460200, 1.031033037155004600E-016, -0.7071067811865490200 ) ) ;
#3295 = SURFACE_STYLE_FILL_AREA ( #565 ) ;
#3296 = DIRECTION ( 'NONE',  ( 0.0000000000000000000, 0.0000000000000000000, -1.000000000000000000 ) ) ;
#3297 = VECTOR ( 'NONE', #2565, 1000.000000000000000 ) ;
#3298 = SURFACE_STYLE_USAGE ( .BOTH. , #3746 ) ;
#3299 = ORIENTED_EDGE ( 'NONE', *, *, #3123, .T. ) ;
#3300 = LINE ( 'NONE', #2471, #4211 ) ;
#3301 = CARTESIAN_POINT ( 'NONE',  ( 4.097131737053301100, 1.125000000000000700, -8.829774775735728600 ) ) ;
#3302 = CARTESIAN_POINT ( 'NONE',  ( -3.810000000000000900, 1.124999999999999600, -5.225000000000002300 ) ) ;
#3303 = VECTOR ( 'NONE', #4878, 1000.000000000000000 ) ;
#3304 = LINE ( 'NONE', #4377, #4502 ) ;
#3305 = LINE ( 'NONE', #6128, #962 ) ;
#3306 = EDGE_CURVE ( 'NONE', #2493, #3783, #4054, .T. ) ;
#3307 = ORIENTED_EDGE ( 'NONE', *, *, #4386, .F. ) ;
#3308 = VECTOR ( 'NONE', #3807, 1000.000000000000100 ) ;
#3309 = PLANE ( 'NONE',  #571 ) ;
#3310 = FACE_OUTER_BOUND ( 'NONE', #5738, .T. ) ;
#3311 = DIRECTION ( 'NONE',  ( -1.458100904399333800E-016, 1.000000000000000000, 0.0000000000000000000 ) ) ;
#3312 = ADVANCED_FACE ( 'NONE', ( #2761 ), #1746, .F. ) ;
#3313 = ORIENTED_EDGE ( 'NONE', *, *, #1876, .F. ) ;
#3314 = CARTESIAN_POINT ( 'NONE',  ( 5.695277774416253700, 1.125000000000000900, -8.752773196134491200 ) ) ;
#3315 = VERTEX_POINT ( 'NONE', #5516 ) ;
#3316 = FACE_OUTER_BOUND ( 'NONE', #4093, .T. ) ;
#3317 = ORIENTED_EDGE ( 'NONE', *, *, #4798, .T. ) ;
#3318 = DIRECTION ( 'NONE',  ( 6.110679571450340000E-017, -1.000000000000000000, -1.368455531567204200E-048 ) ) ;
#3319 = LINE ( 'NONE', #808, #4523 ) ;
#3320 = PRODUCT_DEFINITION_CONTEXT ( 'detailed design', #1462, 'design' ) ;
#3321 = ORIENTED_EDGE ( 'NONE', *, *, #546, .T. ) ;
#3322 = DIRECTION ( 'NONE',  ( -1.458100904399333800E-016, 1.000000000000000000, 2.736911063134407700E-048 ) ) ;
#3323 = EDGE_CURVE ( 'NONE', #303, #4742, #2616, .T. ) ;
#3324 = DIRECTION ( 'NONE',  ( 1.000000000000000000, 1.458100904399333800E-016, -0.0000000000000000000 ) ) ;
#3325 = ORIENTED_EDGE ( 'NONE', *, *, #6081, .T. ) ;
#3326 = ORIENTED_EDGE ( 'NONE', *, *, #966, .F. ) ;
#3327 = VECTOR ( 'NONE', #4401, 1000.000000000000000 ) ;
#3328 =( NAMED_UNIT ( * ) PLANE_ANGLE_UNIT ( ) SI_UNIT ( $, .RADIAN. ) );
#3329 = FACE_OUTER_BOUND ( 'NONE', #5517, .T. ) ;
#3330 = EDGE_CURVE ( 'NONE', #1523, #1213, #3375, .T. ) ;
#3331 = DIRECTION ( 'NONE',  ( 1.458100904399333800E-016, -1.000000000000000000, 0.0000000000000000000 ) ) ;
#3332 = DIRECTION ( 'NONE',  ( 1.458100904399333800E-016, -1.000000000000000000, -0.0000000000000000000 ) ) ;
#3333 = EDGE_LOOP ( 'NONE', ( #5432, #1710, #1597, #2359 ) ) ;
#3334 = AXIS2_PLACEMENT_3D ( 'NONE', #1498, #5396, #4404 ) ;
#3335 = ORIENTED_EDGE ( 'NONE', *, *, #3204, .F. ) ;
#3336 = DIRECTION ( 'NONE',  ( -1.000000000000000000, -1.458100904399333800E-016, -0.0000000000000000000 ) ) ;
#3337 = ORIENTED_EDGE ( 'NONE', *, *, #2510, .T. ) ;
#3338 = VERTEX_POINT ( 'NONE', #2164 ) ;
#3339 = ORIENTED_EDGE ( 'NONE', *, *, #421, .T. ) ;
#3340 = CARTESIAN_POINT ( 'NONE',  ( 1.590000000000001200, 1.525000000000000400, -3.775000000000000400 ) ) ;
#3341 = EDGE_CURVE ( 'NONE', #4721, #6122, #1940, .T. ) ;
#3342 = VECTOR ( 'NONE', #697, 1000.000000000000000 ) ;
#3343 = ORIENTED_EDGE ( 'NONE', *, *, #923, .T. ) ;
#3344 = CARTESIAN_POINT ( 'NONE',  ( -0.6152777744162542000, 1.125000000000000000, -8.752773196134491200 ) ) ;
#3345 = DIRECTION ( 'NONE',  ( 0.9998476951563912700, 1.457878828569123600E-016, -0.01745240643728340400 ) ) ;
#3346 = PLANE ( 'NONE',  #1861 ) ;
#3347 = ORIENTED_EDGE ( 'NONE', *, *, #190, .T. ) ;
#3348 = ADVANCED_FACE ( 'NONE', ( #2835 ), #1702, .F. ) ;
#3349 = CARTESIAN_POINT ( 'NONE',  ( -4.129999999999998100, 1.124999999999999600, -3.674999999999999400 ) ) ;
#3350 = CARTESIAN_POINT ( 'NONE',  ( 2.860000000000001200, 1.125000000000000400, -2.975000000000000100 ) ) ;
#3352 = EDGE_CURVE ( 'NONE', #1585, #1385, #58, .T. ) ;
#3351 = FACE_OUTER_BOUND ( 'NONE', #2782, .T. ) ;
#3353 = DIRECTION ( 'NONE',  ( 0.01745240643728340100, 2.544736961014768400E-018, 0.9998476951563911600 ) ) ;
#3354 = CARTESIAN_POINT ( 'NONE',  ( 1.619999999999999900, 1.125000000000000400, -5.225000000000002300 ) ) ;
#3355 = AXIS2_PLACEMENT_3D ( 'NONE', #6062, #6107, #3217 ) ;
#3356 = EDGE_LOOP ( 'NONE', ( #872, #18, #4310, #5146 ) ) ;
#3357 = ORIENTED_EDGE ( 'NONE', *, *, #4242, .T. ) ;
#3358 = CARTESIAN_POINT ( 'NONE',  ( 4.760000000000002500, 1.525000000000000800, -3.924999999999999800 ) ) ;
#3359 = PLANE ( 'NONE',  #4854 ) ;
#3360 = EDGE_CURVE ( 'NONE', #3071, #3051, #666, .T. ) ;
#3361 = DIRECTION ( 'NONE',  ( 1.000000000000000000, 1.355252715606880800E-016, 0.0000000000000000000 ) ) ;
#3362 = AXIS2_PLACEMENT_3D ( 'NONE', #5894, #4965, #1558 ) ;
#3363 = PLANE ( 'NONE',  #1500 ) ;
#3364 = FACE_OUTER_BOUND ( 'NONE', #1661, .T. ) ;
#3365 = ORIENTED_EDGE ( 'NONE', *, *, #3614, .T. ) ;
#3366 = DIRECTION ( 'NONE',  ( 1.000000000000000000, 2.710505431213759600E-016, 0.0000000000000000000 ) ) ;
#3367 = ORIENTED_EDGE ( 'NONE', *, *, #1364, .F. ) ;
#3368 = AXIS2_PLACEMENT_3D ( 'NONE', #3943, #4927, #2524 ) ;
#3369 = CARTESIAN_POINT ( 'NONE',  ( 4.760000000000004200, 1.125000000000000900, -3.774999999999999000 ) ) ;
#3370 = VECTOR ( 'NONE', #5721, 1000.000000000000000 ) ;
#3371 = DIRECTION ( 'NONE',  ( 0.0000000000000000000, -1.000000000000000000, 0.0000000000000000000 ) ) ;
#3372 = DIRECTION ( 'NONE',  ( 1.000000000000000000, 2.710505431213759600E-016, 0.0000000000000000000 ) ) ;
#3373 = ORIENTED_EDGE ( 'NONE', *, *, #495, .T. ) ;
#3374 = EDGE_CURVE ( 'NONE', #2256, #1820, #4642, .T. ) ;
#3375 = LINE ( 'NONE', #2145, #3900 ) ;
#3376 = FACE_OUTER_BOUND ( 'NONE', #1460, .T. ) ;
#3377 = ORIENTED_EDGE ( 'NONE', *, *, #3834, .T. ) ;
#3378 = CARTESIAN_POINT ( 'NONE',  ( 1.924722225583746400, 1.125000000000000400, -8.752773196134491200 ) ) ;
#3379 = CARTESIAN_POINT ( 'NONE',  ( 3.522868262946701200, 1.525000000000000600, -8.829774775735726800 ) ) ;
#3380 = ORIENTED_EDGE ( 'NONE', *, *, #202, .F. ) ;
#3381 = CIRCLE ( 'NONE', #3362, 0.5000000000000002200 ) ;
#3382 = FACE_OUTER_BOUND ( 'NONE', #1392, .T. ) ;
#3383 = CARTESIAN_POINT ( 'NONE',  ( -4.759999999999997100, 1.524999999999999200, -10.77499999999999900 ) ) ;
#3384 = CYLINDRICAL_SURFACE ( 'NONE', #3945, 0.2000000000000000900 ) ;
#3385 = ORIENTED_EDGE ( 'NONE', *, *, #1075, .F. ) ;
#3386 = CARTESIAN_POINT ( 'NONE',  ( -0.9828682629467004900, 1.125000000000000000, -8.829774775735728600 ) ) ;
#3387 = LINE ( 'NONE', #238, #5942 ) ;
#3388 = LINE ( 'NONE', #3221, #680 ) ;
#3389 = FILL_AREA_STYLE ('',( #3414 ) ) ;
#3390 = DIRECTION ( 'NONE',  ( -1.458100904399333800E-016, 1.000000000000000000, -0.0000000000000000000 ) ) ;
#3391 = CARTESIAN_POINT ( 'NONE',  ( -0.3549999999999976500, 1.125000000000000000, -10.02500000000000000 ) ) ;
#3392 = LINE ( 'NONE', #1973, #831 ) ;
#3393 = LINE ( 'NONE', #2316, #3081 ) ;
#3394 = EDGE_CURVE ( 'NONE', #2062, #3745, #3060, .T. ) ;
#3395 = ORIENTED_EDGE ( 'NONE', *, *, #5808, .F. ) ;
#3396 = ORIENTED_EDGE ( 'NONE', *, *, #5998, .T. ) ;
#3397 =( LENGTH_UNIT ( ) NAMED_UNIT ( * ) SI_UNIT ( .MILLI., .METRE. ) );
#3398 = AXIS2_PLACEMENT_3D ( 'NONE', #6012, #2624, #4003 ) ;
#3399 = CARTESIAN_POINT ( 'NONE',  ( -2.894999999999998200, 1.124999999999999600, -10.02499999999999700 ) ) ;
#3400 = ORIENTED_EDGE ( 'NONE', *, *, #3549, .F. ) ;
#3401 = PLANE ( 'NONE',  #2681 ) ;
#3402 = LINE ( 'NONE', #2000, #4159 ) ;
#3403 = CIRCLE ( 'NONE', #3683, 0.2000000000000000900 ) ;
#3404 = ORIENTED_EDGE ( 'NONE', *, *, #202, .T. ) ;
#3405 = AXIS2_PLACEMENT_3D ( 'NONE', #2366, #3345, #1909 ) ;
#3406 = ORIENTED_EDGE ( 'NONE', *, *, #5219, .T. ) ;
#3407 = DIRECTION ( 'NONE',  ( 1.000000000000000000, 0.0000000000000000000, 0.0000000000000000000 ) ) ;
#3408 = ORIENTED_EDGE ( 'NONE', *, *, #758, .F. ) ;
#3409 = DIRECTION ( 'NONE',  ( 1.458100904399333800E-016, -1.000000000000000000, 0.0000000000000000000 ) ) ;
#3410 = EDGE_CURVE ( 'NONE', #1523, #2493, #2756, .T. ) ;
#3411 = ORIENTED_EDGE ( 'NONE', *, *, #1815, .T. ) ;
#3412 = EDGE_LOOP ( 'NONE', ( #5078, #8, #4939, #6223 ) ) ;
#3413 = ADVANCED_FACE ( 'NONE', ( #3895 ), #2693, .T. ) ;
#3414 = FILL_AREA_STYLE_COLOUR ( '', #1000 ) ;
#3415 = EDGE_CURVE ( 'NONE', #5654, #474, #6077, .T. ) ;
#3416 = CARTESIAN_POINT ( 'NONE',  ( 3.490000000000000200, 0.4000000000000011300, 0.2250000000000012500 ) ) ;
#3417 = CARTESIAN_POINT ( 'NONE',  ( -4.129999999999998100, 1.524999999999999500, -1.775000000000000600 ) ) ;
#3418 = VERTEX_POINT ( 'NONE', #5150 ) ;
#3419 = PLANE ( 'NONE',  #5851 ) ;
#3420 = ORIENTED_EDGE ( 'NONE', *, *, #495, .F. ) ;
#3421 = VERTEX_POINT ( 'NONE', #344 ) ;
#3422 = DIRECTION ( 'NONE',  ( -1.458100904399333800E-016, 1.000000000000000000, 0.0000000000000000000 ) ) ;
#3423 = EDGE_CURVE ( 'NONE', #4203, #2256, #4197, .T. ) ;
#3424 = LINE ( 'NONE', #707, #1759 ) ;
#3425 = DIRECTION ( 'NONE',  ( -1.458100904399333800E-016, 1.000000000000000000, 0.0000000000000000000 ) ) ;
#3426 = DIRECTION ( 'NONE',  ( 1.000000000000000000, 1.458100904399333800E-016, -0.0000000000000000000 ) ) ;
#3427 = CARTESIAN_POINT ( 'NONE',  ( 0.0000000000000000000, 2.045000000000000800, -11.47500000000000100 ) ) ;
#3428 = LINE ( 'NONE', #1966, #722 ) ;
#3429 = DIRECTION ( 'NONE',  ( -0.0000000000000000000, -0.0000000000000000000, 1.000000000000000000 ) ) ;
#3430 = DIRECTION ( 'NONE',  ( 1.000000000000000000, 1.458100904399333800E-016, -0.0000000000000000000 ) ) ;
#3431 = DIRECTION ( 'NONE',  ( 1.000000000000000000, 1.458100904399333800E-016, 0.0000000000000000000 ) ) ;
#3432 = EDGE_CURVE ( 'NONE', #629, #399, #4714, .T. ) ;
#3433 = ORIENTED_EDGE ( 'NONE', *, *, #3116, .T. ) ;
#3434 = DIRECTION ( 'NONE',  ( 1.000000000000000000, 1.458100904399333800E-016, -1.239088197126290300E-016 ) ) ;
#3435 = AXIS2_PLACEMENT_3D ( 'NONE', #5382, #3905, #3461 ) ;
#3436 = ORIENTED_EDGE ( 'NONE', *, *, #1957, .T. ) ;
#3437 = VERTEX_POINT ( 'NONE', #4174 ) ;
#3438 = CARTESIAN_POINT ( 'NONE',  ( 3.809999999999999200, 1.525000000000000600, -5.225000000000002300 ) ) ;
#3439 = CARTESIAN_POINT ( 'NONE',  ( -3.810000000000000900, 1.524999999999999500, -5.225000000000002300 ) ) ;
#3440 = ADVANCED_FACE ( 'NONE', ( #1178 ), #4643, .T. ) ;
#3441 = CIRCLE ( 'NONE', #2619, 0.5000000000000000000 ) ;
#3442 = ORIENTED_EDGE ( 'NONE', *, *, #2626, .F. ) ;
#3443 = EDGE_CURVE ( 'NONE', #3531, #2723, #2536, .T. ) ;
#3444 = CARTESIAN_POINT ( 'NONE',  ( 3.690000000000000400, 1.025000000000000600, 0.2250000000000012500 ) ) ;
#3445 = PRODUCT_CONTEXT ( 'NONE', #4346, 'mechanical' ) ;
#3446 = VECTOR ( 'NONE', #4154, 1000.000000000000100 ) ;
#3447 = CARTESIAN_POINT ( 'NONE',  ( 5.204999999999999200, 1.825000000000000800, -3.775000000000000400 ) ) ;
#3448 = ORIENTED_EDGE ( 'NONE', *, *, #46, .F. ) ;
#3449 = DIRECTION ( 'NONE',  ( -9.537044630965832400E-017, 0.6540730207484939400, -0.7564314136317583600 ) ) ;
#3450 = CARTESIAN_POINT ( 'NONE',  ( -1.270000000000000200, 1.125000000000000000, -5.225000000000002300 ) ) ;
#3451 = FACE_OUTER_BOUND ( 'NONE', #5816, .T. ) ;
#3452 = DIRECTION ( 'NONE',  ( 1.239088197126290300E-016, 1.806715620860384200E-032, 1.000000000000000000 ) ) ;
#3453 = VECTOR ( 'NONE', #815, 1000.000000000000000 ) ;
#3454 = VERTEX_POINT ( 'NONE', #1312 ) ;
#3455 = CARTESIAN_POINT ( 'NONE',  ( -2.859999999999998100, 1.124999999999999800, -3.774999999999999000 ) ) ;
#3456 = EDGE_CURVE ( 'NONE', #1832, #3998, #3055, .T. ) ;
#3457 = ORIENTED_EDGE ( 'NONE', *, *, #4173, .T. ) ;
#3458 = VECTOR ( 'NONE', #68, 1000.000000000000000 ) ;
#3459 = CARTESIAN_POINT ( 'NONE',  ( 1.924722225583746400, 1.125000000000000400, -8.752773196134491200 ) ) ;
#3460 = CIRCLE ( 'NONE', #3525, 0.2000000000000000900 ) ;
#3461 = DIRECTION ( 'NONE',  ( 2.168404344971008900E-016, -1.000000000000000000, 0.0000000000000000000 ) ) ;
#3462 = VERTEX_POINT ( 'NONE', #1728 ) ;
#3463 = VECTOR ( 'NONE', #5841, 1000.000000000000000 ) ;
#3464 = CARTESIAN_POINT ( 'NONE',  ( 5.204999999999999200, 1.645000000000000700, -3.775000000000000400 ) ) ;
#3465 = CIRCLE ( 'NONE', #2355, 0.3499999999999992000 ) ;
#3466 = VERTEX_POINT ( 'NONE', #5620 ) ;
#3467 = CARTESIAN_POINT ( 'NONE',  ( 5.080000000000001000, 1.125000000000000900, -2.975000000000000100 ) ) ;
#3468 = CARTESIAN_POINT ( 'NONE',  ( -0.3199999999999974000, 1.524999999999999900, -3.924999999999999800 ) ) ;
#3469 = ORIENTED_EDGE ( 'NONE', *, *, #3642, .F. ) ;
#3470 = VECTOR ( 'NONE', #6225, 1000.000000000000000 ) ;
#3471 = AXIS2_PLACEMENT_3D ( 'NONE', #6019, #3619, #3660 ) ;
#3472 = VECTOR ( 'NONE', #833, 1000.000000000000000 ) ;
#3473 = ORIENTED_EDGE ( 'NONE', *, *, #511, .F. ) ;
#3474 = ORIENTED_EDGE ( 'NONE', *, *, #4778, .T. ) ;
#3475 = ORIENTED_EDGE ( 'NONE', *, *, #5905, .F. ) ;
#3476 = CARTESIAN_POINT ( 'NONE',  ( 5.204999999999999200, 0.8250000000000007300, -11.47500000000000100 ) ) ;
#3477 = VECTOR ( 'NONE', #2341, 1000.000000000000000 ) ;
#3478 = EDGE_CURVE ( 'NONE', #1326, #1273, #3441, .T. ) ;
#3479 = VECTOR ( 'NONE', #2974, 1000.000000000000000 ) ;
#3480 = ORIENTED_EDGE ( 'NONE', *, *, #1910, .T. ) ;
#3481 = ORIENTED_EDGE ( 'NONE', *, *, #75, .F. ) ;
#3482 = DIRECTION ( 'NONE',  ( -1.000000000000000000, -1.458100904399333800E-016, 0.0000000000000000000 ) ) ;
#3483 = AXIS2_PLACEMENT_3D ( 'NONE', #5341, #2959, #81 ) ;
#3484 = CARTESIAN_POINT ( 'NONE',  ( 5.204999999999999200, 1.525000000000000800, -3.775000000000000400 ) ) ;
#3485 = ORIENTED_EDGE ( 'NONE', *, *, #3252, .T. ) ;
#3486 = DIRECTION ( 'NONE',  ( 1.000000000000000000, 1.458100904399333800E-016, 0.0000000000000000000 ) ) ;
#3487 = VERTEX_POINT ( 'NONE', #5590 ) ;
#3488 = AXIS2_PLACEMENT_3D ( 'NONE', #1693, #4059, #5478 ) ;
#3489 = VERTEX_POINT ( 'NONE', #5673 ) ;
#3490 = CARTESIAN_POINT ( 'NONE',  ( -4.129999999999998100, 1.644999999999999400, -11.07499999999999900 ) ) ;
#3491 = FACE_OUTER_BOUND ( 'NONE', #2237, .T. ) ;
#3492 = CARTESIAN_POINT ( 'NONE',  ( -4.530000000000002900, 2.044999999999999900, -11.47500000000000100 ) ) ;
#3493 = EDGE_CURVE ( 'NONE', #5135, #4224, #4344, .T. ) ;
#3494 = ORIENTED_EDGE ( 'NONE', *, *, #3270, .F. ) ;
#3495 = EDGE_CURVE ( 'NONE', #2898, #845, #4636, .T. ) ;
#3496 = FILL_AREA_STYLE_COLOUR ( '', #3284 ) ;
#3497 = LINE ( 'NONE', #4431, #4846 ) ;
#3498 = VERTEX_POINT ( 'NONE', #2700 ) ;
#3499 = VECTOR ( 'NONE', #5090, 1000.000000000000000 ) ;
#3500 = CARTESIAN_POINT ( 'NONE',  ( -2.219999999999999800, 1.524999999999999700, -3.774999999999999000 ) ) ;
#3501 = EDGE_CURVE ( 'NONE', #3016, #4341, #3817, .T. ) ;
#3502 = ORIENTED_EDGE ( 'NONE', *, *, #4591, .F. ) ;
#3503 = CARTESIAN_POINT ( 'NONE',  ( -3.929999999999999300, 2.447125105937309400E-031, 0.2249999999999995100 ) ) ;
#3504 = LINE ( 'NONE', #1203, #4470 ) ;
#3505 = ORIENTED_EDGE ( 'NONE', *, *, #4765, .F. ) ;
#3506 = CARTESIAN_POINT ( 'NONE',  ( -1.589999999999997600, 1.100643141363175600, -1.709592697925149200 ) ) ;
#3507 = LINE ( 'NONE', #4622, #2751 ) ;
#3508 = PLANE ( 'NONE',  #5659 ) ;
#3509 = EDGE_CURVE ( 'NONE', #4721, #3489, #2154, .T. ) ;
#3510 = ORIENTED_EDGE ( 'NONE', *, *, #1824, .T. ) ;
#3511 = ORIENTED_EDGE ( 'NONE', *, *, #2727, .F. ) ;
#3512 = CARTESIAN_POINT ( 'NONE',  ( 0.9500000000000011800, 6.505213034913028600E-016, -0.2505119680435621300 ) ) ;
#3513 = CARTESIAN_POINT ( 'NONE',  ( 2.860000000000001200, 1.825000000000000400, -3.775000000000000400 ) ) ;
#3514 = LINE ( 'NONE', #4755, #2297 ) ;
#3515 = DIRECTION ( 'NONE',  ( 1.000000000000000000, 1.458100904399333800E-016, 0.0000000000000000000 ) ) ;
#3516 = ORIENTED_EDGE ( 'NONE', *, *, #3727, .F. ) ;
#3517 = DIRECTION ( 'NONE',  ( -1.000000000000000000, -1.458100904399333800E-016, 0.0000000000000000000 ) ) ;
#3518 = VECTOR ( 'NONE', #3110, 1000.000000000000000 ) ;
#3519 = EDGE_CURVE ( 'NONE', #5991, #4779, #3586, .T. ) ;
#3520 = PLANE ( 'NONE',  #444 ) ;
#3521 = VECTOR ( 'NONE', #36, 1000.000000000000000 ) ;
#3522 = ORIENTED_EDGE ( 'NONE', *, *, #2157, .F. ) ;
#3523 = CARTESIAN_POINT ( 'NONE',  ( 1.590000000000001200, 0.5000000000000008900, -0.2505119680435638500 ) ) ;
#3524 = EDGE_CURVE ( 'NONE', #4767, #2643, #1256, .T. ) ;
#3525 = AXIS2_PLACEMENT_3D ( 'NONE', #2354, #4273, #3372 ) ;
#3526 = VECTOR ( 'NONE', #3797, 1000.000000000000000 ) ;
#3527 = LINE ( 'NONE', #4693, #5414 ) ;
#3528 = CIRCLE ( 'NONE', #4818, 0.2500000000000000000 ) ;
#3529 = DIRECTION ( 'NONE',  ( 0.01745240643728364700, 2.544736961014804200E-018, -0.9998476951563911600 ) ) ;
#3530 = DIRECTION ( 'NONE',  ( 1.000000000000000000, 1.355252715606880500E-016, 0.0000000000000000000 ) ) ;
#3531 = VERTEX_POINT ( 'NONE', #369 ) ;
#3532 = VECTOR ( 'NONE', #4648, 1000.000000000000000 ) ;
#3533 = CARTESIAN_POINT ( 'NONE',  ( 3.490000000000000200, 1.645000000000000500, -2.975000000000000100 ) ) ;
#3534 = EDGE_CURVE ( 'NONE', #615, #2811, #6227, .T. ) ;
#3535 = ADVANCED_FACE ( 'NONE', ( #4952 ), #2291, .F. ) ;
#3536 = PLANE ( 'NONE',  #4845 ) ;
#3537 = DIRECTION ( 'NONE',  ( -1.000000000000000000, -2.710505431213759600E-016, 0.0000000000000000000 ) ) ;
#3538 = CARTESIAN_POINT ( 'NONE',  ( 2.220000000000003300, 1.125000000000000400, -3.924999999999999800 ) ) ;
#3539 = LINE ( 'NONE', #3369, #4510 ) ;
#3540 = DIRECTION ( 'NONE',  ( -1.458100904399333800E-016, 1.000000000000000000, -0.0000000000000000000 ) ) ;
#3541 = VECTOR ( 'NONE', #2426, 1000.000000000000000 ) ;
#3542 = ORIENTED_EDGE ( 'NONE', *, *, #2836, .F. ) ;
#3543 = ADVANCED_FACE ( 'NONE', ( #5843 ), #1271, .F. ) ;
#3544 = CARTESIAN_POINT ( 'NONE',  ( 2.860000000000001200, 1.525000000000000600, -3.775000000000000400 ) ) ;
#3545 = ORIENTED_EDGE ( 'NONE', *, *, #4604, .T. ) ;
#3546 = ORIENTED_EDGE ( 'NONE', *, *, #1395, .T. ) ;
#3547 = LINE ( 'NONE', #3231, #3477 ) ;
#3548 = LINE ( 'NONE', #2933, #5068 ) ;
#3549 = EDGE_CURVE ( 'NONE', #4895, #980, #3662, .T. ) ;
#3550 = ORIENTED_EDGE ( 'NONE', *, *, #1180, .T. ) ;
#3551 = ORIENTED_EDGE ( 'NONE', *, *, #4798, .F. ) ;
#3552 = PRESENTATION_LAYER_ASSIGNMENT (  '', '', ( #4400 ) ) ;
#3553 = ORIENTED_EDGE ( 'NONE', *, *, #3762, .T. ) ;
#3554 = CARTESIAN_POINT ( 'NONE',  ( -0.9499999999999995100, 4.336808689942019700E-016, -1.774999999999998800 ) ) ;
#3555 = DIRECTION ( 'NONE',  ( 1.458100904399333800E-016, -1.000000000000000000, -0.0000000000000000000 ) ) ;
#3556 = CARTESIAN_POINT ( 'NONE',  ( 5.204999999999999200, 1.525000000000000800, -3.775000000000000400 ) ) ;
#3557 = ORIENTED_EDGE ( 'NONE', *, *, #1551, .F. ) ;
#3558 = ORIENTED_EDGE ( 'NONE', *, *, #2239, .T. ) ;
#3559 = CARTESIAN_POINT ( 'NONE',  ( 4.129999999999999900, 1.125000000000000700, -1.775000000000000600 ) ) ;
#3560 = EDGE_LOOP ( 'NONE', ( #4633, #1826, #835, #2946 ) ) ;
#3561 = DIRECTION ( 'NONE',  ( -1.000000000000000000, -1.458100904399333800E-016, -0.0000000000000000000 ) ) ;
#3562 = PLANE ( 'NONE',  #4731 ) ;
#3563 = ORIENTED_EDGE ( 'NONE', *, *, #4951, .T. ) ;
#3564 = FACE_OUTER_BOUND ( 'NONE', #1091, .T. ) ;
#3565 = CARTESIAN_POINT ( 'NONE',  ( -3.810000000000000900, 1.124999999999999600, -5.225000000000002300 ) ) ;
#3566 = ORIENTED_EDGE ( 'NONE', *, *, #2379, .T. ) ;
#3567 = ORIENTED_EDGE ( 'NONE', *, *, #839, .F. ) ;
#3568 = CARTESIAN_POINT ( 'NONE',  ( 4.759999999999984700, 1.125000000000000900, -6.625000000003581100 ) ) ;
#3569 = LINE ( 'NONE', #881, #2665 ) ;
#3570 = CARTESIAN_POINT ( 'NONE',  ( -1.270000000000000200, 1.125000000000000000, -5.225000000000002300 ) ) ;
#3571 = EDGE_CURVE ( 'NONE', #4866, #102, #1482, .T. ) ;
#3572 = DIRECTION ( 'NONE',  ( -1.458100904399333800E-016, 1.000000000000000000, -0.0000000000000000000 ) ) ;
#3573 = ADVANCED_FACE ( 'NONE', ( #5106 ), #854, .F. ) ;
#3574 = VECTOR ( 'NONE', #76, 1000.000000000000000 ) ;
#3575 = CARTESIAN_POINT ( 'NONE',  ( 2.894999999999998200, 1.525000000000000600, -10.02500000000000000 ) ) ;
#3576 = CARTESIAN_POINT ( 'NONE',  ( 4.760000000000002500, 1.525000000000000800, -2.975000000000000100 ) ) ;
#3577 = UNCERTAINTY_MEASURE_WITH_UNIT (LENGTH_MEASURE( 1.000000000000000100E-005 ), #2479, 'distance_accuracy_value', 'NONE');
#3578 = EDGE_LOOP ( 'NONE', ( #616, #2388, #2794, #4192 ) ) ;
#3579 = EDGE_LOOP ( 'NONE', ( #339, #3582, #5604, #3250 ) ) ;
#3580 = DIRECTION ( 'NONE',  ( 0.0000000000000000000, -1.000000000000000000, 0.0000000000000000000 ) ) ;
#3581 = CARTESIAN_POINT ( 'NONE',  ( -3.490000000000000200, 1.124999999999999600, -3.674999999999999400 ) ) ;
#3582 = ORIENTED_EDGE ( 'NONE', *, *, #4179, .T. ) ;
#3583 = VERTEX_POINT ( 'NONE', #3205 ) ;
#3584 = DIRECTION ( 'NONE',  ( 1.458100904399333800E-016, -1.000000000000000000, -0.0000000000000000000 ) ) ;
#3585 = AXIS2_PLACEMENT_3D ( 'NONE', #5306, #2917, #3875 ) ;
#3586 = LINE ( 'NONE', #6157, #6155 ) ;
#3587 = ORIENTED_EDGE ( 'NONE', *, *, #5427, .F. ) ;
#3588 = DIRECTION ( 'NONE',  ( -1.458100904399333800E-016, 1.000000000000000000, 0.0000000000000000000 ) ) ;
#3589 = EDGE_CURVE ( 'NONE', #5810, #6042, #5253, .T. ) ;
#3590 = EDGE_CURVE ( 'NONE', #1885, #462, #2229, .T. ) ;
#3591 = CARTESIAN_POINT ( 'NONE',  ( 1.390000000000002300, 8.673617379884037400E-016, 0.2250000000000012500 ) ) ;
#3592 = ORIENTED_EDGE ( 'NONE', *, *, #190, .F. ) ;
#3593 = CARTESIAN_POINT ( 'NONE',  ( 1.150000000000001700, 8.673617379884037400E-016, 0.2250000000000012500 ) ) ;
#3594 = FACE_OUTER_BOUND ( 'NONE', #878, .T. ) ;
#3595 = AXIS2_PLACEMENT_3D ( 'NONE', #3700, #4684, #1320 ) ;
#3596 = ORIENTED_EDGE ( 'NONE', *, *, #88, .T. ) ;
#3597 = ADVANCED_FACE ( 'NONE', ( #2380 ), #4816, .F. ) ;
#3598 = EDGE_CURVE ( 'NONE', #462, #2623, #3514, .T. ) ;
#3599 = DIRECTION ( 'NONE',  ( 1.000000000000000000, 1.355252715606880500E-016, 0.0000000000000000000 ) ) ;
#3600 = LINE ( 'NONE', #3831, #5124 ) ;
#3601 = CARTESIAN_POINT ( 'NONE',  ( -4.510000000000003300, 1.524999999999999500, -3.674999999999999400 ) ) ;
#3602 = VECTOR ( 'NONE', #5151, 1000.000000000000100 ) ;
#3603 = DIRECTION ( 'NONE',  ( -9.537044630965832400E-017, 0.6540730207484939400, -0.7564314136317583600 ) ) ;
#3604 = EDGE_CURVE ( 'NONE', #3029, #4313, #1631, .T. ) ;
#3605 = AXIS2_PLACEMENT_3D ( 'NONE', #1907, #456, #5299 ) ;
#3606 = FACE_BOUND ( 'NONE', #332, .T. ) ;
#3607 = DIRECTION ( 'NONE',  ( -0.01029357226245748000, -1.500906702538914700E-018, -0.9999470197815869500 ) ) ;
#3608 = LINE ( 'NONE', #5331, #224 ) ;
#3609 = CARTESIAN_POINT ( 'NONE',  ( 0.3549999999999994300, 1.525000000000000400, -10.02500000000000000 ) ) ;
#3610 = ORIENTED_EDGE ( 'NONE', *, *, #4715, .F. ) ;
#3611 = ORIENTED_EDGE ( 'NONE', *, *, #1685, .F. ) ;
#3612 = PLANE ( 'NONE',  #3064 ) ;
#3614 = EDGE_CURVE ( 'NONE', #4116, #2197, #5923, .T. ) ;
#3613 = CIRCLE ( 'NONE', #2594, 0.2000000000000000900 ) ;
#3615 = ORIENTED_EDGE ( 'NONE', *, *, #6096, .T. ) ;
#3616 = CIRCLE ( 'NONE', #427, 0.2000000000000000900 ) ;
#3617 = DIRECTION ( 'NONE',  ( 1.000000000000000000, 1.458100904399333800E-016, 0.0000000000000000000 ) ) ;
#3618 = ORIENTED_EDGE ( 'NONE', *, *, #1334, .T. ) ;
#3619 = DIRECTION ( 'NONE',  ( -1.458100904399333800E-016, 1.000000000000000000, 0.0000000000000000000 ) ) ;
#3620 = DIRECTION ( 'NONE',  ( 0.0000000000000000000, -1.000000000000000000, 0.0000000000000000000 ) ) ;
#3621 = ORIENTED_EDGE ( 'NONE', *, *, #2900, .F. ) ;
#3622 = CARTESIAN_POINT ( 'NONE',  ( 0.3200000000000008400, 1.525000000000000100, -3.775000000000000400 ) ) ;
#3623 = ORIENTED_EDGE ( 'NONE', *, *, #2638, .T. ) ;
#3624 = FACE_OUTER_BOUND ( 'NONE', #2690, .T. ) ;
#3625 = VECTOR ( 'NONE', #718, 1000.000000000000000 ) ;
#3626 = PLANE ( 'NONE',  #4004 ) ;
#3627 = ORIENTED_EDGE ( 'NONE', *, *, #5182, .T. ) ;
#3628 = ORIENTED_EDGE ( 'NONE', *, *, #2775, .T. ) ;
#3629 = CARTESIAN_POINT ( 'NONE',  ( 3.930000000000001000, 1.301042606982605700E-015, 0.4250000000000000400 ) ) ;
#3630 = CARTESIAN_POINT ( 'NONE',  ( -2.894999999999998200, 1.124999999999999600, -10.02500000000000000 ) ) ;
#3631 = EDGE_CURVE ( 'NONE', #453, #4116, #1022, .T. ) ;
#3632 = EDGE_LOOP ( 'NONE', ( #1432, #3623, #2188, #5931 ) ) ;
#3633 = ORIENTED_EDGE ( 'NONE', *, *, #5595, .F. ) ;
#3634 = ORIENTED_EDGE ( 'NONE', *, *, #5924, .T. ) ;
#3635 = AXIS2_PLACEMENT_3D ( 'NONE', #3593, #6016, #5014 ) ;
#3636 = VECTOR ( 'NONE', #5946, 1000.000000000000000 ) ;
#3637 = ADVANCED_FACE ( 'NONE', ( #5624 ), #3854, .F. ) ;
#3638 = VERTEX_POINT ( 'NONE', #1897 ) ;
#3639 = DIRECTION ( 'NONE',  ( 1.031033037155009200E-016, -0.7071067811865491300, 0.7071067811865459100 ) ) ;
#3640 = PLANE ( 'NONE',  #4322 ) ;
#3641 = LINE ( 'NONE', #756, #3950 ) ;
#3642 = EDGE_CURVE ( 'NONE', #5410, #1780, #957, .T. ) ;
#3643 = DIRECTION ( 'NONE',  ( 0.0000000000000000000, 0.0000000000000000000, -1.000000000000000000 ) ) ;
#3644 = CARTESIAN_POINT ( 'NONE',  ( -1.589999999999997600, 1.644999999999999800, -3.774999999999999000 ) ) ;
#3645 = DIRECTION ( 'NONE',  ( -6.110679571450328900E-017, 1.000000000000000000, 1.368455531567204200E-048 ) ) ;
#3646 = ORIENTED_EDGE ( 'NONE', *, *, #4124, .T. ) ;
#3647 = EDGE_CURVE ( 'NONE', #5911, #3176, #5321, .T. ) ;
#3648 = LINE ( 'NONE', #1246, #1397 ) ;
#3649 = AXIS2_PLACEMENT_3D ( 'NONE', #2907, #520, #97 ) ;
#3650 = CARTESIAN_POINT ( 'NONE',  ( -2.859999999999998100, 1.524999999999999700, -3.924999999999999800 ) ) ;
#3651 = ORIENTED_EDGE ( 'NONE', *, *, #4698, .T. ) ;
#3652 = DIRECTION ( 'NONE',  ( 1.458100904399333800E-016, -1.000000000000000000, 0.0000000000000000000 ) ) ;
#3653 = EDGE_CURVE ( 'NONE', #4593, #3244, #876, .T. ) ;
#3654 = ORIENTED_EDGE ( 'NONE', *, *, #5344, .T. ) ;
#3655 = VECTOR ( 'NONE', #2732, 1000.000000000000000 ) ;
#3656 = ADVANCED_FACE ( 'NONE', ( #5775 ), #5263, .F. ) ;
#3657 = PLANE ( 'NONE',  #1295 ) ;
#3658 = ORIENTED_EDGE ( 'NONE', *, *, #1379, .F. ) ;
#3659 = ORIENTED_EDGE ( 'NONE', *, *, #1455, .F. ) ;
#3660 = DIRECTION ( 'NONE',  ( 1.000000000000000000, 1.458100904399333800E-016, 0.0000000000000000000 ) ) ;
#3661 = DIRECTION ( 'NONE',  ( 1.000000000000000000, 1.458100904399333800E-016, -1.239088197126290300E-016 ) ) ;
#3662 = LINE ( 'NONE', #6121, #5999 ) ;
#3663 = ADVANCED_FACE ( 'NONE', ( #2074 ), #1396, .F. ) ;
#3664 = EDGE_CURVE ( 'NONE', #4857, #5810, #510, .T. ) ;
#3665 = ORIENTED_EDGE ( 'NONE', *, *, #3270, .T. ) ;
#3666 = AXIS2_PLACEMENT_3D ( 'NONE', #6071, #6027, #3599 ) ;
#3667 = DIRECTION ( 'NONE',  ( 1.458100904399333800E-016, -1.000000000000000000, 0.0000000000000000000 ) ) ;
#3668 = FACE_OUTER_BOUND ( 'NONE', #1727, .T. ) ;
#3669 = VECTOR ( 'NONE', #4785, 1000.000000000000000 ) ;
#3670 = EDGE_LOOP ( 'NONE', ( #314, #1188, #5743, #5061 ) ) ;
#3671 = DIRECTION ( 'NONE',  ( 0.7071067811865490200, 1.031033037155009000E-016, -0.7071067811865460200 ) ) ;
#3672 = EDGE_CURVE ( 'NONE', #3437, #5367, #5471, .T. ) ;
#3673 = CARTESIAN_POINT ( 'NONE',  ( -4.129999999999998100, 0.5000000000000000000, -0.2505119680435638500 ) ) ;
#3674 = CIRCLE ( 'NONE', #2911, 0.3499999999999992000 ) ;
#3675 = AXIS2_PLACEMENT_3D ( 'NONE', #3898, #1938, #2416 ) ;
#3676 = LINE ( 'NONE', #932, #2699 ) ;
#3677 = VECTOR ( 'NONE', #2829, 1000.000000000000100 ) ;
#3678 = CARTESIAN_POINT ( 'NONE',  ( -3.490000000000000200, 1.644999999999999600, -11.07499999999999900 ) ) ;
#3679 = DIRECTION ( 'NONE',  ( 1.000000000000000000, 0.0000000000000000000, 0.0000000000000000000 ) ) ;
#3680 = DIRECTION ( 'NONE',  ( -1.000000000000000000, -1.458100904399333800E-016, 0.0000000000000000000 ) ) ;
#3681 = DIRECTION ( 'NONE',  ( -1.458100904399333800E-016, 1.000000000000000000, -0.0000000000000000000 ) ) ;
#3682 = ORIENTED_EDGE ( 'NONE', *, *, #2005, .F. ) ;
#3683 = AXIS2_PLACEMENT_3D ( 'NONE', #371, #2781, #3755 ) ;
#3684 = VECTOR ( 'NONE', #5043, 1000.000000000000000 ) ;
#3685 = VECTOR ( 'NONE', #1584, 1000.000000000000000 ) ;
#3686 = LINE ( 'NONE', #1239, #308 ) ;
#3687 = ORIENTED_EDGE ( 'NONE', *, *, #1158, .T. ) ;
#3688 = CARTESIAN_POINT ( 'NONE',  ( 3.809999999999999200, 1.125000000000000700, -5.225000000000002300 ) ) ;
#3689 = LINE ( 'NONE', #882, #380 ) ;
#3690 = EDGE_CURVE ( 'NONE', #3142, #3279, #3213, .T. ) ;
#3691 = ADVANCED_FACE ( 'NONE', ( #1331 ), #3794, .T. ) ;
#3692 = ORIENTED_EDGE ( 'NONE', *, *, #1021, .F. ) ;
#3693 = ORIENTED_EDGE ( 'NONE', *, *, #6177, .F. ) ;
#3694 = CARTESIAN_POINT ( 'NONE',  ( 1.590000000000001200, 1.005000000000000300, -11.07499999999999900 ) ) ;
#3695 = ORIENTED_EDGE ( 'NONE', *, *, #2431, .T. ) ;
#3696 = LINE ( 'NONE', #4860, #1060 ) ;
#3697 = CARTESIAN_POINT ( 'NONE',  ( 4.760000000000004200, 1.825000000000000600, -3.774999999999999000 ) ) ;
#3698 = LINE ( 'NONE', #1081, #5956 ) ;
#3699 = ORIENTED_EDGE ( 'NONE', *, *, #2519, .T. ) ;
#3700 = CARTESIAN_POINT ( 'NONE',  ( -0.5699999999999976200, 1.125000000000000000, -3.924999999999999800 ) ) ;
#3701 = DIRECTION ( 'NONE',  ( 1.000000000000000000, 1.458100904399333800E-016, 1.548860246407857400E-016 ) ) ;
#3702 = VERTEX_POINT ( 'NONE', #3416 ) ;
#3703 = VERTEX_POINT ( 'NONE', #4414 ) ;
#3704 = ORIENTED_EDGE ( 'NONE', *, *, #296, .T. ) ;
#3705 = DIRECTION ( 'NONE',  ( 0.0000000000000000000, 0.0000000000000000000, -1.000000000000000000 ) ) ;
#3706 = CARTESIAN_POINT ( 'NONE',  ( -0.9499999999999995100, 1.125000000000000000, -1.774999999999998800 ) ) ;
#3707 = ORIENTED_EDGE ( 'NONE', *, *, #4725, .F. ) ;
#3708 = ORIENTED_EDGE ( 'NONE', *, *, #5628, .T. ) ;
#3709 = CARTESIAN_POINT ( 'NONE',  ( -4.129999999999998100, 0.4243568586368242600, -0.3159192701184150300 ) ) ;
#3710 = STYLED_ITEM ( 'NONE', ( #1864 ), #3114 ) ;
#3711 = ORIENTED_EDGE ( 'NONE', *, *, #3323, .F. ) ;
#3712 = ORIENTED_EDGE ( 'NONE', *, *, #742, .T. ) ;
#3713 = DIRECTION ( 'NONE',  ( 1.000000000000000000, 1.458100904399333800E-016, 0.0000000000000000000 ) ) ;
#3714 = CARTESIAN_POINT ( 'NONE',  ( 3.930000000000001000, 0.4000000000000011300, 0.2250000000000012500 ) ) ;
#3716 = EDGE_CURVE ( 'NONE', #3279, #6076, #428, .T. ) ;
#3715 = LINE ( 'NONE', #3017, #5675 ) ;
#3717 = CARTESIAN_POINT ( 'NONE',  ( 1.270000000000000200, 1.125000000000000200, -5.225000000000002300 ) ) ;
#3718 = ORIENTED_EDGE ( 'NONE', *, *, #3631, .F. ) ;
#3719 = DIRECTION ( 'NONE',  ( 1.000000000000000000, 2.710505431213759600E-016, 0.0000000000000000000 ) ) ;
#3720 = VECTOR ( 'NONE', #336, 1000.000000000000000 ) ;
#3721 = LINE ( 'NONE', #5185, #2284 ) ;
#3722 = DIRECTION ( 'NONE',  ( 1.000000000000000000, 1.458100904399333800E-016, -0.0000000000000000000 ) ) ;
#3723 = AXIS2_PLACEMENT_3D ( 'NONE', #5281, #6222, #5779 ) ;
#3724 = CARTESIAN_POINT ( 'NONE',  ( -0.9499999999999995100, 1.100643141363175900, -1.709592697925149200 ) ) ;
#3725 = ADVANCED_FACE ( 'NONE', ( #951 ), #196, .F. ) ;
#3726 = DIRECTION ( 'NONE',  ( 0.0000000000000000000, 0.0000000000000000000, -1.000000000000000000 ) ) ;
#3727 = EDGE_CURVE ( 'NONE', #3733, #2643, #2682, .T. ) ;
#3728 = VECTOR ( 'NONE', #5025, 1000.000000000000000 ) ;
#3729 = PLANE ( 'NONE',  #1677 ) ;
#3730 = CARTESIAN_POINT ( 'NONE',  ( 2.860000000000001200, 1.525000000000000600, -10.77500000000000200 ) ) ;
#3731 = VERTEX_POINT ( 'NONE', #4395 ) ;
#3732 = EDGE_CURVE ( 'NONE', #5724, #2769, #1771, .T. ) ;
#3733 = VERTEX_POINT ( 'NONE', #5389 ) ;
#3734 = AXIS2_PLACEMENT_3D ( 'NONE', #1697, #3124, #1739 ) ;
#3735 = DIRECTION ( 'NONE',  ( -4.565061778886334000E-016, -6.656320708432995900E-032, -1.000000000000000000 ) ) ;
#3736 = CARTESIAN_POINT ( 'NONE',  ( 1.270000000000000200, 1.125000000000000200, -5.225000000000002300 ) ) ;
#3737 = VECTOR ( 'NONE', #420, 1000.000000000000000 ) ;
#3738 = ORIENTED_EDGE ( 'NONE', *, *, #6109, .T. ) ;
#3739 = EDGE_LOOP ( 'NONE', ( #2942, #5840, #2570, #5649 ) ) ;
#3740 = CARTESIAN_POINT ( 'NONE',  ( -0.5699999999999976200, 1.125000000000000000, -1.774999999999998800 ) ) ;
#3741 = EDGE_CURVE ( 'NONE', #3257, #5065, #5247, .T. ) ;
#3742 = DIRECTION ( 'NONE',  ( 0.7071067811865460200, 1.031033037155004600E-016, -0.7071067811865490200 ) ) ;
#3743 = VECTOR ( 'NONE', #4615, 1000.000000000000100 ) ;
#3744 = CARTESIAN_POINT ( 'NONE',  ( 4.725000000000001400, 1.125000000000000900, -10.02500000000000000 ) ) ;
#3745 = VERTEX_POINT ( 'NONE', #4457 ) ;
#3746 = SURFACE_SIDE_STYLE ('',( #3088 ) ) ;
#3747 = VECTOR ( 'NONE', #1583, 1000.000000000000000 ) ;
#3748 = ORIENTED_EDGE ( 'NONE', *, *, #5750, .T. ) ;
#3749 = CARTESIAN_POINT ( 'NONE',  ( 0.9500000000000011800, 1.125000000000000200, -10.77500000000000200 ) ) ;
#3750 = EDGE_CURVE ( 'NONE', #3179, #4898, #2532, .T. ) ;
#3751 = LINE ( 'NONE', #447, #130 ) ;
#3752 = VECTOR ( 'NONE', #5034, 1000.000000000000000 ) ;
#3753 = ORIENTED_EDGE ( 'NONE', *, *, #3432, .F. ) ;
#3754 = CARTESIAN_POINT ( 'NONE',  ( 0.0000000000000000000, 1.325000000000000000, -11.47500000000000100 ) ) ;
#3755 = DIRECTION ( 'NONE',  ( -1.000000000000000000, -1.458100904399332600E-016, 0.0000000000000000000 ) ) ;
#3756 = ADVANCED_FACE ( 'NONE', ( #3364 ), #502, .T. ) ;
#3757 = VECTOR ( 'NONE', #2677, 1000.000000000000000 ) ;
#3758 = DIRECTION ( 'NONE',  ( 0.5773502691896270600, -0.5773502691896262900, 0.5773502691896239500 ) ) ;
#3759 = LINE ( 'NONE', #6195, #5790 ) ;
#3760 = DIRECTION ( 'NONE',  ( -0.0000000000000000000, -0.0000000000000000000, 1.000000000000000000 ) ) ;
#3761 = CARTESIAN_POINT ( 'NONE',  ( 7.620000000000000100, 1.125000000000001100, -10.77500000000000200 ) ) ;
#3762 = EDGE_CURVE ( 'NONE', #1309, #6075, #4561, .T. ) ;
#3763 = CYLINDRICAL_SURFACE ( 'NONE', #3273, 1.599999999999999900 ) ;
#3764 = VECTOR ( 'NONE', #5168, 1000.000000000000000 ) ;
#3765 = DIRECTION ( 'NONE',  ( -1.458100904399333800E-016, 1.000000000000000000, 0.0000000000000000000 ) ) ;
#3766 = ORIENTED_EDGE ( 'NONE', *, *, #5948, .T. ) ;
#3767 = CARTESIAN_POINT ( 'NONE',  ( -0.5699999999999976200, 1.524999999999999900, -3.674999999999999400 ) ) ;
#3768 = CARTESIAN_POINT ( 'NONE',  ( 3.155277774416255000, 1.525000000000000600, -8.752773196134491200 ) ) ;
#3769 = CARTESIAN_POINT ( 'NONE',  ( 1.557131737053300200, 1.525000000000000400, -8.829774775735728600 ) ) ;
#3770 = VERTEX_POINT ( 'NONE', #109 ) ;
#3771 = LINE ( 'NONE', #5469, #2488 ) ;
#3772 = EDGE_LOOP ( 'NONE', ( #3133, #5058, #4681, #2132 ) ) ;
#3773 = MANIFOLD_SOLID_BREP ( 'LPattern2[1]', #2858 ) ;
#3774 = LINE ( 'NONE', #5133, #4746 ) ;
#3775 = EDGE_LOOP ( 'NONE', ( #3940, #5690, #2259, #3105, #1637, #409, #4009, #3442 ) ) ;
#3776 = ORIENTED_EDGE ( 'NONE', *, *, #3478, .T. ) ;
#3777 = DIRECTION ( 'NONE',  ( 0.0000000000000000000, 0.0000000000000000000, -1.000000000000000000 ) ) ;
#3778 = EDGE_LOOP ( 'NONE', ( #5196, #479, #5812, #548 ) ) ;
#3779 = CARTESIAN_POINT ( 'NONE',  ( -1.589999999999997600, 1.100643141363175600, -1.709592697925149200 ) ) ;
#3781 = EDGE_CURVE ( 'NONE', #5473, #1900, #2067, .T. ) ;
#3780 = LINE ( 'NONE', #1539, #2571 ) ;
#3782 = LINE ( 'NONE', #5523, #3625 ) ;
#3783 = VERTEX_POINT ( 'NONE', #2940 ) ;
#3784 = ORIENTED_EDGE ( 'NONE', *, *, #3341, .T. ) ;
#3785 = CARTESIAN_POINT ( 'NONE',  ( -3.109999999999998100, 1.124999999999999600, -3.924999999999999800 ) ) ;
#3786 = PLANE ( 'NONE',  #5156 ) ;
#3787 = DIRECTION ( 'NONE',  ( 1.548860246407857400E-016, 2.258394526075472000E-032, -1.000000000000000000 ) ) ;
#3788 = ORIENTED_EDGE ( 'NONE', *, *, #1901, .T. ) ;
#3789 = ORIENTED_EDGE ( 'NONE', *, *, #4881, .T. ) ;
#3790 = ORIENTED_EDGE ( 'NONE', *, *, #590, .F. ) ;
#3791 = ADVANCED_FACE ( 'NONE', ( #655 ), #2375, .F. ) ;
#3792 = DIRECTION ( 'NONE',  ( -1.000000000000000000, -1.458100904399333800E-016, 0.0000000000000000000 ) ) ;
#3793 = VECTOR ( 'NONE', #161, 1000.000000000000000 ) ;
#3794 = PLANE ( 'NONE',  #2063 ) ;
#3795 = DIRECTION ( 'NONE',  ( 0.0000000000000000000, -1.000000000000000000, 0.0000000000000000000 ) ) ;
#3796 = ORIENTED_EDGE ( 'NONE', *, *, #1390, .F. ) ;
#3797 = DIRECTION ( 'NONE',  ( 1.000000000000000000, 1.458100904399333800E-016, -0.0000000000000000000 ) ) ;
#3798 = DIRECTION ( 'NONE',  ( 0.0000000000000000000, -1.000000000000000000, 0.0000000000000000000 ) ) ;
#3799 = VECTOR ( 'NONE', #465, 1000.000000000000000 ) ;
#3800 = DIRECTION ( 'NONE',  ( -1.458100904399333800E-016, 1.000000000000000000, 0.0000000000000000000 ) ) ;
#3801 = DIRECTION ( 'NONE',  ( -0.0000000000000000000, -0.0000000000000000000, 1.000000000000000000 ) ) ;
#3802 = EDGE_CURVE ( 'NONE', #1169, #2715, #1553, .T. ) ;
#3803 = LINE ( 'NONE', #1484, #5236 ) ;
#3804 = AXIS2_PLACEMENT_3D ( 'NONE', #5723, #470, #4275 ) ;
#3805 = ORIENTED_EDGE ( 'NONE', *, *, #3614, .F. ) ;
#3806 = PRESENTATION_LAYER_ASSIGNMENT (  '', '', ( #2832 ) ) ;
#3807 = DIRECTION ( 'NONE',  ( 0.5773502691896259500, 0.5773502691896269500, -0.5773502691896242900 ) ) ;
#3808 = DIRECTION ( 'NONE',  ( 1.501062806046814100E-015, -1.000000000000000000, 4.379057701015053300E-047 ) ) ;
#3809 = CLOSED_SHELL ( 'NONE', ( #5591, #1796, #4091, #3026, #1741, #919, #2079, #284, #5834, #677, #1732, #2207, #6061, #669, #3413, #1031, #3691, #542, #1260, #1682, #5940, #4764, #4485, #5069, #6040, #1855, #4702, #5244, #3656, #2872, #5366, #5333, #1004, #5099, #6190, #1359, #5036, #2770, #3253, #1145, #3053, #381, #4202, #4117, #1762, #2389, #2234, #2661, #5489, #2292, #3912, #1894, #3312, #1174, #975, #5303, #5272, #1707, #4612, #3637, #6006, #3185, #2267, #4264, #4888, #323, #4791, #1925, #3155, #3535, #261, #5184, #4233, #1450 ) ) ;
#3810 = EDGE_CURVE ( 'NONE', #462, #474, #1405, .T. ) ;
#3811 = CARTESIAN_POINT ( 'NONE',  ( 3.490000000000000200, 1.005000000000000600, -2.975000000000000100 ) ) ;
#3812 = VECTOR ( 'NONE', #5484, 1000.000000000000100 ) ;
#3813 = EDGE_CURVE ( 'NONE', #1604, #4444, #1851, .T. ) ;
#3814 = VERTEX_POINT ( 'NONE', #5428 ) ;
#3815 = ORIENTED_EDGE ( 'NONE', *, *, #139, .F. ) ;
#3816 = ADVANCED_FACE ( 'NONE', ( #1928 ), #3508, .F. ) ;
#3817 = LINE ( 'NONE', #1333, #3743 ) ;
#3818 = ORIENTED_EDGE ( 'NONE', *, *, #2293, .F. ) ;
#3819 = DIRECTION ( 'NONE',  ( -0.9999470197815870700, -1.458023653894950600E-016, 0.01029357226245748200 ) ) ;
#3820 = EDGE_CURVE ( 'NONE', #1780, #6075, #5615, .T. ) ;
#3821 = CARTESIAN_POINT ( 'NONE',  ( -1.589999999999997600, 4.336808689942019700E-016, 0.4250000000000017700 ) ) ;
#3822 = CARTESIAN_POINT ( 'NONE',  ( -0.9499999999999995100, 0.5000000000000005600, -0.2505119680435621300 ) ) ;
#3823 = CARTESIAN_POINT ( 'NONE',  ( -2.859999999999998100, 1.524999999999999700, -10.77500000000000200 ) ) ;
#3824 = FACE_OUTER_BOUND ( 'NONE', #1288, .T. ) ;
#3825 = VECTOR ( 'NONE', #3555, 1000.000000000000000 ) ;
#3826 = EDGE_LOOP ( 'NONE', ( #2790, #1045, #2526, #806 ) ) ;
#3827 = CARTESIAN_POINT ( 'NONE',  ( 0.9828682629467021500, 1.525000000000000100, -8.829774775735728600 ) ) ;
#3828 = AXIS2_PLACEMENT_3D ( 'NONE', #3459, #580, #96 ) ;
#3829 = DIRECTION ( 'NONE',  ( -0.0000000000000000000, -0.0000000000000000000, 1.000000000000000000 ) ) ;
#3830 = VECTOR ( 'NONE', #5246, 1000.000000000000000 ) ;
#3831 = CARTESIAN_POINT ( 'NONE',  ( -3.490000000000000200, 1.524999999999999500, -2.975000000000000100 ) ) ;
#3832 = FACE_OUTER_BOUND ( 'NONE', #933, .T. ) ;
#3833 = VECTOR ( 'NONE', #1548, 1000.000000000000000 ) ;
#3834 = EDGE_CURVE ( 'NONE', #3980, #2493, #121, .T. ) ;
#3835 = ORIENTED_EDGE ( 'NONE', *, *, #1910, .F. ) ;
#3836 = FACE_OUTER_BOUND ( 'NONE', #5077, .T. ) ;
#3837 = DIRECTION ( 'NONE',  ( -1.458100904399333800E-016, 1.000000000000000000, -0.0000000000000000000 ) ) ;
#3838 = VECTOR ( 'NONE', #1094, 1000.000000000000000 ) ;
#3839 = DIRECTION ( 'NONE',  ( 1.000000000000000000, 1.458100904399333800E-016, 1.548860246407857400E-016 ) ) ;
#3840 = CARTESIAN_POINT ( 'NONE',  ( 4.129999999999999900, 1.525000000000000600, -3.674999999999999400 ) ) ;
#3841 = LINE ( 'NONE', #6080, #4588 ) ;
#3842 = CARTESIAN_POINT ( 'NONE',  ( 4.129999999999999900, 1.825000000000000600, -3.774999999999999000 ) ) ;
#3843 = LINE ( 'NONE', #1479, #3541 ) ;
#3844 = ORIENTED_EDGE ( 'NONE', *, *, #3589, .T. ) ;
#3845 = CARTESIAN_POINT ( 'NONE',  ( 5.204999999999999200, 1.525000000000000800, -3.775000000000000400 ) ) ;
#3846 = EDGE_CURVE ( 'NONE', #989, #3731, #274, .T. ) ;
#3847 = DIRECTION ( 'NONE',  ( -1.458100904399333800E-016, 1.000000000000000000, -0.0000000000000000000 ) ) ;
#3848 = ORIENTED_EDGE ( 'NONE', *, *, #6215, .T. ) ;
#3849 = ORIENTED_EDGE ( 'NONE', *, *, #2397, .T. ) ;
#3850 = FACE_OUTER_BOUND ( 'NONE', #1436, .T. ) ;
#3851 = ADVANCED_FACE ( 'NONE', ( #5693 ), #4491, .F. ) ;
#3852 = LINE ( 'NONE', #3427, #6192 ) ;
#3853 = EDGE_CURVE ( 'NONE', #5594, #5293, #5102, .T. ) ;
#3854 = PLANE ( 'NONE',  #1776 ) ;
#3855 = CARTESIAN_POINT ( 'NONE',  ( 5.204999999999999200, 1.825000000000000800, -11.47500000000000100 ) ) ;
#3856 = ORIENTED_EDGE ( 'NONE', *, *, #3846, .T. ) ;
#3857 = AXIS2_PLACEMENT_3D ( 'NONE', #43, #2013, #5407 ) ;
#3858 = PLANE ( 'NONE',  #2382 ) ;
#3859 = ORIENTED_EDGE ( 'NONE', *, *, #1869, .F. ) ;
#3860 = ORIENTED_EDGE ( 'NONE', *, *, #139, .T. ) ;
#3861 = EDGE_LOOP ( 'NONE', ( #2499, #5701, #2507, #3995 ) ) ;
#3862 = EDGE_LOOP ( 'NONE', ( #5143, #5745, #1049, #852 ) ) ;
#3863 = ORIENTED_EDGE ( 'NONE', *, *, #5579, .T. ) ;
#3864 = DIRECTION ( 'NONE',  ( -4.565061778886334000E-016, -6.656320708432995900E-032, -1.000000000000000000 ) ) ;
#3865 = DIRECTION ( 'NONE',  ( 0.0000000000000000000, -1.000000000000000000, 0.0000000000000000000 ) ) ;
#3866 = DIRECTION ( 'NONE',  ( 1.000000000000000000, 0.0000000000000000000, 0.0000000000000000000 ) ) ;
#3867 = EDGE_CURVE ( 'NONE', #2344, #2093, #2904, .T. ) ;
#3868 = ORIENTED_EDGE ( 'NONE', *, *, #1800, .T. ) ;
#3869 = VECTOR ( 'NONE', #1408, 1000.000000000000000 ) ;
#3870 = DIRECTION ( 'NONE',  ( -1.000000000000000000, -1.458100904399333800E-016, 0.0000000000000000000 ) ) ;
#3871 = DIRECTION ( 'NONE',  ( -1.458100904399333800E-016, 1.000000000000000000, -0.0000000000000000000 ) ) ;
#3872 = EDGE_LOOP ( 'NONE', ( #617, #3558, #6001, #2641 ) ) ;
#3873 = CARTESIAN_POINT ( 'NONE',  ( -1.589999999999997600, 1.004999999999999900, -11.07499999999999900 ) ) ;
#3874 = LINE ( 'NONE', #4392, #4332 ) ;
#3875 = DIRECTION ( 'NONE',  ( -0.01029357226245748000, -1.500906702538914700E-018, -0.9999470197815869500 ) ) ;
#3877 = EDGE_CURVE ( 'NONE', #1142, #1309, #5917, .T. ) ;
#3876 = FACE_OUTER_BOUND ( 'NONE', #4057, .T. ) ;
#3878 = DIRECTION ( 'NONE',  ( 1.000000000000000000, 0.0000000000000000000, 0.0000000000000000000 ) ) ;
#3879 = AXIS2_PLACEMENT_3D ( 'NONE', #2322, #5697, #5663 ) ;
#3880 = CIRCLE ( 'NONE', #5093, 0.2500000000000002200 ) ;
#3881 = CARTESIAN_POINT ( 'NONE',  ( 3.809999999999999200, 1.525000000000000600, -5.225000000000002300 ) ) ;
#3882 = CARTESIAN_POINT ( 'NONE',  ( -0.9499999999999995100, 1.825000000000000000, -3.774999999999999000 ) ) ;
#3883 = DIRECTION ( 'NONE',  ( -1.000000000000000000, -2.710505431213759600E-016, 0.0000000000000000000 ) ) ;
#3884 = EDGE_LOOP ( 'NONE', ( #9, #2125, #1751, #3411 ) ) ;
#3885 = VERTEX_POINT ( 'NONE', #4042 ) ;
#3886 = DIRECTION ( 'NONE',  ( 1.000000000000000000, 1.458100904399333800E-016, -0.0000000000000000000 ) ) ;
#3887 =( LENGTH_UNIT ( ) NAMED_UNIT ( * ) SI_UNIT ( .MILLI., .METRE. ) );
#3888 = LINE ( 'NONE', #4188, #2604 ) ;
#3889 = ORIENTED_EDGE ( 'NONE', *, *, #5381, .F. ) ;
#3890 = CARTESIAN_POINT ( 'NONE',  ( 0.9500000000000011800, 0.5000000000000007800, -0.2505119680435621300 ) ) ;
#3891 = ORIENTED_EDGE ( 'NONE', *, *, #5030, .T. ) ;
#3892 = AXIS2_PLACEMENT_3D ( 'NONE', #3736, #3311, #855 ) ;
#3893 = DIRECTION ( 'NONE',  ( -4.320902962630630300E-017, 0.7071067811865460200, -0.7071067811865490200 ) ) ;
#3894 = CARTESIAN_POINT ( 'NONE',  ( 2.219999999999982400, 1.125000000000000400, -6.625000000003712600 ) ) ;
#3895 = FACE_OUTER_BOUND ( 'NONE', #1074, .T. ) ;
#3896 = PLANE ( 'NONE',  #632 ) ;
#3897 = ORIENTED_EDGE ( 'NONE', *, *, #6208, .T. ) ;
#3898 = CARTESIAN_POINT ( 'NONE',  ( -3.109999999999998100, 1.124999999999999600, -3.924999999999999800 ) ) ;
#3899 = EDGE_CURVE ( 'NONE', #4224, #2830, #5316, .T. ) ;
#3900 = VECTOR ( 'NONE', #2632, 1000.000000000000000 ) ;
#3901 = ORIENTED_EDGE ( 'NONE', *, *, #2840, .F. ) ;
#3902 = PLANE ( 'NONE',  #5522 ) ;
#3903 = CARTESIAN_POINT ( 'NONE',  ( 0.9500000000000011800, 0.4000000000000007400, -1.774999999999998800 ) ) ;
#3904 = VECTOR ( 'NONE', #2843, 1000.000000000000000 ) ;
#3905 = DIRECTION ( 'NONE',  ( 1.000000000000000000, 1.458100904399333800E-016, 0.0000000000000000000 ) ) ;
#3906 = CYLINDRICAL_SURFACE ( 'NONE', #6201, 0.5000000000000000000 ) ;
#3907 = ORIENTED_EDGE ( 'NONE', *, *, #2949, .T. ) ;
#3908 = VERTEX_POINT ( 'NONE', #4169 ) ;
#3909 = CARTESIAN_POINT ( 'NONE',  ( -1.589999999999997600, 0.4243568586368249300, -0.3159192701184133100 ) ) ;
#3910 = VECTOR ( 'NONE', #6004, 1000.000000000000000 ) ;
#3911 = FACE_OUTER_BOUND ( 'NONE', #2308, .T. ) ;
#3912 = ADVANCED_FACE ( 'NONE', ( #1249 ), #2220, .F. ) ;
#3913 = PLANE ( 'NONE',  #1660 ) ;
#3914 = AXIS2_PLACEMENT_3D ( 'NONE', #2740, #310, #4220 ) ;
#3915 = DIRECTION ( 'NONE',  ( 1.000000000000000000, 1.458100904399333800E-016, 0.0000000000000000000 ) ) ;
#3916 = DIRECTION ( 'NONE',  ( 1.458100904399333800E-016, -1.000000000000000000, 0.0000000000000000000 ) ) ;
#3917 = DIRECTION ( 'NONE',  ( 0.0000000000000000000, 0.0000000000000000000, -1.000000000000000000 ) ) ;
#3918 = FACE_OUTER_BOUND ( 'NONE', #2553, .T. ) ;
#3919 = FACE_OUTER_BOUND ( 'NONE', #5476, .T. ) ;
#3920 = PLANE ( 'NONE',  #4280 ) ;
#3921 = EDGE_CURVE ( 'NONE', #6042, #1297, #4338, .T. ) ;
#3922 = EDGE_CURVE ( 'NONE', #2747, #3980, #1095, .T. ) ;
#3923 = ORIENTED_EDGE ( 'NONE', *, *, #2304, .F. ) ;
#3924 = ORIENTED_EDGE ( 'NONE', *, *, #5219, .F. ) ;
#3925 = AXIS2_PLACEMENT_3D ( 'NONE', #1689, #195, #4099 ) ;
#3926 = CARTESIAN_POINT ( 'NONE',  ( -4.129999999999998100, 0.3999999999999999700, -0.2505119680435638500 ) ) ;
#3927 = VERTEX_POINT ( 'NONE', #1599 ) ;
#3928 = FACE_OUTER_BOUND ( 'NONE', #537, .T. ) ;
#3929 = ORIENTED_EDGE ( 'NONE', *, *, #1403, .T. ) ;
#3930 = VECTOR ( 'NONE', #4140, 1000.000000000000000 ) ;
#3931 = ORIENTED_EDGE ( 'NONE', *, *, #5340, .T. ) ;
#3932 = AXIS2_PLACEMENT_3D ( 'NONE', #1779, #5166, #5180 ) ;
#3933 = ORIENTED_EDGE ( 'NONE', *, *, #3501, .T. ) ;
#3934 = DIRECTION ( 'NONE',  ( 1.458100904399333800E-016, -1.000000000000000000, 0.0000000000000000000 ) ) ;
#3935 = EDGE_LOOP ( 'NONE', ( #4050, #5617, #3545, #3254, #2215, #6235 ) ) ;
#3936 = FACE_OUTER_BOUND ( 'NONE', #6179, .T. ) ;
#3937 = DIRECTION ( 'NONE',  ( -1.000000000000000000, -1.458100904399333800E-016, 0.0000000000000000000 ) ) ;
#3938 = EDGE_CURVE ( 'NONE', #704, #302, #3507, .T. ) ;
#3939 = VERTEX_POINT ( 'NONE', #2069 ) ;
#3940 = ORIENTED_EDGE ( 'NONE', *, *, #3653, .F. ) ;
#3941 = DIRECTION ( 'NONE',  ( -1.000000000000000000, -1.458100904399333800E-016, 0.0000000000000000000 ) ) ;
#3942 = EDGE_CURVE ( 'NONE', #3638, #1524, #4482, .T. ) ;
#3943 = CARTESIAN_POINT ( 'NONE',  ( -1.389999999999998800, 4.336808689942019700E-016, 0.2250000000000012500 ) ) ;
#3944 = CARTESIAN_POINT ( 'NONE',  ( -0.9200533066952634200, 1.125000000000000000, -5.231108342253052400 ) ) ;
#3945 = AXIS2_PLACEMENT_3D ( 'NONE', #4347, #2851, #3407 ) ;
#3946 = EDGE_LOOP ( 'NONE', ( #4529, #3516, #4478, #4744, #438, #2711, #3406, #5919 ) ) ;
#3947 = ORIENTED_EDGE ( 'NONE', *, *, #6081, .F. ) ;
#3948 = ORIENTED_EDGE ( 'NONE', *, *, #1262, .T. ) ;
#3949 = DIRECTION ( 'NONE',  ( 9.537044630965833600E-017, -0.6540730207484939400, 0.7564314136317582500 ) ) ;
#3950 = VECTOR ( 'NONE', #5568, 1000.000000000000000 ) ;
#3951 = ORIENTED_EDGE ( 'NONE', *, *, #5819, .T. ) ;
#3952 =( NAMED_UNIT ( * ) PLANE_ANGLE_UNIT ( ) SI_UNIT ( $, .RADIAN. ) );
#3953 = DIRECTION ( 'NONE',  ( -0.0000000000000000000, -0.0000000000000000000, 1.000000000000000000 ) ) ;
#3954 = ADVANCED_FACE ( 'NONE', ( #4786 ), #732, .T. ) ;
#3955 = VECTOR ( 'NONE', #3238, 1000.000000000000000 ) ;
#3956 = DIRECTION ( 'NONE',  ( -1.458100904399333800E-016, 1.000000000000000000, 0.0000000000000000000 ) ) ;
#3957 = ORIENTED_EDGE ( 'NONE', *, *, #6147, .T. ) ;
#3958 = DIRECTION ( 'NONE',  ( 1.458100904399333800E-016, -1.000000000000000000, -0.0000000000000000000 ) ) ;
#3959 = CIRCLE ( 'NONE', #654, 0.2500000000000002200 ) ;
#3960 = DIRECTION ( 'NONE',  ( 0.0000000000000000000, 0.0000000000000000000, -1.000000000000000000 ) ) ;
#3961 = DIRECTION ( 'NONE',  ( 1.458100904399333800E-016, -1.000000000000000000, 0.0000000000000000000 ) ) ;
#3962 = DIRECTION ( 'NONE',  ( -1.458100904399333800E-016, 1.000000000000000000, 0.0000000000000000000 ) ) ;
#3963 = EDGE_CURVE ( 'NONE', #2197, #1129, #2006, .T. ) ;
#3964 = DIRECTION ( 'NONE',  ( -1.458100904399333800E-016, 1.000000000000000000, 0.0000000000000000000 ) ) ;
#3965 = ORIENTED_EDGE ( 'NONE', *, *, #923, .F. ) ;
#3966 = AXIS2_PLACEMENT_3D ( 'NONE', #561, #4477, #1027 ) ;
#3967 = CARTESIAN_POINT ( 'NONE',  ( -4.530000000000002900, 1.324999999999999300, -11.47500000000000100 ) ) ;
#3968 = DIRECTION ( 'NONE',  ( -1.458100904399333800E-016, 1.000000000000000000, 0.0000000000000000000 ) ) ;
#3969 = DIRECTION ( 'NONE',  ( -1.458100904399333800E-016, 1.000000000000000000, 0.0000000000000000000 ) ) ;
#3970 = SURFACE_STYLE_FILL_AREA ( #42 ) ;
#3971 = ORIENTED_EDGE ( 'NONE', *, *, #912, .T. ) ;
#3972 = ORIENTED_EDGE ( 'NONE', *, *, #3116, .F. ) ;
#3973 = EDGE_CURVE ( 'NONE', #2007, #4696, #45, .T. ) ;
#3974 = DIRECTION ( 'NONE',  ( -1.458100904399333800E-016, 1.000000000000000000, 0.0000000000000000000 ) ) ;
#3975 = DIRECTION ( 'NONE',  ( -1.000000000000000000, -1.458100904399333800E-016, 0.0000000000000000000 ) ) ;
#3976 = DIRECTION ( 'NONE',  ( -3.212450881438531300E-016, -4.684077535563959900E-032, 1.000000000000000000 ) ) ;
#3977 = VECTOR ( 'NONE', #931, 1000.000000000000000 ) ;
#3978 = EDGE_CURVE ( 'NONE', #1213, #5032, #3888, .T. ) ;
#3979 = AXIS2_PLACEMENT_3D ( 'NONE', #3068, #2077, #4466 ) ;
#3980 = VERTEX_POINT ( 'NONE', #1389 ) ;
#3981 = CARTESIAN_POINT ( 'NONE',  ( -3.460000000000001300, 1.524999999999999500, -5.225000000000002300 ) ) ;
#3982 = CARTESIAN_POINT ( 'NONE',  ( 0.9500000000000011800, 0.5000000000000007800, -0.2505119680435621300 ) ) ;
#3983 = CARTESIAN_POINT ( 'NONE',  ( -1.589999999999997600, 0.4000000000000004100, -0.2505119680435621300 ) ) ;
#3984 = VECTOR ( 'NONE', #6216, 1000.000000000000000 ) ;
#3985 = CARTESIAN_POINT ( 'NONE',  ( 4.129999999999999900, 0.1217842931841221600, -0.5775484784178112100 ) ) ;
#3986 = VECTOR ( 'NONE', #701, 1000.000000000000000 ) ;
#3987 = ORIENTED_EDGE ( 'NONE', *, *, #5866, .T. ) ;
#3988 = DIRECTION ( 'NONE',  ( 9.537044630965833600E-017, -0.6540730207484939400, 0.7564314136317582500 ) ) ;
#3989 = EDGE_CURVE ( 'NONE', #1700, #6137, #1322, .T. ) ;
#3990 = LINE ( 'NONE', #4518, #2698 ) ;
#3991 = CARTESIAN_POINT ( 'NONE',  ( -1.589999999999997600, 1.124999999999999800, -1.775000000000000600 ) ) ;
#3992 = LINE ( 'NONE', #6085, #1874 ) ;
#3993 = LINE ( 'NONE', #4408, #1423 ) ;
#3994 = CARTESIAN_POINT ( 'NONE',  ( -4.129999999999998100, 1.004999999999999400, -3.775000000000000400 ) ) ;
#3995 = ORIENTED_EDGE ( 'NONE', *, *, #3921, .F. ) ;
#3996 = LINE ( 'NONE', #4176, #143 ) ;
#3997 = VECTOR ( 'NONE', #3681, 1000.000000000000000 ) ;
#3998 = VERTEX_POINT ( 'NONE', #817 ) ;
#3999 = CARTESIAN_POINT ( 'NONE',  ( -1.270000000000000200, 1.524999999999999900, -5.225000000000002300 ) ) ;
#4000 = EDGE_CURVE ( 'NONE', #2427, #910, #1893, .T. ) ;
#4001 = LINE ( 'NONE', #360, #4899 ) ;
#4002 = ORIENTED_EDGE ( 'NONE', *, *, #2958, .T. ) ;
#4003 = DIRECTION ( 'NONE',  ( -1.458100904399333800E-016, 1.000000000000000000, 0.0000000000000000000 ) ) ;
#4004 = AXIS2_PLACEMENT_3D ( 'NONE', #748, #281, #4118 ) ;
#4005 = LINE ( 'NONE', #683, #535 ) ;
#4006 = DIRECTION ( 'NONE',  ( -0.01029357226245760300, -1.500906702538933000E-018, -0.9999470197815869500 ) ) ;
#4007 = EDGE_LOOP ( 'NONE', ( #1670, #1877, #1560, #337, #3695, #2729, #353, #3957, #4024, #1172, #4605, #4382 ) ) ;
#4008 = CARTESIAN_POINT ( 'NONE',  ( 0.3200000000000008400, 1.825000000000000000, -3.775000000000000400 ) ) ;
#4009 = ORIENTED_EDGE ( 'NONE', *, *, #6177, .T. ) ;
#4010 = ORIENTED_EDGE ( 'NONE', *, *, #4896, .F. ) ;
#4011 = VECTOR ( 'NONE', #836, 1000.000000000000000 ) ;
#4012 = EDGE_CURVE ( 'NONE', #2581, #4453, #973, .T. ) ;
#4013 = FACE_OUTER_BOUND ( 'NONE', #2874, .T. ) ;
#4014 = DIRECTION ( 'NONE',  ( 1.458100904399333800E-016, -1.000000000000000000, 0.0000000000000000000 ) ) ;
#4015 = ORIENTED_EDGE ( 'NONE', *, *, #1063, .F. ) ;
#4016 = CARTESIAN_POINT ( 'NONE',  ( 0.9500000000000011800, 8.673617379884037400E-016, -0.2505119680435621300 ) ) ;
#4017 = CARTESIAN_POINT ( 'NONE',  ( -1.149999999999998100, 4.336808689942019700E-016, 0.4250000000000000400 ) ) ;
#4018 = DIRECTION ( 'NONE',  ( 1.548860246407857400E-016, 2.258394526075472000E-032, -1.000000000000000000 ) ) ;
#4019 = ORIENTED_EDGE ( 'NONE', *, *, #5449, .T. ) ;
#4020 = ORIENTED_EDGE ( 'NONE', *, *, #3963, .F. ) ;
#4021 = CARTESIAN_POINT ( 'NONE',  ( 0.9500000000000011800, 0.5000000000000007800, -0.2505119680435621300 ) ) ;
#4022 = ADVANCED_FACE ( 'NONE', ( #292 ), #201, .T. ) ;
#4023 = CARTESIAN_POINT ( 'NONE',  ( -4.097131737053301100, 1.124999999999999600, -8.829774775735732100 ) ) ;
#4024 = ORIENTED_EDGE ( 'NONE', *, *, #1562, .T. ) ;
#4025 = DIRECTION ( 'NONE',  ( 1.000000000000000000, 1.458100904399333800E-016, 0.0000000000000000000 ) ) ;
#4026 = EDGE_CURVE ( 'NONE', #1859, #5398, #4206, .T. ) ;
#4027 = VECTOR ( 'NONE', #5320, 1000.000000000000000 ) ;
#4028 = DIRECTION ( 'NONE',  ( -0.0000000000000000000, -0.0000000000000000000, 1.000000000000000000 ) ) ;
#4029 = ADVANCED_FACE ( 'NONE', ( #4566 ), #6146, .F. ) ;
#4030 = ORIENTED_EDGE ( 'NONE', *, *, #1455, .T. ) ;
#4031 = PLANE ( 'NONE',  #1133 ) ;
#4032 = CYLINDRICAL_SURFACE ( 'NONE', #2253, 0.1000000000000000500 ) ;
#4033 = LINE ( 'NONE', #233, #4699 ) ;
#4034 = CARTESIAN_POINT ( 'NONE',  ( 3.109999999999996300, 1.125000000000000400, -3.924999999999999800 ) ) ;
#4035 = DIRECTION ( 'NONE',  ( 0.0000000000000000000, 0.0000000000000000000, -1.000000000000000000 ) ) ;
#4036 = VECTOR ( 'NONE', #1184, 1000.000000000000000 ) ;
#4037 = PRESENTATION_LAYER_ASSIGNMENT (  '', '', ( #3710 ) ) ;
#4038 = ORIENTED_EDGE ( 'NONE', *, *, #2679, .F. ) ;
#4039 = CARTESIAN_POINT ( 'NONE',  ( 0.0000000000000000000, 2.650000000000000400, -11.47500000000000100 ) ) ;
#4040 = DIRECTION ( 'NONE',  ( 1.000000000000000000, 0.0000000000000000000, 0.0000000000000000000 ) ) ;
#4041 = VECTOR ( 'NONE', #2241, 1000.000000000000000 ) ;
#4042 = CARTESIAN_POINT ( 'NONE',  ( 0.3549999999999994300, 1.525000000000000400, -10.02500000000000000 ) ) ;
#4043 = EDGE_CURVE ( 'NONE', #3418, #1142, #5021, .T. ) ;
#4044 = ORIENTED_EDGE ( 'NONE', *, *, #3922, .T. ) ;
#4045 = ORIENTED_EDGE ( 'NONE', *, *, #3360, .T. ) ;
#4046 = DIRECTION ( 'NONE',  ( 1.000000000000000000, 1.355252715606880800E-016, 0.0000000000000000000 ) ) ;
#4047 = AXIS2_PLACEMENT_3D ( 'NONE', #2763, #1386, #4225 ) ;
#4048 = DIRECTION ( 'NONE',  ( 1.458100904399333800E-016, -1.000000000000000000, -0.0000000000000000000 ) ) ;
#4049 = VECTOR ( 'NONE', #2353, 1000.000000000000000 ) ;
#4050 = ORIENTED_EDGE ( 'NONE', *, *, #1347, .F. ) ;
#4051 = CARTESIAN_POINT ( 'NONE',  ( 2.860000000000010100, 1.125000000000000400, -6.625000000002412300 ) ) ;
#4052 = PLANE ( 'NONE',  #4333 ) ;
#4053 = DIRECTION ( 'NONE',  ( -3.212450881438531300E-016, -4.684077535563959900E-032, 1.000000000000000000 ) ) ;
#4054 = LINE ( 'NONE', #1195, #4125 ) ;
#4055 = ADVANCED_FACE ( 'NONE', ( #2448 ), #3258, .F. ) ;
#4056 = EDGE_CURVE ( 'NONE', #1309, #5410, #5629, .T. ) ;
#4057 = EDGE_LOOP ( 'NONE', ( #2492, #1788, #3035, #2600 ) ) ;
#4058 = DIRECTION ( 'NONE',  ( 1.000000000000000000, 1.458100904399333800E-016, -0.0000000000000000000 ) ) ;
#4059 = DIRECTION ( 'NONE',  ( 1.458100904399333800E-016, -1.000000000000000000, -0.0000000000000000000 ) ) ;
#4060 = EDGE_CURVE ( 'NONE', #1819, #5618, #2222, .T. ) ;
#4061 = FACE_BOUND ( 'NONE', #4539, .T. ) ;
#4062 = LINE ( 'NONE', #736, #5258 ) ;
#4063 = ORIENTED_EDGE ( 'NONE', *, *, #5985, .T. ) ;
#4064 = DIRECTION ( 'NONE',  ( 9.537044630965833600E-017, -0.6540730207484939400, 0.7564314136317584800 ) ) ;
#4065 = CARTESIAN_POINT ( 'NONE',  ( -4.725000000000003200, 1.124999999999999300, -10.02499999999999700 ) ) ;
#4066 = PLANE ( 'NONE',  #2305 ) ;
#4067 = CARTESIAN_POINT ( 'NONE',  ( 3.930000000000001000, 1.301042606982605700E-015, 0.2250000000000012500 ) ) ;
#4068 = VECTOR ( 'NONE', #4075, 1000.000000000000000 ) ;
#4069 = LINE ( 'NONE', #2595, #2774 ) ;
#4070 = DIRECTION ( 'NONE',  ( 1.000000000000000000, 1.458100904399333800E-016, -1.239088197126290300E-016 ) ) ;
#4071 = EDGE_CURVE ( 'NONE', #1820, #3209, #1803, .T. ) ;
#4072 = CARTESIAN_POINT ( 'NONE',  ( 0.9500000000000011800, 1.125000000000000200, -1.774999999999998800 ) ) ;
#4073 = DIRECTION ( 'NONE',  ( 1.000000000000000000, 1.458100904399333800E-016, 0.0000000000000000000 ) ) ;
#4074 = LINE ( 'NONE', #4289, #379 ) ;
#4075 = DIRECTION ( 'NONE',  ( 1.000000000000000000, 1.458100904399333800E-016, 0.0000000000000000000 ) ) ;
#4076 = VECTOR ( 'NONE', #1830, 1000.000000000000000 ) ;
#4077 = ORIENTED_EDGE ( 'NONE', *, *, #225, .T. ) ;
#4078 = CARTESIAN_POINT ( 'NONE',  ( -0.6152777744162542000, 1.524999999999999900, -8.752773196134491200 ) ) ;
#4079 = VERTEX_POINT ( 'NONE', #2791 ) ;
#4080 = ORIENTED_EDGE ( 'NONE', *, *, #2206, .T. ) ;
#4081 = FACE_OUTER_BOUND ( 'NONE', #6041, .T. ) ;
#4082 = ORIENTED_EDGE ( 'NONE', *, *, #3519, .T. ) ;
#4083 = CYLINDRICAL_SURFACE ( 'NONE', #2152, 0.3499999999999996400 ) ;
#4084 = EDGE_CURVE ( 'NONE', #5953, #2007, #799, .T. ) ;
#4085 = VERTEX_POINT ( 'NONE', #4723 ) ;
#4086 = ORIENTED_EDGE ( 'NONE', *, *, #6238, .T. ) ;
#4087 = CARTESIAN_POINT ( 'NONE',  ( -5.205000000000001000, 0.8249999999999992900, -3.775000000000000400 ) ) ;
#4088 = VERTEX_POINT ( 'NONE', #5201 ) ;
#4089 = CARTESIAN_POINT ( 'NONE',  ( -4.129999999999998100, 0.3999999999999999700, -1.775000000000000600 ) ) ;
#4090 = LINE ( 'NONE', #1185, #1522 ) ;
#4091 = ADVANCED_FACE ( 'NONE', ( #4013 ), #2876, .F. ) ;
#4092 = ORIENTED_EDGE ( 'NONE', *, *, #3211, .F. ) ;
#4093 = EDGE_LOOP ( 'NONE', ( #4446, #3738, #3222, #4437 ) ) ;
#4094 = CARTESIAN_POINT ( 'NONE',  ( 5.080000000000001000, 1.525000000000000800, -2.975000000000000100 ) ) ;
#4095 = CARTESIAN_POINT ( 'NONE',  ( -0.5699999999999976200, 1.524999999999999900, -3.924999999999999800 ) ) ;
#4096 = EDGE_CURVE ( 'NONE', #3125, #4440, #6039, .T. ) ;
#4097 = ORIENTED_EDGE ( 'NONE', *, *, #3495, .T. ) ;
#4098 = ORIENTED_EDGE ( 'NONE', *, *, #700, .T. ) ;
#4099 = DIRECTION ( 'NONE',  ( -1.000000000000000000, -1.458100904399333800E-016, 0.0000000000000000000 ) ) ;
#4100 = FACE_OUTER_BOUND ( 'NONE', #5592, .T. ) ;
#4101 = CARTESIAN_POINT ( 'NONE',  ( 2.540000000000000500, 1.525000000000000400, -10.77500000000000200 ) ) ;
#4102 = AXIS2_PLACEMENT_3D ( 'NONE', #5873, #1162, #5901 ) ;
#4103 = ORIENTED_EDGE ( 'NONE', *, *, #2293, .T. ) ;
#4104 = CARTESIAN_POINT ( 'NONE',  ( -4.759999999999997100, 1.124999999999999300, -3.775000000000000400 ) ) ;
#4105 = CARTESIAN_POINT ( 'NONE',  ( -4.129999999999998100, 1.100643141363175400, -1.709592697925149200 ) ) ;
#4106 = FACE_OUTER_BOUND ( 'NONE', #2274, .T. ) ;
#4107 = CARTESIAN_POINT ( 'NONE',  ( 4.129999999999999900, 1.525000000000000600, -1.775000000000000600 ) ) ;
#4108 = ORIENTED_EDGE ( 'NONE', *, *, #372, .T. ) ;
#4109 = EDGE_CURVE ( 'NONE', #3487, #388, #2497, .T. ) ;
#4110 = CARTESIAN_POINT ( 'NONE',  ( -0.9499999999999995100, 1.004999999999999900, -3.774999999999999000 ) ) ;
#4111 = VECTOR ( 'NONE', #3584, 1000.000000000000000 ) ;
#4112 = DIRECTION ( 'NONE',  ( -1.000000000000000000, -1.458100904399333800E-016, 0.0000000000000000000 ) ) ;
#4113 = DIRECTION ( 'NONE',  ( 1.000000000000000000, 1.458100904399333800E-016, -0.0000000000000000000 ) ) ;
#4114 = CARTESIAN_POINT ( 'NONE',  ( -0.9499999999999995100, 1.004999999999999900, -11.07499999999999900 ) ) ;
#4115 = CARTESIAN_POINT ( 'NONE',  ( 7.620000000000000100, 1.525000000000001200, -10.77500000000000200 ) ) ;
#4116 = VERTEX_POINT ( 'NONE', #2430 ) ;
#4117 = ADVANCED_FACE ( 'NONE', ( #2573 ), #4311, .F. ) ;
#4118 = DIRECTION ( 'NONE',  ( 1.458100904399333800E-016, -1.000000000000000000, 0.0000000000000000000 ) ) ;
#4119 = AXIS2_PLACEMENT_3D ( 'NONE', #4465, #2593, #3067 ) ;
#4120 = DIRECTION ( 'NONE',  ( 0.01745240643728364700, 2.544736961014804200E-018, -0.9998476951563911600 ) ) ;
#4121 = VERTEX_POINT ( 'NONE', #5318 ) ;
#4122 = ORIENTED_EDGE ( 'NONE', *, *, #3104, .T. ) ;
#4123 = DIRECTION ( 'NONE',  ( -0.7071067811865460200, -1.061411689142607300E-015, -0.7071067811865490200 ) ) ;
#4124 = EDGE_CURVE ( 'NONE', #578, #3142, #2651, .T. ) ;
#4125 = VECTOR ( 'NONE', #5041, 1000.000000000000000 ) ;
#4126 = ORIENTED_EDGE ( 'NONE', *, *, #791, .F. ) ;
#4127 = DIRECTION ( 'NONE',  ( 0.5773502691896264000, 0.5773502691896266200, 0.5773502691896241800 ) ) ;
#4128 = CARTESIAN_POINT ( 'NONE',  ( -0.9200000000000007100, 1.125000000000000000, -5.225000000000002300 ) ) ;
#4129 = VECTOR ( 'NONE', #5451, 1000.000000000000000 ) ;
#4130 = DIRECTION ( 'NONE',  ( -1.458100904399333800E-016, 1.000000000000000000, -0.0000000000000000000 ) ) ;
#4131 = CARTESIAN_POINT ( 'NONE',  ( -5.205000000000001000, 2.447125105937309400E-031, -11.47500000000000100 ) ) ;
#4132 = LINE ( 'NONE', #6013, #3137 ) ;
#4133 = ORIENTED_EDGE ( 'NONE', *, *, #640, .F. ) ;
#4134 = DIRECTION ( 'NONE',  ( 1.000000000000000000, 6.110679571450328900E-017, 0.0000000000000000000 ) ) ;
#4135 = EDGE_CURVE ( 'NONE', #5216, #5694, #1896, .T. ) ;
#4136 = EDGE_LOOP ( 'NONE', ( #5, #4906, #6136, #1529 ) ) ;
#4137 = LINE ( 'NONE', #90, #4282 ) ;
#4138 = LINE ( 'NONE', #5390, #6015 ) ;
#4139 = VECTOR ( 'NONE', #6220, 1000.000000000000000 ) ;
#4140 = DIRECTION ( 'NONE',  ( 0.0000000000000000000, 0.0000000000000000000, -1.000000000000000000 ) ) ;
#4141 = EDGE_CURVE ( 'NONE', #2980, #2960, #1441, .T. ) ;
#4142 = ADVANCED_FACE ( 'NONE', ( #1290 ), #2042, .F. ) ;
#4143 = ORIENTED_EDGE ( 'NONE', *, *, #1, .F. ) ;
#4144 = FACE_OUTER_BOUND ( 'NONE', #4462, .T. ) ;
#4145 = FACE_OUTER_BOUND ( 'NONE', #5153, .T. ) ;
#4146 = ORIENTED_EDGE ( 'NONE', *, *, #5080, .T. ) ;
#4147 = ADVANCED_FACE ( 'NONE', ( #158 ), #2451, .F. ) ;
#4148 = ORIENTED_EDGE ( 'NONE', *, *, #719, .F. ) ;
#4149 = DIRECTION ( 'NONE',  ( -1.458100904399333800E-016, 1.000000000000000000, 0.0000000000000000000 ) ) ;
#4151 = EDGE_CURVE ( 'NONE', #475, #5603, #4982, .T. ) ;
#4150 = VECTOR ( 'NONE', #5598, 1000.000000000000000 ) ;
#4152 = LINE ( 'NONE', #5734, #2034 ) ;
#4153 = VERTEX_POINT ( 'NONE', #960 ) ;
#4154 = DIRECTION ( 'NONE',  ( 0.01745240643728364700, 2.544736961014804200E-018, -0.9998476951563911600 ) ) ;
#4155 = DIRECTION ( 'NONE',  ( 1.000000000000000000, 1.458100904399333800E-016, -4.565061778886334000E-016 ) ) ;
#4156 = ORIENTED_EDGE ( 'NONE', *, *, #2625, .T. ) ;
#4157 = DIRECTION ( 'NONE',  ( 1.458100904399333800E-016, -1.000000000000000000, -0.0000000000000000000 ) ) ;
#4158 = EDGE_LOOP ( 'NONE', ( #2910, #3708, #1019, #1745, #3897, #3805, #4516, #3433, #5941, #5498, #226, #2120, #3480, #5302, #4711, #4880, #3347, #1173 ) ) ;
#4159 = VECTOR ( 'NONE', #5392, 1000.000000000000000 ) ;
#4160 = AXIS2_PLACEMENT_3D ( 'NONE', #1576, #1131, #2541 ) ;
#4161 = LINE ( 'NONE', #2990, #4912 ) ;
#4162 = VERTEX_POINT ( 'NONE', #4331 ) ;
#4163 = EDGE_CURVE ( 'NONE', #1663, #1971, #5221, .T. ) ;
#4164 = ORIENTED_EDGE ( 'NONE', *, *, #3647, .F. ) ;
#4165 = VERTEX_POINT ( 'NONE', #1970 ) ;
#4166 = CARTESIAN_POINT ( 'NONE',  ( 0.9500000000000011800, 1.403215706815879300, -1.447963489625751400 ) ) ;
#4167 = AXIS2_PLACEMENT_3D ( 'NONE', #3344, #480, #3361 ) ;
#4168 = CARTESIAN_POINT ( 'NONE',  ( 3.490000000000000200, 0.4000000000000011300, 0.4250000000000000400 ) ) ;
#4169 = CARTESIAN_POINT ( 'NONE',  ( -2.219999999999999800, 1.124999999999999800, -10.77500000000000200 ) ) ;
#4170 = ORIENTED_EDGE ( 'NONE', *, *, #5539, .F. ) ;
#4171 = ADVANCED_FACE ( 'NONE', ( #1372 ), #436, .F. ) ;
#4172 = LINE ( 'NONE', #2881, #3263 ) ;
#4173 = EDGE_CURVE ( 'NONE', #359, #4779, #1216, .T. ) ;
#4174 = CARTESIAN_POINT ( 'NONE',  ( 2.860000000000001200, 1.125000000000000400, -3.775000000000000400 ) ) ;
#4175 = CARTESIAN_POINT ( 'NONE',  ( 1.270000000000000200, 1.525000000000000100, -5.225000000000002300 ) ) ;
#4176 = CARTESIAN_POINT ( 'NONE',  ( -4.129999999999998100, 1.824999999999999300, -3.775000000000000400 ) ) ;
#4177 = ORIENTED_EDGE ( 'NONE', *, *, #5030, .F. ) ;
#4178 = LINE ( 'NONE', #717, #2738 ) ;
#4179 = EDGE_CURVE ( 'NONE', #619, #2945, #4450, .T. ) ;
#4180 = VECTOR ( 'NONE', #4498, 1000.000000000000000 ) ;
#4181 = AXIS2_PLACEMENT_3D ( 'NONE', #3141, #3212, #5098 ) ;
#4182 = DIRECTION ( 'NONE',  ( 1.000000000000000000, 1.355252715606880800E-016, 0.0000000000000000000 ) ) ;
#4183 = CIRCLE ( 'NONE', #273, 0.3499999999999992000 ) ;
#4184 = DIRECTION ( 'NONE',  ( -0.9999470197815870700, -1.458023653894950600E-016, 0.01029357226245748200 ) ) ;
#4185 = EDGE_CURVE ( 'NONE', #1071, #1297, #4598, .T. ) ;
#4186 = ORIENTED_EDGE ( 'NONE', *, *, #2023, .T. ) ;
#4187 = DIRECTION ( 'NONE',  ( -1.458100904399333800E-016, 1.000000000000000000, 0.0000000000000000000 ) ) ;
#4188 = CARTESIAN_POINT ( 'NONE',  ( 5.204999999999999200, 1.005000000000001000, -3.775000000000000400 ) ) ;
#4189 = VECTOR ( 'NONE', #5949, 1000.000000000000000 ) ;
#4190 = DIRECTION ( 'NONE',  ( 1.000000000000000000, 1.355252715606880500E-016, 0.0000000000000000000 ) ) ;
#4191 = ORIENTED_EDGE ( 'NONE', *, *, #3198, .T. ) ;
#4192 = ORIENTED_EDGE ( 'NONE', *, *, #2840, .T. ) ;
#4193 = DIRECTION ( 'NONE',  ( -1.000000000000000000, -1.458100904399333800E-016, 0.0000000000000000000 ) ) ;
#4194 = DIRECTION ( 'NONE',  ( 1.000000000000000000, 1.458100904399333800E-016, 0.0000000000000000000 ) ) ;
#4195 = DIRECTION ( 'NONE',  ( -1.000000000000000000, -6.110679571450340000E-017, 0.0000000000000000000 ) ) ;
#4196 = CARTESIAN_POINT ( 'NONE',  ( -0.9499999999999995100, 1.524999999999999900, -10.77500000000000200 ) ) ;
#4197 = LINE ( 'NONE', #824, #52 ) ;
#4198 = EDGE_CURVE ( 'NONE', #6137, #4638, #3169, .T. ) ;
#4199 = ORIENTED_EDGE ( 'NONE', *, *, #4861, .F. ) ;
#4200 = MECHANICAL_DESIGN_GEOMETRIC_PRESENTATION_REPRESENTATION (  '', ( #4400 ), #205 ) ;
#4201 = DIRECTION ( 'NONE',  ( 0.7071067811865493500, 1.031033037155009400E-016, -0.7071067811865456900 ) ) ;
#4202 = ADVANCED_FACE ( 'NONE', ( #3936 ), #5886, .F. ) ;
#4203 = VERTEX_POINT ( 'NONE', #978 ) ;
#4204 = DIRECTION ( 'NONE',  ( 0.7071067811865460200, 1.031033037155004600E-016, -0.7071067811865490200 ) ) ;
#4205 = DIRECTION ( 'NONE',  ( 1.000000000000000000, 1.458100904399333800E-016, -0.0000000000000000000 ) ) ;
#4206 = CIRCLE ( 'NONE', #1988, 0.1000000000000000500 ) ;
#4207 = EDGE_CURVE ( 'NONE', #4121, #5216, #240, .T. ) ;
#4208 = LINE ( 'NONE', #186, #1187 ) ;
#4209 = DIRECTION ( 'NONE',  ( -0.01029357226245786000, -1.500906702538970400E-018, -0.9999470197815869500 ) ) ;
#4210 = EDGE_LOOP ( 'NONE', ( #5358, #2202, #3929, #4380 ) ) ;
#4211 = VECTOR ( 'NONE', #4893, 1000.000000000000000 ) ;
#4212 = CARTESIAN_POINT ( 'NONE',  ( 3.490000000000000200, 1.084202172485504800E-015, -1.775000000000000600 ) ) ;
#4213 = DIRECTION ( 'NONE',  ( -1.458100904399333800E-016, 1.000000000000000000, 0.0000000000000000000 ) ) ;
#4214 = ORIENTED_EDGE ( 'NONE', *, *, #5369, .T. ) ;
#4215 = AXIS2_PLACEMENT_3D ( 'NONE', #5644, #4701, #1854 ) ;
#4216 = LINE ( 'NONE', #4565, #2311 ) ;
#4217 = CARTESIAN_POINT ( 'NONE',  ( 1.970000000000003100, 1.125000000000000400, -3.674999999999999400 ) ) ;
#4218 = LINE ( 'NONE', #215, #5794 ) ;
#4219 = VECTOR ( 'NONE', #5861, 1000.000000000000000 ) ;
#4220 = DIRECTION ( 'NONE',  ( 1.000000000000000000, 1.458100904399333800E-016, 0.0000000000000000000 ) ) ;
#4221 = VECTOR ( 'NONE', #1543, 1000.000000000000000 ) ;
#4222 = EDGE_CURVE ( 'NONE', #5259, #4593, #93, .T. ) ;
#4223 = ORIENTED_EDGE ( 'NONE', *, *, #2176, .T. ) ;
#4224 = VERTEX_POINT ( 'NONE', #104 ) ;
#4225 = DIRECTION ( 'NONE',  ( 1.000000000000000000, 1.458100904399333800E-016, 0.0000000000000000000 ) ) ;
#4226 = VERTEX_POINT ( 'NONE', #5422 ) ;
#4227 = LINE ( 'NONE', #169, #149 ) ;
#4228 = ORIENTED_EDGE ( 'NONE', *, *, #1215, .T. ) ;
#4229 = LINE ( 'NONE', #6123, #4375 ) ;
#4230 = ORIENTED_EDGE ( 'NONE', *, *, #1215, .F. ) ;
#4231 = EDGE_LOOP ( 'NONE', ( #2218, #2266, #1880, #1222 ) ) ;
#4232 = ORIENTED_EDGE ( 'NONE', *, *, #3352, .F. ) ;
#4233 = ADVANCED_FACE ( 'NONE', ( #1740 ), #134, .F. ) ;
#4234 = DIRECTION ( 'NONE',  ( 1.000000000000000000, 1.458100904399333800E-016, 0.0000000000000000000 ) ) ;
#4235 = CARTESIAN_POINT ( 'NONE',  ( 0.9500000000000011800, 1.645000000000000200, -11.07499999999999900 ) ) ;
#4236 = ORIENTED_EDGE ( 'NONE', *, *, #2558, .F. ) ;
#4237 = EDGE_LOOP ( 'NONE', ( #4530, #4913, #4098, #3249 ) ) ;
#4238 = DIRECTION ( 'NONE',  ( -1.458100904399333800E-016, 1.000000000000000000, -0.0000000000000000000 ) ) ;
#4239 = ORIENTED_EDGE ( 'NONE', *, *, #4882, .T. ) ;
#4240 = ORIENTED_EDGE ( 'NONE', *, *, #4179, .F. ) ;
#4241 = CARTESIAN_POINT ( 'NONE',  ( 1.924722225583746400, 1.525000000000000400, -8.752773196134491200 ) ) ;
#4242 = EDGE_CURVE ( 'NONE', #5224, #232, #5362, .T. ) ;
#4244 = EDGE_CURVE ( 'NONE', #5495, #5694, #466, .T. ) ;
#4243 = LINE ( 'NONE', #1170, #249 ) ;
#4245 = ORIENTED_EDGE ( 'NONE', *, *, #1010, .T. ) ;
#4246 = AXIS2_PLACEMENT_3D ( 'NONE', #5669, #4713, #4733 ) ;
#4247 = SURFACE_STYLE_USAGE ( .BOTH. , #6144 ) ;
#4248 = FACE_OUTER_BOUND ( 'NONE', #128, .T. ) ;
#4249 = DIRECTION ( 'NONE',  ( 1.458100904399333800E-016, -1.000000000000000000, 0.0000000000000000000 ) ) ;
#4250 = AXIS2_PLACEMENT_3D ( 'NONE', #2899, #4336, #1470 ) ;
#4251 = CARTESIAN_POINT ( 'NONE',  ( 0.3549999999999994300, 1.125000000000000200, -10.02500000000000000 ) ) ;
#4252 = CARTESIAN_POINT ( 'NONE',  ( 4.760000000000002500, 1.125000000000000900, -3.924999999999999800 ) ) ;
#4253 = EDGE_CURVE ( 'NONE', #2017, #3702, #14, .T. ) ;
#4254 = CARTESIAN_POINT ( 'NONE',  ( -2.185000000000002700, 1.124999999999999800, -10.02500000000000000 ) ) ;
#4255 = CIRCLE ( 'NONE', #1494, 0.2500000000000002200 ) ;
#4256 = DIRECTION ( 'NONE',  ( -1.458100904399333800E-016, 1.000000000000000000, 2.736911063134407700E-048 ) ) ;
#4257 = DIRECTION ( 'NONE',  ( 1.000000000000000000, 0.0000000000000000000, 7.930164461608279200E-014 ) ) ;
#4258 = EDGE_CURVE ( 'NONE', #302, #4538, #2873, .T. ) ;
#4259 = ORIENTED_EDGE ( 'NONE', *, *, #4141, .F. ) ;
#4260 = AXIS2_PLACEMENT_3D ( 'NONE', #5621, #4729, #4213 ) ;
#4261 = DIRECTION ( 'NONE',  ( 1.458100904399333800E-016, -1.000000000000000000, 0.0000000000000000000 ) ) ;
#4262 = ORIENTED_EDGE ( 'NONE', *, *, #2177, .F. ) ;
#4263 = PLANE ( 'NONE',  #106 ) ;
#4264 = ADVANCED_FACE ( 'NONE', ( #5142 ), #1062, .F. ) ;
#4265 = ORIENTED_EDGE ( 'NONE', *, *, #3306, .T. ) ;
#4266 = PLANE ( 'NONE',  #618 ) ;
#4267 = EDGE_CURVE ( 'NONE', #395, #1892, #3852, .T. ) ;
#4268 = VERTEX_POINT ( 'NONE', #57 ) ;
#4269 = DIRECTION ( 'NONE',  ( 1.458100904399333800E-016, -1.000000000000000000, 0.0000000000000000000 ) ) ;
#4270 = DIRECTION ( 'NONE',  ( 0.01745240643728340100, 2.544736961014768400E-018, 0.9998476951563911600 ) ) ;
#4271 = LINE ( 'NONE', #725, #2078 ) ;
#4272 = CARTESIAN_POINT ( 'NONE',  ( -3.460053306695264100, 1.124999999999999600, -5.231108342253052400 ) ) ;
#4273 = DIRECTION ( 'NONE',  ( 1.458100904399333800E-016, -1.000000000000000000, -0.0000000000000000000 ) ) ;
#4274 = ORIENTED_EDGE ( 'NONE', *, *, #3456, .T. ) ;
#4275 = DIRECTION ( 'NONE',  ( 1.458100904399333800E-016, -1.000000000000000000, 0.0000000000000000000 ) ) ;
#4276 = EDGE_CURVE ( 'NONE', #1900, #4226, #3548, .T. ) ;
#4277 = CYLINDRICAL_SURFACE ( 'NONE', #4907, 0.2000000000000000900 ) ;
#4278 = EDGE_LOOP ( 'NONE', ( #2445, #1376, #3707, #2922 ) ) ;
#4279 = CARTESIAN_POINT ( 'NONE',  ( 0.9500000000000011800, 1.005000000000000300, -2.975000000000000100 ) ) ;
#4280 = AXIS2_PLACEMENT_3D ( 'NONE', #639, #4435, #112 ) ;
#4281 = CARTESIAN_POINT ( 'NONE',  ( -0.3199999999999974000, 1.125000000000000000, -3.924999999999999800 ) ) ;
#4282 = VECTOR ( 'NONE', #28, 1000.000000000000000 ) ;
#4283 = VECTOR ( 'NONE', #2035, 1000.000000000000000 ) ;
#4284 = CARTESIAN_POINT ( 'NONE',  ( -0.9499999999999995100, 1.024999999999999900, -1.774999999999998800 ) ) ;
#4285 = FACE_OUTER_BOUND ( 'NONE', #390, .T. ) ;
#4286 = DIRECTION ( 'NONE',  ( 1.000000000000000000, 1.458100904399333800E-016, 0.0000000000000000000 ) ) ;
#4287 = EDGE_CURVE ( 'NONE', #3733, #1381, #4161, .T. ) ;
#4288 = ORIENTED_EDGE ( 'NONE', *, *, #2824, .F. ) ;
#4289 = CARTESIAN_POINT ( 'NONE',  ( -4.129999999999998100, 1.524999999999999500, -2.975000000000000100 ) ) ;
#4290 = VECTOR ( 'NONE', #1932, 1000.000000000000000 ) ;
#4291 = VECTOR ( 'NONE', #4073, 1000.000000000000000 ) ;
#4292 = ADVANCED_FACE ( 'NONE', ( #984 ), #1506, .F. ) ;
#4293 = PLANE ( 'NONE',  #2779 ) ;
#4294 = EDGE_LOOP ( 'NONE', ( #2060, #3753, #1362, #3063, #5597, #1508, #6125, #690, #5297, #1949, #2055, #4259 ) ) ;
#4295 = EDGE_CURVE ( 'NONE', #2502, #5888, #5436, .T. ) ;
#4296 = DIRECTION ( 'NONE',  ( 0.0000000000000000000, 0.0000000000000000000, -1.000000000000000000 ) ) ;
#4297 = EDGE_LOOP ( 'NONE', ( #2381, #6239, #3138, #5572 ) ) ;
#4298 = LINE ( 'NONE', #3513, #454 ) ;
#4299 = FACE_OUTER_BOUND ( 'NONE', #5317, .T. ) ;
#4300 = ORIENTED_EDGE ( 'NONE', *, *, #63, .F. ) ;
#4301 = VERTEX_POINT ( 'NONE', #5504 ) ;
#4302 = CARTESIAN_POINT ( 'NONE',  ( -1.619946693304737100, 1.124999999999999800, -5.231108342253048900 ) ) ;
#4303 = EDGE_LOOP ( 'NONE', ( #745, #5359, #2182, #4624 ) ) ;
#4304 = CARTESIAN_POINT ( 'NONE',  ( 1.590000000000001200, 0.4000000000000008500, 0.2250000000000012500 ) ) ;
#4306 = EDGE_CURVE ( 'NONE', #1604, #1592, #3698, .T. ) ;
#4305 = CYLINDRICAL_SURFACE ( 'NONE', #3966, 0.2500000000000002200 ) ;
#4307 = VECTOR ( 'NONE', #1485, 1000.000000000000000 ) ;
#4308 = VERTEX_POINT ( 'NONE', #4870 ) ;
#4309 = DIRECTION ( 'NONE',  ( -0.0000000000000000000, -0.0000000000000000000, 1.000000000000000000 ) ) ;
#4310 = ORIENTED_EDGE ( 'NONE', *, *, #2436, .F. ) ;
#4311 = PLANE ( 'NONE',  #5855 ) ;
#4312 = ORIENTED_EDGE ( 'NONE', *, *, #3443, .F. ) ;
#4313 = VERTEX_POINT ( 'NONE', #3568 ) ;
#4314 = ORIENTED_EDGE ( 'NONE', *, *, #4397, .F. ) ;
#4315 = CARTESIAN_POINT ( 'NONE',  ( -1.589999999999997600, 1.124999999999999800, -3.674999999999999400 ) ) ;
#4316 = DIRECTION ( 'NONE',  ( 0.0000000000000000000, 0.0000000000000000000, -1.000000000000000000 ) ) ;
#4317 = CARTESIAN_POINT ( 'NONE',  ( 5.695277774416253700, 1.525000000000001000, -8.752773196134491200 ) ) ;
#4318 = EDGE_CURVE ( 'NONE', #473, #5145, #6116, .T. ) ;
#4319 = DIRECTION ( 'NONE',  ( 0.9999470197815869500, 1.458023653894950300E-016, 0.01029357226245786000 ) ) ;
#4320 = ORIENTED_EDGE ( 'NONE', *, *, #3269, .F. ) ;
#4321 = DIRECTION ( 'NONE',  ( 0.01745240643728340100, 2.544736961014768400E-018, 0.9998476951563911600 ) ) ;
#4322 = AXIS2_PLACEMENT_3D ( 'NONE', #2246, #2672, #255 ) ;
#4323 = PRESENTATION_STYLE_ASSIGNMENT (( #5806 ) ) ;
#4324 = ORIENTED_EDGE ( 'NONE', *, *, #891, .T. ) ;
#4325 = ADVANCED_FACE ( 'NONE', ( #2413 ), #2194, .F. ) ;
#4326 = EDGE_CURVE ( 'NONE', #3338, #2160, #2722, .T. ) ;
#4327 = ORIENTED_EDGE ( 'NONE', *, *, #2005, .T. ) ;
#4328 = LINE ( 'NONE', #6000, #1917 ) ;
#4329 = CARTESIAN_POINT ( 'NONE',  ( -1.557131737053300200, 1.124999999999999800, -8.829774775735728600 ) ) ;
#4330 = ORIENTED_EDGE ( 'NONE', *, *, #3252, .F. ) ;
#4331 = CARTESIAN_POINT ( 'NONE',  ( 5.204999999999999200, 0.8250000000000007300, -3.775000000000000400 ) ) ;
#4332 = VECTOR ( 'NONE', #2879, 1000.000000000000000 ) ;
#4333 = AXIS2_PLACEMENT_3D ( 'NONE', #5457, #3969, #4999 ) ;
#4334 = CARTESIAN_POINT ( 'NONE',  ( 5.204999999999999200, 1.125000000000000900, -3.775000000000000400 ) ) ;
#4335 = VERTEX_POINT ( 'NONE', #4537 ) ;
#4336 = DIRECTION ( 'NONE',  ( 1.458100904399333800E-016, -1.000000000000000000, 0.0000000000000000000 ) ) ;
#4337 = CARTESIAN_POINT ( 'NONE',  ( 4.129999999999999900, 1.025000000000000600, -1.775000000000000600 ) ) ;
#4338 = LINE ( 'NONE', #1760, #6073 ) ;
#4339 = EDGE_CURVE ( 'NONE', #4464, #3489, #4090, .T. ) ;
#4340 = EDGE_LOOP ( 'NONE', ( #853, #5067, #2205, #2065 ) ) ;
#4341 = VERTEX_POINT ( 'NONE', #4023 ) ;
#4342 = CARTESIAN_POINT ( 'NONE',  ( 2.220000000000001500, 1.525000000000000400, -10.77500000000000200 ) ) ;
#4343 = PLANE ( 'NONE',  #5825 ) ;
#4344 = LINE ( 'NONE', #2778, #357 ) ;
#4345 = ORIENTED_EDGE ( 'NONE', *, *, #3285, .T. ) ;
#4346 = APPLICATION_CONTEXT ( 'automotive_design' ) ;
#4347 = CARTESIAN_POINT ( 'NONE',  ( 1.149999999999999900, 1.025000000000000100, 0.2250000000000012500 ) ) ;
#4348 = CARTESIAN_POINT ( 'NONE',  ( 2.894999999999998200, 1.125000000000000400, -10.02500000000000000 ) ) ;
#4349 = VECTOR ( 'NONE', #3149, 1000.000000000000000 ) ;
#4350 = ORIENTED_EDGE ( 'NONE', *, *, #4739, .T. ) ;
#4351 = ADVANCED_FACE ( 'NONE', ( #3329 ), #5944, .F. ) ;
#4352 =( LENGTH_UNIT ( ) NAMED_UNIT ( * ) SI_UNIT ( .MILLI., .METRE. ) );
#4353 = MECHANICAL_DESIGN_GEOMETRIC_PRESENTATION_REPRESENTATION (  '', ( #3710 ), #4793 ) ;
#4354 = CARTESIAN_POINT ( 'NONE',  ( 4.760000000000004200, 1.125000000000000900, -3.924999999999999800 ) ) ;
#4355 = DIRECTION ( 'NONE',  ( -0.01029357226245786000, -1.500906702538970600E-018, 0.9999470197815869500 ) ) ;
#4356 = ORIENTED_EDGE ( 'NONE', *, *, #4306, .T. ) ;
#4357 = LINE ( 'NONE', #1848, #3830 ) ;
#4358 = EDGE_CURVE ( 'NONE', #3927, #2469, #5287, .T. ) ;
#4359 = LINE ( 'NONE', #3622, #1721 ) ;
#4360 = DIRECTION ( 'NONE',  ( 1.458100904399333800E-016, -1.000000000000000000, 0.0000000000000000000 ) ) ;
#4361 = AXIS2_PLACEMENT_3D ( 'NONE', #2966, #3025, #2461 ) ;
#4362 = VECTOR ( 'NONE', #5018, 1000.000000000000000 ) ;
#4363 = CARTESIAN_POINT ( 'NONE',  ( 2.540000000000000500, 1.525000000000000400, -2.975000000000000100 ) ) ;
#4364 = AXIS2_PLACEMENT_3D ( 'NONE', #119, #608, #3976 ) ;
#4365 = VECTOR ( 'NONE', #2387, 1000.000000000000000 ) ;
#4366 = CARTESIAN_POINT ( 'NONE',  ( -0.9499999999999995100, 1.125000000000000000, -1.774999999999998800 ) ) ;
#4367 = LINE ( 'NONE', #4712, #3764 ) ;
#4368 = ORIENTED_EDGE ( 'NONE', *, *, #2123, .F. ) ;
#4369 = EDGE_CURVE ( 'NONE', #4696, #5758, #3782, .T. ) ;
#4370 = EDGE_LOOP ( 'NONE', ( #4030, #1217, #3365, #4958 ) ) ;
#4371 = ORIENTED_EDGE ( 'NONE', *, *, #5062, .T. ) ;
#4372 = VECTOR ( 'NONE', #315, 1000.000000000000000 ) ;
#4373 = ORIENTED_EDGE ( 'NONE', *, *, #5876, .T. ) ;
#4374 = CARTESIAN_POINT ( 'NONE',  ( -2.860000000000019000, 1.124999999999999600, -6.625000000003668200 ) ) ;
#4375 = VECTOR ( 'NONE', #3184, 1000.000000000000000 ) ;
#4376 = EDGE_CURVE ( 'NONE', #5177, #2830, #1061, .T. ) ;
#4377 = CARTESIAN_POINT ( 'NONE',  ( -1.589999999999997600, 1.100643141363175600, -1.709592697925149200 ) ) ;
#4378 = ORIENTED_EDGE ( 'NONE', *, *, #4472, .T. ) ;
#4379 = AXIS2_PLACEMENT_3D ( 'NONE', #1927, #5778, #2893 ) ;
#4380 = ORIENTED_EDGE ( 'NONE', *, *, #4026, .F. ) ;
#4381 = VERTEX_POINT ( 'NONE', #5989 ) ;
#4382 = ORIENTED_EDGE ( 'NONE', *, *, #1915, .T. ) ;
#4383 = ORIENTED_EDGE ( 'NONE', *, *, #5220, .T. ) ;
#4384 = CARTESIAN_POINT ( 'NONE',  ( -4.160000000000000100, 1.124999999999999600, -5.225000000000002300 ) ) ;
#4385 = DIRECTION ( 'NONE',  ( 1.000000000000000000, 1.458100904399333800E-016, 0.0000000000000000000 ) ) ;
#4386 = EDGE_CURVE ( 'NONE', #4898, #1900, #1588, .T. ) ;
#4387 = ADVANCED_FACE ( 'NONE', ( #86 ), #731, .F. ) ;
#4388 = VERTEX_POINT ( 'NONE', #2557 ) ;
#4389 = ORIENTED_EDGE ( 'NONE', *, *, #5819, .F. ) ;
#4390 = DIRECTION ( 'NONE',  ( -1.458100904399333800E-016, 1.000000000000000000, 0.0000000000000000000 ) ) ;
#4391 = LINE ( 'NONE', #570, #1454 ) ;
#4392 = CARTESIAN_POINT ( 'NONE',  ( -4.129999999999998100, 1.024999999999999500, 0.2249999999999995100 ) ) ;
#4393 = ORIENTED_EDGE ( 'NONE', *, *, #2252, .T. ) ;
#4394 = CARTESIAN_POINT ( 'NONE',  ( 3.490000000000000200, 1.525000000000000600, -3.674999999999999400 ) ) ;
#4395 = CARTESIAN_POINT ( 'NONE',  ( -2.859999999999998100, 1.524999999999999900, -6.625000000000000900 ) ) ;
#4397 = EDGE_CURVE ( 'NONE', #4165, #5792, #391, .T. ) ;
#4396 = LINE ( 'NONE', #4212, #1835 ) ;
#4398 = DIRECTION ( 'NONE',  ( 1.000000000000000000, 1.458100904399333800E-016, 1.548860246407857400E-016 ) ) ;
#4399 = DIRECTION ( 'NONE',  ( 9.537044630965833600E-017, -0.6540730207484939400, 0.7564314136317582500 ) ) ;
#4400 = STYLED_ITEM ( 'NONE', ( #4323 ), #874 ) ;
#4401 = DIRECTION ( 'NONE',  ( 1.000000000000000000, 1.458100904399333800E-016, -0.0000000000000000000 ) ) ;
#4402 = VECTOR ( 'NONE', #5921, 1000.000000000000000 ) ;
#4403 = CARTESIAN_POINT ( 'NONE',  ( -3.109999999999998100, 1.124999999999999600, -3.674999999999999400 ) ) ;
#4404 = DIRECTION ( 'NONE',  ( -1.606225440719265900E-016, -2.342038767781980200E-032, -1.000000000000000000 ) ) ;
#4405 = VERTEX_POINT ( 'NONE', #2084 ) ;
#4406 = EDGE_CURVE ( 'NONE', #3703, #980, #5278, .T. ) ;
#4407 = CARTESIAN_POINT ( 'NONE',  ( -5.205000000000001000, 2.649999999999999500, -2.975000000000000100 ) ) ;
#4408 = CARTESIAN_POINT ( 'NONE',  ( 4.725000000000001400, 1.525000000000001000, -10.02500000000000000 ) ) ;
#4409 = ORIENTED_EDGE ( 'NONE', *, *, #4497, .T. ) ;
#4410 = CARTESIAN_POINT ( 'NONE',  ( 3.490000000000000200, 1.005000000000000600, -11.07499999999999900 ) ) ;
#4411 = ORIENTED_EDGE ( 'NONE', *, *, #4358, .T. ) ;
#4412 = CARTESIAN_POINT ( 'NONE',  ( -1.589999999999997600, 1.004999999999999900, -11.07499999999999900 ) ) ;
#4413 = VECTOR ( 'NONE', #1488, 1000.000000000000000 ) ;
#4414 = CARTESIAN_POINT ( 'NONE',  ( -5.205000000000001000, 2.649999999999999500, -11.47500000000000100 ) ) ;
#4415 = DIRECTION ( 'NONE',  ( -0.0000000000000000000, -0.0000000000000000000, 1.000000000000000000 ) ) ;
#4416 = ORIENTED_EDGE ( 'NONE', *, *, #449, .T. ) ;
#4417 = CARTESIAN_POINT ( 'NONE',  ( 4.129999999999999900, 1.403215706815879700, -1.447963489625753200 ) ) ;
#4418 = EDGE_CURVE ( 'NONE', #2011, #2186, #1887, .T. ) ;
#4419 = CIRCLE ( 'NONE', #1850, 0.5000000000000000000 ) ;
#4420 = ORIENTED_EDGE ( 'NONE', *, *, #1030, .F. ) ;
#4421 = DIRECTION ( 'NONE',  ( 1.000000000000000000, 0.0000000000000000000, 1.090397613471137000E-013 ) ) ;
#4422 = CARTESIAN_POINT ( 'NONE',  ( 4.129999999999999900, 0.4000000000000012400, -1.775000000000000600 ) ) ;
#4423 = LINE ( 'NONE', #5234, #2384 ) ;
#4424 = EDGE_LOOP ( 'NONE', ( #6188, #761, #217, #2684 ) ) ;
#4425 = CARTESIAN_POINT ( 'NONE',  ( 0.0000000000000000000, 1.125000000000000000, -10.77500000000000200 ) ) ;
#4426 = CARTESIAN_POINT ( 'NONE',  ( -4.759999999999997100, 1.524999999999999200, -3.775000000000000400 ) ) ;
#4427 = ORIENTED_EDGE ( 'NONE', *, *, #5289, .F. ) ;
#4428 = DIRECTION ( 'NONE',  ( 1.000000000000000000, 0.0000000000000000000, 0.0000000000000000000 ) ) ;
#4429 = FACE_OUTER_BOUND ( 'NONE', #981, .T. ) ;
#4430 = FACE_OUTER_BOUND ( 'NONE', #729, .T. ) ;
#4431 = CARTESIAN_POINT ( 'NONE',  ( -1.557131737053300200, 1.124999999999999800, -8.829774775735728600 ) ) ;
#4432 = VECTOR ( 'NONE', #1058, 1000.000000000000000 ) ;
#4433 = DIRECTION ( 'NONE',  ( 0.0000000000000000000, 0.0000000000000000000, -1.000000000000000000 ) ) ;
#4434 = LINE ( 'NONE', #2210, #530 ) ;
#4435 = DIRECTION ( 'NONE',  ( 1.102953328332533500E-016, -0.7564314136317584800, -0.6540730207484939400 ) ) ;
#4436 = EDGE_CURVE ( 'NONE', #2960, #1292, #2184, .T. ) ;
#4437 = ORIENTED_EDGE ( 'NONE', *, *, #3293, .F. ) ;
#4438 = AXIS2_PLACEMENT_3D ( 'NONE', #5811, #5847, #533 ) ;
#4439 = CARTESIAN_POINT ( 'NONE',  ( -3.490000000000000200, 0.1217842931841212900, -0.5775484784178112100 ) ) ;
#4440 = VERTEX_POINT ( 'NONE', #5158 ) ;
#4441 = LINE ( 'NONE', #2122, #610 ) ;
#4442 = ORIENTED_EDGE ( 'NONE', *, *, #3942, .F. ) ;
#4443 = LINE ( 'NONE', #397, #457 ) ;
#4444 = VERTEX_POINT ( 'NONE', #5174 ) ;
#4445 = CARTESIAN_POINT ( 'NONE',  ( 5.204999999999999200, 1.825000000000000800, -2.174999999999999800 ) ) ;
#4446 = ORIENTED_EDGE ( 'NONE', *, *, #3524, .T. ) ;
#4447 = CARTESIAN_POINT ( 'NONE',  ( -1.619946693304737100, 1.524999999999999700, -5.231108342253048900 ) ) ;
#4448 = EDGE_LOOP ( 'NONE', ( #6204, #4835, #4804, #749, #2377, #4948, #1549, #1365, #155, #2275, #393, #101 ) ) ;
#4449 = LINE ( 'NONE', #3476, #3167 ) ;
#4450 = LINE ( 'NONE', #4348, #920 ) ;
#4451 = DIRECTION ( 'NONE',  ( -1.000000000000000000, -1.458100904399333800E-016, 0.0000000000000000000 ) ) ;
#4452 = VERTEX_POINT ( 'NONE', #3135 ) ;
#4453 = VERTEX_POINT ( 'NONE', #670 ) ;
#4454 = CARTESIAN_POINT ( 'NONE',  ( -5.695277774416255500, 1.124999999999999100, -8.752773196134491200 ) ) ;
#4455 = ORIENTED_EDGE ( 'NONE', *, *, #401, .F. ) ;
#4456 = EDGE_CURVE ( 'NONE', #3164, #5661, #841, .T. ) ;
#4457 = CARTESIAN_POINT ( 'NONE',  ( -0.3199999999999974000, 1.125000000000000000, -10.77500000000000200 ) ) ;
#4458 = DIRECTION ( 'NONE',  ( -1.239088197126290300E-016, -1.806715620860384200E-032, -1.000000000000000000 ) ) ;
#4459 = VERTEX_POINT ( 'NONE', #5564 ) ;
#4460 = PLANE ( 'NONE',  #4160 ) ;
#4461 = ORIENTED_EDGE ( 'NONE', *, *, #2510, .F. ) ;
#4462 = EDGE_LOOP ( 'NONE', ( #3634, #696, #2935, #2179, #991, #107, #3687, #3287, #2796, #2863, #1852, #4674, #5915, #5708, #5846, #916, #3404, #1734 ) ) ;
#4463 = DIRECTION ( 'NONE',  ( 9.537044630965833600E-017, -0.6540730207484939400, 0.7564314136317582500 ) ) ;
#4464 = VERTEX_POINT ( 'NONE', #2726 ) ;
#4465 = CARTESIAN_POINT ( 'NONE',  ( -1.270000000000000200, 1.125000000000000000, -5.225000000000002300 ) ) ;
#4466 = DIRECTION ( 'NONE',  ( 0.0000000000000000000, -1.000000000000000000, -1.626303258728255900E-015 ) ) ;
#4467 = EDGE_CURVE ( 'NONE', #2842, #2155, #4229, .T. ) ;
#4468 = EDGE_LOOP ( 'NONE', ( #1020, #6231, #4707, #628, #3335, #3592, #3021, #1325, #2817, #626, #5482, #3567 ) ) ;
#4469 = AXIS2_PLACEMENT_3D ( 'NONE', #3378, #3800, #915 ) ;
#4470 = VECTOR ( 'NONE', #3033, 1000.000000000000000 ) ;
#4471 = LINE ( 'NONE', #5490, #340 ) ;
#4472 = EDGE_CURVE ( 'NONE', #1442, #4842, #3616, .T. ) ;
#4473 = DIRECTION ( 'NONE',  ( -1.458100904399333800E-016, 1.000000000000000000, 0.0000000000000000000 ) ) ;
#4474 = ORIENTED_EDGE ( 'NONE', *, *, #5832, .T. ) ;
#4475 = VECTOR ( 'NONE', #5499, 1000.000000000000000 ) ;
#4476 = DIRECTION ( 'NONE',  ( 1.458100904399333800E-016, -1.000000000000000000, 0.0000000000000000000 ) ) ;
#4477 = DIRECTION ( 'NONE',  ( -1.458100904399333800E-016, 1.000000000000000000, 0.0000000000000000000 ) ) ;
#4478 = ORIENTED_EDGE ( 'NONE', *, *, #4287, .T. ) ;
#4479 = CARTESIAN_POINT ( 'NONE',  ( 0.9828682629467021500, 1.125000000000000200, -8.829774775735723200 ) ) ;
#4480 = CARTESIAN_POINT ( 'NONE',  ( 2.185000000000002700, 1.125000000000000400, -10.02500000000000000 ) ) ;
#4481 = DIRECTION ( 'NONE',  ( -1.000000000000000000, -1.458100904399333800E-016, -0.0000000000000000000 ) ) ;
#4482 = LINE ( 'NONE', #4637, #5463 ) ;
#4483 = EDGE_LOOP ( 'NONE', ( #2878, #5371, #5213, #4836, #5391, #16 ) ) ;
#4484 = ORIENTED_EDGE ( 'NONE', *, *, #2199, .F. ) ;
#4485 = ADVANCED_FACE ( 'NONE', ( #5059 ), #1711, .T. ) ;
#4486 = EDGE_CURVE ( 'NONE', #5593, #1179, #2331, .T. ) ;
#4487 = VECTOR ( 'NONE', #3233, 1000.000000000000000 ) ;
#4488 = EDGE_CURVE ( 'NONE', #5993, #4980, #6032, .T. ) ;
#4489 = ORIENTED_EDGE ( 'NONE', *, *, #4810, .F. ) ;
#4490 = PLANE ( 'NONE',  #3398 ) ;
#4491 = PLANE ( 'NONE',  #2386 ) ;
#4492 = CARTESIAN_POINT ( 'NONE',  ( 0.9500000000000011800, 1.403215706815879300, -1.447963489625753200 ) ) ;
#4493 = LINE ( 'NONE', #2512, #208 ) ;
#4494 = CARTESIAN_POINT ( 'NONE',  ( 0.3549999999999994300, 1.125000000000000200, -10.02500000000000000 ) ) ;
#4495 = ORIENTED_EDGE ( 'NONE', *, *, #577, .T. ) ;
#4496 = CARTESIAN_POINT ( 'NONE',  ( 0.0000000000000000000, 0.6049999999999989800, -11.47500000000000100 ) ) ;
#4497 = EDGE_CURVE ( 'NONE', #4301, #5763, #3774, .T. ) ;
#4498 = DIRECTION ( 'NONE',  ( 1.458100904399333800E-016, -1.000000000000000000, 0.0000000000000000000 ) ) ;
#4499 = ORIENTED_EDGE ( 'NONE', *, *, #2103, .T. ) ;
#4500 = VECTOR ( 'NONE', #5292, 1000.000000000000000 ) ;
#4501 = CARTESIAN_POINT ( 'NONE',  ( 1.990000000000002200, 0.6049999999999992100, -11.47500000000000100 ) ) ;
#4502 = VECTOR ( 'NONE', #1515, 1000.000000000000000 ) ;
#4503 = FACE_OUTER_BOUND ( 'NONE', #159, .T. ) ;
#4504 = DIRECTION ( 'NONE',  ( 1.000000000000000000, 1.458100904399333800E-016, -0.0000000000000000000 ) ) ;
#4505 = CARTESIAN_POINT ( 'NONE',  ( -1.619999999999999900, 1.124999999999999800, -5.225000000000002300 ) ) ;
#4506 = LINE ( 'NONE', #3769, #679 ) ;
#4507 = LINE ( 'NONE', #2548, #221 ) ;
#4508 = ADVANCED_FACE ( 'NONE', ( #1054 ), #4653, .F. ) ;
#4509 = EDGE_CURVE ( 'NONE', #2433, #44, #3008, .T. ) ;
#4510 = VECTOR ( 'NONE', #4872, 1000.000000000000000 ) ;
#4511 = PLANE ( 'NONE',  #5897 ) ;
#4512 = AXIS2_PLACEMENT_3D ( 'NONE', #2124, #3065, #1639 ) ;
#4513 = VECTOR ( 'NONE', #3953, 1000.000000000000000 ) ;
#4514 = CARTESIAN_POINT ( 'NONE',  ( 3.490000000000000200, 1.025000000000000600, -1.775000000000000600 ) ) ;
#4515 = DIRECTION ( 'NONE',  ( 1.000000000000000000, 1.458100904399333800E-016, 1.548860246407857400E-016 ) ) ;
#4516 = ORIENTED_EDGE ( 'NONE', *, *, #1596, .T. ) ;
#4517 = ADVANCED_FACE ( 'NONE', ( #4590 ), #3162, .F. ) ;
#4518 = CARTESIAN_POINT ( 'NONE',  ( -0.5699999999999976200, 1.524999999999999900, -1.774999999999998800 ) ) ;
#4519 = ORIENTED_EDGE ( 'NONE', *, *, #2836, .T. ) ;
#4520 = ORIENTED_EDGE ( 'NONE', *, *, #5670, .T. ) ;
#4521 = DIRECTION ( 'NONE',  ( 0.0000000000000000000, 0.0000000000000000000, -1.000000000000000000 ) ) ;
#4522 = VECTOR ( 'NONE', #5375, 1000.000000000000100 ) ;
#4523 = VECTOR ( 'NONE', #2741, 1000.000000000000000 ) ;
#4524 = DIRECTION ( 'NONE',  ( -1.000000000000000000, -1.458100904399333800E-016, 0.0000000000000000000 ) ) ;
#4525 = ORIENTED_EDGE ( 'NONE', *, *, #1991, .T. ) ;
#4526 = EDGE_CURVE ( 'NONE', #2762, #3257, #693, .T. ) ;
#4527 = CARTESIAN_POINT ( 'NONE',  ( 0.3200000000000112800, 1.125000000000000200, -6.625000000002412300 ) ) ;
#4528 = DIRECTION ( 'NONE',  ( -1.458100904399333800E-016, 1.000000000000000000, 0.0000000000000000000 ) ) ;
#4529 = ORIENTED_EDGE ( 'NONE', *, *, #6109, .F. ) ;
#4530 = ORIENTED_EDGE ( 'NONE', *, *, #5271, .F. ) ;
#4531 = DIRECTION ( 'NONE',  ( 1.000000000000000000, 1.458100904399333800E-016, 1.548860246407857400E-016 ) ) ;
#4532 = ORIENTED_EDGE ( 'NONE', *, *, #5695, .T. ) ;
#4533 = AXIS2_PLACEMENT_3D ( 'NONE', #3779, #3268, #890 ) ;
#4534 = VERTEX_POINT ( 'NONE', #3650 ) ;
#4535 = CARTESIAN_POINT ( 'NONE',  ( -0.9499999999999995100, 0.4243568586368248200, -0.3159192701184133100 ) ) ;
#4536 = ORIENTED_EDGE ( 'NONE', *, *, #5985, .F. ) ;
#4537 = CARTESIAN_POINT ( 'NONE',  ( -1.589999999999997600, 1.524999999999999700, -10.77500000000000200 ) ) ;
#4538 = VERTEX_POINT ( 'NONE', #1795 ) ;
#4539 = EDGE_LOOP ( 'NONE', ( #5557, #5799, #515, #320 ) ) ;
#4540 = EDGE_CURVE ( 'NONE', #5654, #704, #2491, .T. ) ;
#4541 = LINE ( 'NONE', #4334, #1755 ) ;
#4542 = CARTESIAN_POINT ( 'NONE',  ( 0.9500000000000011800, 1.645000000000000200, -11.07499999999999900 ) ) ;
#4543 = DIRECTION ( 'NONE',  ( -1.458100904399333800E-016, 1.000000000000000000, 2.736911063134407700E-048 ) ) ;
#4544 = ORIENTED_EDGE ( 'NONE', *, *, #3598, .F. ) ;
#4545 = CARTESIAN_POINT ( 'NONE',  ( 1.590000000000001200, 0.4243568586368251500, -0.3159192701184133100 ) ) ;
#4546 = CARTESIAN_POINT ( 'NONE',  ( 5.204999999999999200, 1.825000000000000800, -2.975000000000000100 ) ) ;
#4547 = LINE ( 'NONE', #4664, #2963 ) ;
#4548 = DIRECTION ( 'NONE',  ( -1.458100904399333800E-016, 1.000000000000000000, -0.0000000000000000000 ) ) ;
#4549 = DIRECTION ( 'NONE',  ( -1.000000000000000000, -1.458100904399333800E-016, -0.0000000000000000000 ) ) ;
#4550 = DIRECTION ( 'NONE',  ( -1.000000000000000000, -1.458100904399333800E-016, 0.0000000000000000000 ) ) ;
#4551 = ADVANCED_FACE ( 'NONE', ( #763 ), #1248, .F. ) ;
#4552 = CIRCLE ( 'NONE', #6053, 0.2500000000000000000 ) ;
#4553 = ORIENTED_EDGE ( 'NONE', *, *, #1334, .F. ) ;
#4554 = CARTESIAN_POINT ( 'NONE',  ( -1.589999999999997600, 1.403215706815878800, -1.447963489625751400 ) ) ;
#4555 = EDGE_CURVE ( 'NONE', #4782, #788, #5503, .T. ) ;
#4556 = ORIENTED_EDGE ( 'NONE', *, *, #3509, .T. ) ;
#4557 = DIRECTION ( 'NONE',  ( -1.000000000000000000, -1.458100904399333800E-016, 1.606225440719265900E-016 ) ) ;
#4558 = EDGE_LOOP ( 'NONE', ( #4908, #91, #5423, #3307 ) ) ;
#4559 = AXIS2_PLACEMENT_3D ( 'NONE', #4790, #4924, #4428 ) ;
#4560 = PLANE ( 'NONE',  #2424 ) ;
#4561 = CIRCLE ( 'NONE', #2954, 0.5000000000000002200 ) ;
#4562 = ORIENTED_EDGE ( 'NONE', *, *, #150, .F. ) ;
#4563 = PLANE ( 'NONE',  #3471 ) ;
#4564 = DIRECTION ( 'NONE',  ( 1.000000000000000000, 1.034584430772185600E-016, 4.235164736271501700E-017 ) ) ;
#4565 = CARTESIAN_POINT ( 'NONE',  ( -4.129999999999998100, 0.1217842931841208600, -0.5775484784178112100 ) ) ;
#4566 = FACE_OUTER_BOUND ( 'NONE', #6145, .T. ) ;
#4567 = EDGE_CURVE ( 'NONE', #1591, #475, #3319, .T. ) ;
#4568 = EDGE_LOOP ( 'NONE', ( #4824, #2036, #4863, #777 ) ) ;
#4569 = DIRECTION ( 'NONE',  ( -1.102953328332533200E-016, 0.7564314136317582500, 0.6540730207484941600 ) ) ;
#4570 = EDGE_CURVE ( 'NONE', #1505, #1971, #3161, .T. ) ;
#4571 = AXIS2_PLACEMENT_3D ( 'NONE', #3450, #2941, #5370 ) ;
#4572 = LINE ( 'NONE', #6175, #5256 ) ;
#4573 = VERTEX_POINT ( 'NONE', #2337 ) ;
#4574 = DIRECTION ( 'NONE',  ( 1.458100904399333800E-016, -1.000000000000000000, 0.0000000000000000000 ) ) ;
#4575 = ADVANCED_FACE ( 'NONE', ( #1208 ), #4263, .F. ) ;
#4576 = FACE_OUTER_BOUND ( 'NONE', #5856, .T. ) ;
#4577 = CYLINDRICAL_SURFACE ( 'NONE', #3857, 0.1000000000000000500 ) ;
#4578 = EDGE_CURVE ( 'NONE', #246, #4895, #4152, .T. ) ;
#4579 = VECTOR ( 'NONE', #3760, 1000.000000000000000 ) ;
#4580 = DIRECTION ( 'NONE',  ( -1.000000000000000000, -2.083001291999051800E-017, 0.0000000000000000000 ) ) ;
#4581 = CARTESIAN_POINT ( 'NONE',  ( -1.270000000000000200, 1.125000000000000000, -5.225000000000002300 ) ) ;
#4582 = PLANE ( 'NONE',  #1025 ) ;
#4583 = PLANE ( 'NONE',  #1304 ) ;
#4584 = ORIENTED_EDGE ( 'NONE', *, *, #432, .T. ) ;
#4585 = CARTESIAN_POINT ( 'NONE',  ( 0.9828682629467004900, 1.525000000000000100, -8.829774775735726800 ) ) ;
#4586 = PLANE ( 'NONE',  #4917 ) ;
#4587 = ORIENTED_EDGE ( 'NONE', *, *, #723, .T. ) ;
#4588 = VECTOR ( 'NONE', #4640, 1000.000000000000100 ) ;
#4589 = ORIENTED_EDGE ( 'NONE', *, *, #5998, .F. ) ;
#4590 = FACE_OUTER_BOUND ( 'NONE', #6035, .T. ) ;
#4591 = EDGE_CURVE ( 'NONE', #1920, #845, #4443, .T. ) ;
#4592 = ORIENTED_EDGE ( 'NONE', *, *, #2808, .T. ) ;
#4593 = VERTEX_POINT ( 'NONE', #5252 ) ;
#4594 = DIRECTION ( 'NONE',  ( 9.537044630965833600E-017, -0.6540730207484939400, 0.7564314136317584800 ) ) ;
#4595 = ORIENTED_EDGE ( 'NONE', *, *, #225, .F. ) ;
#4596 = VECTOR ( 'NONE', #2947, 1000.000000000000000 ) ;
#4597 =( NAMED_UNIT ( * ) PLANE_ANGLE_UNIT ( ) SI_UNIT ( $, .RADIAN. ) );
#4598 = LINE ( 'NONE', #3015, #3479 ) ;
#4599 = ORIENTED_EDGE ( 'NONE', *, *, #2743, .T. ) ;
#4600 = ORIENTED_EDGE ( 'NONE', *, *, #5785, .T. ) ;
#4601 = DIRECTION ( 'NONE',  ( 0.5773502691896261800, 0.5773502691896269500, -0.5773502691896241800 ) ) ;
#4602 = ADVANCED_FACE ( 'NONE', ( #4299 ), #2864, .F. ) ;
#4603 = DIRECTION ( 'NONE',  ( -1.000000000000000000, -1.458100904399333800E-016, -0.0000000000000000000 ) ) ;
#4604 = EDGE_CURVE ( 'NONE', #6137, #388, #5576, .T. ) ;
#4605 = ORIENTED_EDGE ( 'NONE', *, *, #5677, .T. ) ;
#4606 = DIRECTION ( 'NONE',  ( 1.000000000000000000, 0.0000000000000000000, 0.0000000000000000000 ) ) ;
#4607 = CARTESIAN_POINT ( 'NONE',  ( -1.589999999999997600, 0.4243568586368247100, -0.3159192701184133100 ) ) ;
#4608 = VERTEX_POINT ( 'NONE', #1402 ) ;
#4609 = ORIENTED_EDGE ( 'NONE', *, *, #3027, .F. ) ;
#4610 = CIRCLE ( 'NONE', #5771, 0.1000000000000000500 ) ;
#4611 = EDGE_CURVE ( 'NONE', #19, #162, #3403, .T. ) ;
#4612 = ADVANCED_FACE ( 'NONE', ( #5807 ), #4738, .F. ) ;
#4613 = AXIS2_PLACEMENT_3D ( 'NONE', #664, #1078, #1140 ) ;
#4614 = ORIENTED_EDGE ( 'NONE', *, *, #318, .T. ) ;
#4615 = DIRECTION ( 'NONE',  ( 0.01745240643728340100, 2.544736961014768400E-018, -0.9998476951563911600 ) ) ;
#4616 = DIRECTION ( 'NONE',  ( 1.000000000000000000, 0.0000000000000000000, 7.930164461608279200E-014 ) ) ;
#4617 = LINE ( 'NONE', #3827, #5448 ) ;
#4618 = CARTESIAN_POINT ( 'NONE',  ( -4.129999999999998100, 0.4243568586368244900, -0.3159192701184150300 ) ) ;
#4619 = ORIENTED_EDGE ( 'NONE', *, *, #1489, .F. ) ;
#4620 = EDGE_CURVE ( 'NONE', #2723, #4716, #3246, .T. ) ;
#4621 = LINE ( 'NONE', #4505, #4111 ) ;
#4622 = CARTESIAN_POINT ( 'NONE',  ( -0.9200000000000007100, 1.125000000000000000, -5.225000000000002300 ) ) ;
#4623 = DIRECTION ( 'NONE',  ( 1.458100904399333800E-016, -1.000000000000000000, 0.0000000000000000000 ) ) ;
#4624 = ORIENTED_EDGE ( 'NONE', *, *, #4486, .T. ) ;
#4625 = CARTESIAN_POINT ( 'NONE',  ( 3.490000000000000200, 1.084202172485504800E-015, 0.4250000000000000400 ) ) ;
#4626 = VECTOR ( 'NONE', #5477, 1000.000000000000100 ) ;
#4627 = PLANE ( 'NONE',  #5907 ) ;
#4628 = PLANE ( 'NONE',  #782 ) ;
#4629 = EDGE_LOOP ( 'NONE', ( #3889, #1867, #3849, #2884 ) ) ;
#4630 = EDGE_CURVE ( 'NONE', #5293, #4088, #2939, .T. ) ;
#4631 = ADVANCED_FACE ( 'NONE', ( #1730 ), #4083, .F. ) ;
#4632 = ORIENTED_EDGE ( 'NONE', *, *, #1480, .T. ) ;
#4633 = ORIENTED_EDGE ( 'NONE', *, *, #1935, .T. ) ;
#4634 = CARTESIAN_POINT ( 'NONE',  ( 1.590000000000001200, 1.125000000000000400, -1.774999999999998800 ) ) ;
#4635 =( NAMED_UNIT ( * ) SI_UNIT ( $, .STERADIAN. ) SOLID_ANGLE_UNIT ( ) );
#4636 = LINE ( 'NONE', #5642, #5029 ) ;
#4637 = CARTESIAN_POINT ( 'NONE',  ( -2.185000000000002700, 1.124999999999999800, -10.02500000000000000 ) ) ;
#4638 = VERTEX_POINT ( 'NONE', #4304 ) ;
#4639 = AXIS2_PLACEMENT_3D ( 'NONE', #6170, #3819, #1378 ) ;
#4640 = DIRECTION ( 'NONE',  ( -0.01029357226245786000, -1.500906702538970600E-018, 0.9999470197815869500 ) ) ;
#4641 = CARTESIAN_POINT ( 'NONE',  ( 3.490000000000000200, 1.125000000000000700, -3.774999999999999000 ) ) ;
#4642 = LINE ( 'NONE', #1223, #4349 ) ;
#4643 = PLANE ( 'NONE',  #2501 ) ;
#4644 = DIRECTION ( 'NONE',  ( -1.000000000000000000, -1.458100904399333800E-016, 0.0000000000000000000 ) ) ;
#4645 = VECTOR ( 'NONE', #1422, 1000.000000000000000 ) ;
#4646 = AXIS2_PLACEMENT_3D ( 'NONE', #3129, #709, #4155 ) ;
#4647 = ORIENTED_EDGE ( 'NONE', *, *, #4488, .F. ) ;
#4648 = DIRECTION ( 'NONE',  ( 1.000000000000000000, 1.458100904399333800E-016, -0.0000000000000000000 ) ) ;
#4649 = FACE_OUTER_BOUND ( 'NONE', #4909, .T. ) ;
#4650 = CYLINDRICAL_SURFACE ( 'NONE', #306, 0.2500000000000000600 ) ;
#4651 = CARTESIAN_POINT ( 'NONE',  ( 3.490000000000000200, 1.100643141363176500, -1.709592697925149200 ) ) ;
#4652 = LINE ( 'NONE', #5163, #2996 ) ;
#4653 = PLANE ( 'NONE',  #552 ) ;
#4654 = EDGE_CURVE ( 'NONE', #2945, #4742, #1664, .T. ) ;
#4655 = ORIENTED_EDGE ( 'NONE', *, *, #4386, .T. ) ;
#4656 = VECTOR ( 'NONE', #1786, 1000.000000000000100 ) ;
#4657 = CARTESIAN_POINT ( 'NONE',  ( 4.129999999999999900, 1.645000000000000500, -3.774999999999999000 ) ) ;
#4658 = CARTESIAN_POINT ( 'NONE',  ( -0.9200533066952634200, 1.524999999999999900, -5.231108342253052400 ) ) ;
#4659 = CARTESIAN_POINT ( 'NONE',  ( -1.149999999999998100, 4.336808689942019700E-016, 0.2250000000000012500 ) ) ;
#4660 = PLANE ( 'NONE',  #3234 ) ;
#4661 = VECTOR ( 'NONE', #4838, 1000.000000000000000 ) ;
#4662 = CIRCLE ( 'NONE', #22, 0.5000000000000000000 ) ;
#4663 = ADVANCED_FACE ( 'NONE', ( #5656 ), #5194, .F. ) ;
#4664 = CARTESIAN_POINT ( 'NONE',  ( -3.109999999999998100, 1.124999999999999600, -3.674999999999999400 ) ) ;
#4665 = ORIENTED_EDGE ( 'NONE', *, *, #956, .T. ) ;
#4666 = PLANE ( 'NONE',  #1182 ) ;
#4667 = CARTESIAN_POINT ( 'NONE',  ( -0.9828682629467004900, 1.125000000000000000, -8.829774775735728600 ) ) ;
#4668 =( NAMED_UNIT ( * ) SI_UNIT ( $, .STERADIAN. ) SOLID_ANGLE_UNIT ( ) );
#4669 = EDGE_LOOP ( 'NONE', ( #4045, #3665, #34, #1619 ) ) ;
#4670 = DIRECTION ( 'NONE',  ( -1.458100904399333800E-016, 1.000000000000000000, 0.0000000000000000000 ) ) ;
#4671 = ORIENTED_EDGE ( 'NONE', *, *, #5228, .T. ) ;
#4672 = VECTOR ( 'NONE', #859, 1000.000000000000000 ) ;
#4673 = VECTOR ( 'NONE', #265, 1000.000000000000000 ) ;
#4674 = ORIENTED_EDGE ( 'NONE', *, *, #2346, .T. ) ;
#4675 = ORIENTED_EDGE ( 'NONE', *, *, #4258, .T. ) ;
#4676 = CARTESIAN_POINT ( 'NONE',  ( 0.3200000000000008400, 1.525000000000000100, -10.77500000000000200 ) ) ;
#4677 = VERTEX_POINT ( 'NONE', #869 ) ;
#4678 = CARTESIAN_POINT ( 'NONE',  ( 4.129999999999999900, 1.005000000000000600, -11.07499999999999900 ) ) ;
#4679 = EDGE_CURVE ( 'NONE', #3024, #3980, #2789, .T. ) ;
#4680 = ORIENTED_EDGE ( 'NONE', *, *, #1228, .T. ) ;
#4681 = ORIENTED_EDGE ( 'NONE', *, *, #5948, .F. ) ;
#4682 = CARTESIAN_POINT ( 'NONE',  ( -4.759999999999997100, 1.524999999999999200, -10.77499999999999900 ) ) ;
#4683 = AXIS2_PLACEMENT_3D ( 'NONE', #269, #4184, #3607 ) ;
#4684 = DIRECTION ( 'NONE',  ( -1.458100904399333800E-016, 1.000000000000000000, 0.0000000000000000000 ) ) ;
#4685 = ORIENTED_EDGE ( 'NONE', *, *, #652, .T. ) ;
#4686 = AXIS2_PLACEMENT_3D ( 'NONE', #1990, #80, #586 ) ;
#4687 = ORIENTED_EDGE ( 'NONE', *, *, #181, .F. ) ;
#4688 = CARTESIAN_POINT ( 'NONE',  ( 4.530000000000001100, 0.6050000000000000900, -11.47500000000000100 ) ) ;
#4689 = PLANE ( 'NONE',  #1171 ) ;
#4690 = FACE_OUTER_BOUND ( 'NONE', #1555, .T. ) ;
#4691 = EDGE_CURVE ( 'NONE', #2578, #5893, #5357, .T. ) ;
#4692 = CARTESIAN_POINT ( 'NONE',  ( -3.689999999999998600, 0.4000000000000000800, 0.4250000000000000400 ) ) ;
#4693 = CARTESIAN_POINT ( 'NONE',  ( 5.204999999999999200, 1.645000000000000700, -3.775000000000000400 ) ) ;
#4694 = ORIENTED_EDGE ( 'NONE', *, *, #1694, .T. ) ;
#4695 = PLANE ( 'NONE',  #2295 ) ;
#4696 = VERTEX_POINT ( 'NONE', #4281 ) ;
#4697 = UNCERTAINTY_MEASURE_WITH_UNIT (LENGTH_MEASURE( 1.000000000000000100E-005 ), #4352, 'distance_accuracy_value', 'NONE');
#4698 = EDGE_CURVE ( 'NONE', #4308, #4782, #1814, .T. ) ;
#4699 = VECTOR ( 'NONE', #2142, 1000.000000000000000 ) ;
#4700 = AXIS2_PLACEMENT_3D ( 'NONE', #5200, #2296, #3719 ) ;
#4701 = DIRECTION ( 'NONE',  ( 1.458100904399333800E-016, -1.000000000000000000, 0.0000000000000000000 ) ) ;
#4702 = ADVANCED_FACE ( 'NONE', ( #3091 ), #3401, .T. ) ;
#4703 = CIRCLE ( 'NONE', #1084, 0.5000000000000002200 ) ;
#4704 = DIRECTION ( 'NONE',  ( 1.548860246407857400E-016, 2.258394526075472000E-032, -1.000000000000000000 ) ) ;
#4705 = EDGE_CURVE ( 'NONE', #5065, #5145, #5212, .T. ) ;
#4706 = PLANE ( 'NONE',  #3286 ) ;
#4707 = ORIENTED_EDGE ( 'NONE', *, *, #3001, .F. ) ;
#4708 = CARTESIAN_POINT ( 'NONE',  ( 0.0000000000000000000, 0.6049999999999989800, -11.47500000000000100 ) ) ;
#4709 = DIRECTION ( 'NONE',  ( -1.102953328332533200E-016, 0.7564314136317582500, 0.6540730207484941600 ) ) ;
#4710 = ORIENTED_EDGE ( 'NONE', *, *, #1291, .F. ) ;
#4711 = ORIENTED_EDGE ( 'NONE', *, *, #4326, .F. ) ;
#4712 = CARTESIAN_POINT ( 'NONE',  ( -1.589999999999997600, 1.124999999999999800, -1.775000000000000600 ) ) ;
#4713 = DIRECTION ( 'NONE',  ( -1.458100904399333800E-016, 1.000000000000000000, 0.0000000000000000000 ) ) ;
#4714 = LINE ( 'NONE', #326, #4794 ) ;
#4715 = EDGE_CURVE ( 'NONE', #2696, #989, #4902, .T. ) ;
#4716 = VERTEX_POINT ( 'NONE', #2870 ) ;
#4717 = DIRECTION ( 'NONE',  ( -1.458100904399333800E-016, 1.000000000000000000, 0.0000000000000000000 ) ) ;
#4718 = AXIS2_PLACEMENT_3D ( 'NONE', #3503, #3425, #547 ) ;
#4719 = CARTESIAN_POINT ( 'NONE',  ( 0.3200000000000008400, 1.525000000000000100, -10.77500000000000200 ) ) ;
#4720 = FACE_OUTER_BOUND ( 'NONE', #703, .T. ) ;
#4721 = VERTEX_POINT ( 'NONE', #1439 ) ;
#4722 = CARTESIAN_POINT ( 'NONE',  ( -4.759999999999997100, 1.524999999999999200, -10.77499999999999900 ) ) ;
#4723 = CARTESIAN_POINT ( 'NONE',  ( -4.129999999999998100, 2.447125105937309400E-031, 0.2249999999999995100 ) ) ;
#4724 = LINE ( 'NONE', #1477, #3136 ) ;
#4725 = EDGE_CURVE ( 'NONE', #2160, #5661, #3843, .T. ) ;
#4726 = LINE ( 'NONE', #4168, #3453 ) ;
#4727 = ORIENTED_EDGE ( 'NONE', *, *, #3653, .T. ) ;
#4728 = ADVANCED_FACE ( 'NONE', ( #1513 ), #3359, .F. ) ;
#4729 = DIRECTION ( 'NONE',  ( -1.000000000000000000, -1.458100904399333800E-016, 0.0000000000000000000 ) ) ;
#4730 = VERTEX_POINT ( 'NONE', #955 ) ;
#4731 = AXIS2_PLACEMENT_3D ( 'NONE', #3500, #116, #4528 ) ;
#4732 = FACE_OUTER_BOUND ( 'NONE', #4558, .T. ) ;
#4733 = DIRECTION ( 'NONE',  ( 1.000000000000000000, 0.0000000000000000000, 0.0000000000000000000 ) ) ;
#4734 = CYLINDRICAL_SURFACE ( 'NONE', #2231, 1.600000000000000800 ) ;
#4735 = ORIENTED_EDGE ( 'NONE', *, *, #3293, .T. ) ;
#4736 = LINE ( 'NONE', #1911, #4365 ) ;
#4737 = VECTOR ( 'NONE', #1283, 1000.000000000000000 ) ;
#4738 = PLANE ( 'NONE',  #4215 ) ;
#4739 = EDGE_CURVE ( 'NONE', #1117, #5204, #151, .T. ) ;
#4740 = ORIENTED_EDGE ( 'NONE', *, *, #3877, .F. ) ;
#4741 = DIRECTION ( 'NONE',  ( -4.565061778886334000E-016, -6.656320708432995900E-032, -1.000000000000000000 ) ) ;
#4742 = VERTEX_POINT ( 'NONE', #3379 ) ;
#4743 = LINE ( 'NONE', #4773, #3470 ) ;
#4744 = ORIENTED_EDGE ( 'NONE', *, *, #2792, .T. ) ;
#4745 = DIRECTION ( 'NONE',  ( 1.458100904399333800E-016, -1.000000000000000000, -0.0000000000000000000 ) ) ;
#4746 = VECTOR ( 'NONE', #1231, 1000.000000000000000 ) ;
#4747 = VERTEX_POINT ( 'NONE', #4803 ) ;
#4748 = DIRECTION ( 'NONE',  ( -1.000000000000000000, -1.458100904399332600E-016, 0.0000000000000000000 ) ) ;
#4749 =( NAMED_UNIT ( * ) PLANE_ANGLE_UNIT ( ) SI_UNIT ( $, .RADIAN. ) );
#4750 = ORIENTED_EDGE ( 'NONE', *, *, #1314, .T. ) ;
#4751 = VERTEX_POINT ( 'NONE', #1923 ) ;
#4752 = CYLINDRICAL_SURFACE ( 'NONE', #4167, 1.599999999999999600 ) ;
#4753 = CARTESIAN_POINT ( 'NONE',  ( -3.109999999999998100, 1.124999999999999600, -3.675000000000001200 ) ) ;
#4754 = VECTOR ( 'NONE', #484, 1000.000000000000000 ) ;
#4755 = CARTESIAN_POINT ( 'NONE',  ( -0.3549999999999976500, 1.125000000000000000, -10.02500000000000000 ) ) ;
#4756 = CARTESIAN_POINT ( 'NONE',  ( 2.540000000000000500, 1.125000000000000400, -10.77500000000000200 ) ) ;
#4757 = EDGE_LOOP ( 'NONE', ( #5521, #1458, #4092, #4837 ) ) ;
#4758 = EDGE_LOOP ( 'NONE', ( #2579, #1545, #2537, #5733 ) ) ;
#4759 = CARTESIAN_POINT ( 'NONE',  ( -4.129999999999998100, 1.403215706815878600, -1.447963489625753200 ) ) ;
#4760 = VERTEX_POINT ( 'NONE', #5773 ) ;
#4761 = ORIENTED_EDGE ( 'NONE', *, *, #262, .F. ) ;
#4762 = VERTEX_POINT ( 'NONE', #500 ) ;
#4763 = CARTESIAN_POINT ( 'NONE',  ( 3.809999999999999200, 1.125000000000000700, -5.225000000000002300 ) ) ;
#4764 = ADVANCED_FACE ( 'NONE', ( #2563 ), #6194, .T. ) ;
#4765 = EDGE_CURVE ( 'NONE', #1524, #5618, #5947, .T. ) ;
#4766 = LINE ( 'NONE', #1775, #3108 ) ;
#4767 = VERTEX_POINT ( 'NONE', #385 ) ;
#4768 = DIRECTION ( 'NONE',  ( -9.537044630965832400E-017, 0.6540730207484939400, -0.7564314136317583600 ) ) ;
#4769 = DIRECTION ( 'NONE',  ( 1.000000000000000000, 1.355252715606880500E-016, 1.084202172485504400E-015 ) ) ;
#4770 = LINE ( 'NONE', #5865, #2735 ) ;
#4771 = DIRECTION ( 'NONE',  ( 0.0000000000000000000, -1.000000000000000000, -1.626303258728255900E-015 ) ) ;
#4772 =( GEOMETRIC_REPRESENTATION_CONTEXT ( 3 ) GLOBAL_UNCERTAINTY_ASSIGNED_CONTEXT ( ( #3577 ) ) GLOBAL_UNIT_ASSIGNED_CONTEXT ( ( #2479, #64, #4945 ) ) REPRESENTATION_CONTEXT ( 'NONE', 'WORKASPACE' ) );
#4773 = CARTESIAN_POINT ( 'NONE',  ( -5.205000000000001000, 1.824999999999999100, -11.47500000000000100 ) ) ;
#4774 = VERTEX_POINT ( 'NONE', #1373 ) ;
#4775 = CARTESIAN_POINT ( 'NONE',  ( -2.859999999999998100, 1.124999999999999600, -3.924999999999999800 ) ) ;
#4776 = CIRCLE ( 'NONE', #6, 0.3499999999999992000 ) ;
#4777 = DIRECTION ( 'NONE',  ( -0.01029357226245748000, -1.500906702538914700E-018, -0.9999470197815869500 ) ) ;
#4778 = EDGE_CURVE ( 'NONE', #2581, #6150, #976, .T. ) ;
#4779 = VERTEX_POINT ( 'NONE', #5619 ) ;
#4780 = VECTOR ( 'NONE', #3426, 1000.000000000000000 ) ;
#4781 = DIRECTION ( 'NONE',  ( 1.000000000000000000, 1.355252715606880500E-016, 1.084202172485504400E-015 ) ) ;
#4782 = VERTEX_POINT ( 'NONE', #4692 ) ;
#4783 = CARTESIAN_POINT ( 'NONE',  ( 4.760000000000002500, 1.125000000000000900, -6.625000000000000900 ) ) ;
#4784 = EDGE_CURVE ( 'NONE', #2248, #596, #3689, .T. ) ;
#4785 = DIRECTION ( 'NONE',  ( 1.458100904399333800E-016, -1.000000000000000000, -0.0000000000000000000 ) ) ;
#4786 = FACE_OUTER_BOUND ( 'NONE', #5802, .T. ) ;
#4787 = ORIENTED_EDGE ( 'NONE', *, *, #372, .F. ) ;
#4788 = DIRECTION ( 'NONE',  ( -1.458100904399333800E-016, 1.000000000000000000, -0.0000000000000000000 ) ) ;
#4789 = ORIENTED_EDGE ( 'NONE', *, *, #5171, .T. ) ;
#4790 = CARTESIAN_POINT ( 'NONE',  ( -4.510000000000003300, 1.124999999999999300, -3.924999999999999800 ) ) ;
#4791 = ADVANCED_FACE ( 'NONE', ( #1281 ), #4666, .F. ) ;
#4792 = DIRECTION ( 'NONE',  ( 1.000000000000000000, 1.458100904399333800E-016, 0.0000000000000000000 ) ) ;
#4793 =( GEOMETRIC_REPRESENTATION_CONTEXT ( 3 ) GLOBAL_UNCERTAINTY_ASSIGNED_CONTEXT ( ( #4889 ) ) GLOBAL_UNIT_ASSIGNED_CONTEXT ( ( #3397, #3952, #519 ) ) REPRESENTATION_CONTEXT ( 'NONE', 'WORKASPACE' ) );
#4794 = VECTOR ( 'NONE', #1284, 1000.000000000000000 ) ;
#4795 = CARTESIAN_POINT ( 'NONE',  ( 1.970000000000003100, 1.125000000000000400, -3.924999999999999800 ) ) ;
#4796 = ORIENTED_EDGE ( 'NONE', *, *, #3423, .F. ) ;
#4797 = DIRECTION ( 'NONE',  ( -1.606225440719265900E-016, -2.342038767781980200E-032, -1.000000000000000000 ) ) ;
#4798 = EDGE_CURVE ( 'NONE', #4226, #4573, #5869, .T. ) ;
#4799 = LINE ( 'NONE', #2868, #3984 ) ;
#4800 = FACE_OUTER_BOUND ( 'NONE', #6221, .T. ) ;
#4801 = EDGE_LOOP ( 'NONE', ( #6007, #3987, #1723, #2867 ) ) ;
#4802 = AXIS2_PLACEMENT_3D ( 'NONE', #5304, #4874, #4943 ) ;
#4803 = CARTESIAN_POINT ( 'NONE',  ( 3.490000000000002000, 1.403215706815879700, -1.447963489625753200 ) ) ;
#4804 = ORIENTED_EDGE ( 'NONE', *, *, #3198, .F. ) ;
#4805 = VECTOR ( 'NONE', #1044, 1000.000000000000000 ) ;
#4806 = CIRCLE ( 'NONE', #1471, 0.3499999999999992000 ) ;
#4807 = CARTESIAN_POINT ( 'NONE',  ( 5.204999999999999200, 2.168404344971010800E-016, -2.975000000000000100 ) ) ;
#4808 = LINE ( 'NONE', #549, #4645 ) ;
#4809 = CARTESIAN_POINT ( 'NONE',  ( -4.725000000000003200, 1.124999999999999300, -10.02499999999999700 ) ) ;
#4810 = EDGE_CURVE ( 'NONE', #3814, #6183, #5347, .T. ) ;
#4811 = ORIENTED_EDGE ( 'NONE', *, *, #3732, .F. ) ;
#4812 = CARTESIAN_POINT ( 'NONE',  ( 0.3199999999999974000, 1.125000000000000200, -3.924999999999999800 ) ) ;
#4813 = LINE ( 'NONE', #5105, #3532 ) ;
#4814 = LINE ( 'NONE', #2755, #3997 ) ;
#4815 = EDGE_CURVE ( 'NONE', #5123, #2048, #4367, .T. ) ;
#4816 = PLANE ( 'NONE',  #3585 ) ;
#4817 = DIRECTION ( 'NONE',  ( 1.458100904399333800E-016, -1.000000000000000000, 0.0000000000000000000 ) ) ;
#4818 = AXIS2_PLACEMENT_3D ( 'NONE', #1366, #2315, #2343 ) ;
#4819 = CARTESIAN_POINT ( 'NONE',  ( -2.859999999999998100, 1.124999999999999600, -3.924999999999999800 ) ) ;
#4820 = LINE ( 'NONE', #3386, #2634 ) ;
#4821 = ORIENTED_EDGE ( 'NONE', *, *, #3432, .T. ) ;
#4822 = LINE ( 'NONE', #1327, #4076 ) ;
#4823 = ORIENTED_EDGE ( 'NONE', *, *, #2551, .T. ) ;
#4824 = ORIENTED_EDGE ( 'NONE', *, *, #6026, .F. ) ;
#4825 = CARTESIAN_POINT ( 'NONE',  ( -3.489999999999996700, 1.403215706815878600, -1.447963489625753200 ) ) ;
#4826 = ORIENTED_EDGE ( 'NONE', *, *, #4376, .T. ) ;
#4827 =( NAMED_UNIT ( * ) PLANE_ANGLE_UNIT ( ) SI_UNIT ( $, .RADIAN. ) );
#4829 = EDGE_CURVE ( 'NONE', #914, #1604, #5643, .T. ) ;
#4828 = LINE ( 'NONE', #6056, #1593 ) ;
#4830 = ADVANCED_FACE ( 'NONE', ( #5132 ), #6106, .F. ) ;
#4831 = VECTOR ( 'NONE', #3937, 1000.000000000000000 ) ;
#4832 = VERTEX_POINT ( 'NONE', #5665 ) ;
#4833 = ORIENTED_EDGE ( 'NONE', *, *, #4060, .F. ) ;
#4834 = CARTESIAN_POINT ( 'NONE',  ( -4.160000000000000100, 1.524999999999999500, -5.225000000000002300 ) ) ;
#4835 = ORIENTED_EDGE ( 'NONE', *, *, #5750, .F. ) ;
#4836 = ORIENTED_EDGE ( 'NONE', *, *, #4960, .T. ) ;
#4837 = ORIENTED_EDGE ( 'NONE', *, *, #4071, .F. ) ;
#4838 = DIRECTION ( 'NONE',  ( -1.000000000000000000, -1.034584430772185200E-016, 4.235164736271504200E-017 ) ) ;
#4839 = CARTESIAN_POINT ( 'NONE',  ( 4.129999999999999900, 1.525000000000000600, -2.975000000000000100 ) ) ;
#4840 = EDGE_CURVE ( 'NONE', #4335, #232, #2405, .T. ) ;
#4841 = CARTESIAN_POINT ( 'NONE',  ( 0.5699999999999976200, 1.525000000000000100, -3.674999999999999400 ) ) ;
#4842 = VERTEX_POINT ( 'NONE', #6152 ) ;
#4843 = CARTESIAN_POINT ( 'NONE',  ( 1.970000000000003100, 1.125000000000000400, -3.924999999999999800 ) ) ;
#4844 = ORIENTED_EDGE ( 'NONE', *, *, #2123, .T. ) ;
#4845 = AXIS2_PLACEMENT_3D ( 'NONE', #2611, #2574, #2162 ) ;
#4846 = VECTOR ( 'NONE', #2033, 1000.000000000000100 ) ;
#4847 = SURFACE_STYLE_USAGE ( .BOTH. , #5395 ) ;
#4848 = CARTESIAN_POINT ( 'NONE',  ( 1.590000000000001200, 1.005000000000000300, -3.775000000000000400 ) ) ;
#4849 = ORIENTED_EDGE ( 'NONE', *, *, #3123, .F. ) ;
#4850 = VECTOR ( 'NONE', #5016, 1000.000000000000000 ) ;
#4851 = EDGE_CURVE ( 'NONE', #1764, #1592, #1358, .T. ) ;
#4852 = CARTESIAN_POINT ( 'NONE',  ( 1.590000000000001200, 1.100643141363176100, -1.709592697925149200 ) ) ;
#4853 = VECTOR ( 'NONE', #3886, 1000.000000000000000 ) ;
#4854 = AXIS2_PLACEMENT_3D ( 'NONE', #477, #5313, #3839 ) ;
#4855 = ADVANCED_FACE ( 'NONE', ( #7 ), #5798, .T. ) ;
#4856 = DIRECTION ( 'NONE',  ( -1.458100904399333800E-016, 1.000000000000000000, 0.0000000000000000000 ) ) ;
#4857 = VERTEX_POINT ( 'NONE', #5187 ) ;
#4858 = DIRECTION ( 'NONE',  ( -1.000000000000000000, -1.458100904399333800E-016, 0.0000000000000000000 ) ) ;
#4859 = ORIENTED_EDGE ( 'NONE', *, *, #2572, .T. ) ;
#4860 = CARTESIAN_POINT ( 'NONE',  ( 5.204999999999999200, 2.168404344971010800E-016, -11.47500000000000100 ) ) ;
#4861 = EDGE_CURVE ( 'NONE', #4268, #1425, #4822, .T. ) ;
#4862 = VERTEX_POINT ( 'NONE', #865 ) ;
#4863 = ORIENTED_EDGE ( 'NONE', *, *, #1489, .T. ) ;
#4864 = DIRECTION ( 'NONE',  ( -0.0000000000000000000, -0.0000000000000000000, 1.000000000000000000 ) ) ;
#4865 = VECTOR ( 'NONE', #2759, 1000.000000000000100 ) ;
#4866 = VERTEX_POINT ( 'NONE', #3281 ) ;
#4867 = CARTESIAN_POINT ( 'NONE',  ( -0.3199999999999974000, 1.125000000000000000, -3.924999999999999800 ) ) ;
#4868 = DIRECTION ( 'NONE',  ( 0.0000000000000000000, 0.0000000000000000000, 1.000000000000000000 ) ) ;
#4869 = DIRECTION ( 'NONE',  ( -1.458100904399333800E-016, 1.000000000000000000, 0.0000000000000000000 ) ) ;
#4870 = CARTESIAN_POINT ( 'NONE',  ( -3.490000000000000200, 0.4000000000000000800, 0.2249999999999995100 ) ) ;
#4871 = LINE ( 'NONE', #2098, #6005 ) ;
#4872 = DIRECTION ( 'NONE',  ( -1.239088197126290300E-016, -1.806715620860384200E-032, -1.000000000000000000 ) ) ;
#4873 = ORIENTED_EDGE ( 'NONE', *, *, #3877, .T. ) ;
#4874 = DIRECTION ( 'NONE',  ( 1.458100904399333800E-016, -1.000000000000000000, 0.0000000000000000000 ) ) ;
#4875 = AXIS2_PLACEMENT_3D ( 'NONE', #1410, #1870, #3371 ) ;
#4876 = CARTESIAN_POINT ( 'NONE',  ( 1.590000000000001200, 1.525000000000000400, -1.774999999999998800 ) ) ;
#4877 = LINE ( 'NONE', #1088, #5554 ) ;
#4878 = DIRECTION ( 'NONE',  ( 1.000000000000000000, 1.458100904399333800E-016, -0.0000000000000000000 ) ) ;
#4879 = LINE ( 'NONE', #5994, #1416 ) ;
#4880 = ORIENTED_EDGE ( 'NONE', *, *, #5108, .T. ) ;
#4881 = EDGE_CURVE ( 'NONE', #1059, #5953, #4975, .T. ) ;
#4882 = EDGE_CURVE ( 'NONE', #4534, #3731, #3393, .T. ) ;
#4883 = ORIENTED_EDGE ( 'NONE', *, *, #5257, .T. ) ;
#4884 = FACE_OUTER_BOUND ( 'NONE', #1582, .T. ) ;
#4885 = DIRECTION ( 'NONE',  ( 1.458100904399333800E-016, -1.000000000000000000, -0.0000000000000000000 ) ) ;
#4886 = AXIS2_PLACEMENT_3D ( 'NONE', #2914, #486, #24 ) ;
#4887 = LINE ( 'NONE', #573, #2849 ) ;
#4888 = ADVANCED_FACE ( 'NONE', ( #2780 ), #5699, .T. ) ;
#4889 = UNCERTAINTY_MEASURE_WITH_UNIT (LENGTH_MEASURE( 1.000000000000000100E-005 ), #3397, 'distance_accuracy_value', 'NONE');
#4890 = DIRECTION ( 'NONE',  ( -1.458100904399333800E-016, 1.000000000000000000, 0.0000000000000000000 ) ) ;
#4891 = AXIS2_PLACEMENT_3D ( 'NONE', #925, #4286, #3409 ) ;
#4892 = VECTOR ( 'NONE', #5282, 1000.000000000000000 ) ;
#4893 = DIRECTION ( 'NONE',  ( -1.458100904399333800E-016, 1.000000000000000000, -0.0000000000000000000 ) ) ;
#4894 = FACE_OUTER_BOUND ( 'NONE', #252, .T. ) ;
#4895 = VERTEX_POINT ( 'NONE', #499 ) ;
#4896 = EDGE_CURVE ( 'NONE', #5177, #2800, #3608, .T. ) ;
#4897 = CARTESIAN_POINT ( 'NONE',  ( -0.5699999999999976200, 1.524999999999999900, -3.674999999999999400 ) ) ;
#4898 = VERTEX_POINT ( 'NONE', #994 ) ;
#4899 = VECTOR ( 'NONE', #3701, 1000.000000000000000 ) ;
#4900 = ORIENTED_EDGE ( 'NONE', *, *, #3493, .F. ) ;
#4901 = DIRECTION ( 'NONE',  ( 0.0000000000000000000, -1.000000000000000000, 0.0000000000000000000 ) ) ;
#4902 = LINE ( 'NONE', #2401, #1653 ) ;
#4903 = EDGE_CURVE ( 'NONE', #1912, #1442, #5494, .T. ) ;
#4904 = SURFACE_SIDE_STYLE ('',( #3970 ) ) ;
#4905 = DIRECTION ( 'NONE',  ( 1.458100904399333800E-016, -1.000000000000000000, 0.0000000000000000000 ) ) ;
#4906 = ORIENTED_EDGE ( 'NONE', *, *, #46, .T. ) ;
#4907 = AXIS2_PLACEMENT_3D ( 'NONE', #3591, #2091, #1128 ) ;
#4908 = ORIENTED_EDGE ( 'NONE', *, *, #3750, .F. ) ;
#4909 = EDGE_LOOP ( 'NONE', ( #5377, #5152, #2409, #2640 ) ) ;
#4910 = CARTESIAN_POINT ( 'NONE',  ( -3.489999999999996700, 1.403215706815878600, -1.447963489625753200 ) ) ;
#4911 = FACE_OUTER_BOUND ( 'NONE', #4424, .T. ) ;
#4912 = VECTOR ( 'NONE', #5445, 1000.000000000000000 ) ;
#4913 = ORIENTED_EDGE ( 'NONE', *, *, #4173, .F. ) ;
#4914 = VERTEX_POINT ( 'NONE', #1014 ) ;
#4915 = CARTESIAN_POINT ( 'NONE',  ( 3.490000000000000200, 1.025000000000000600, -3.674999999999999400 ) ) ;
#4916 = CARTESIAN_POINT ( 'NONE',  ( -1.589999999999997600, 1.824999999999999700, -3.774999999999999000 ) ) ;
#4917 = AXIS2_PLACEMENT_3D ( 'NONE', #2198, #5092, #5541 ) ;
#4918 = ORIENTED_EDGE ( 'NONE', *, *, #3590, .F. ) ;
#4919 = ORIENTED_EDGE ( 'NONE', *, *, #1694, .F. ) ;
#4920 = ORIENTED_EDGE ( 'NONE', *, *, #1562, .F. ) ;
#4921 = DIRECTION ( 'NONE',  ( 1.000000000000000000, 1.458100904399333800E-016, 0.0000000000000000000 ) ) ;
#4922 = LINE ( 'NONE', #5050, #3636 ) ;
#4923 = DIRECTION ( 'NONE',  ( 1.000000000000000000, 1.034584430772185600E-016, 4.235164736271499200E-017 ) ) ;
#4924 = DIRECTION ( 'NONE',  ( -1.458100904399333800E-016, 1.000000000000000000, 0.0000000000000000000 ) ) ;
#4925 = ORIENTED_EDGE ( 'NONE', *, *, #742, .F. ) ;
#4926 = CARTESIAN_POINT ( 'NONE',  ( -1.589999999999997600, 1.403215706815879000, -1.447963489625751400 ) ) ;
#4927 = DIRECTION ( 'NONE',  ( -1.458100904399333800E-016, 1.000000000000000000, 0.0000000000000000000 ) ) ;
#4929 = EDGE_CURVE ( 'NONE', #4742, #4459, #900, .T. ) ;
#4928 = VECTOR ( 'NONE', #3961, 1000.000000000000000 ) ;
#4930 = DIRECTION ( 'NONE',  ( 1.458100904399333800E-016, -1.000000000000000000, -0.0000000000000000000 ) ) ;
#4931 = AXIS2_PLACEMENT_3D ( 'NONE', #62, #1005, #4901 ) ;
#4932 = ORIENTED_EDGE ( 'NONE', *, *, #1023, .T. ) ;
#4933 = CARTESIAN_POINT ( 'NONE',  ( -4.129999999999998100, 1.124999999999999600, -1.775000000000000600 ) ) ;
#4934 = VECTOR ( 'NONE', #1690, 1000.000000000000000 ) ;
#4935 = DIRECTION ( 'NONE',  ( 1.458100904399333800E-016, -1.000000000000000000, 0.0000000000000000000 ) ) ;
#4936 = EDGE_CURVE ( 'NONE', #1967, #395, #1125, .T. ) ;
#4937 = DIRECTION ( 'NONE',  ( -4.565061778886334000E-016, -6.656320708432995900E-032, -1.000000000000000000 ) ) ;
#4938 = ORIENTED_EDGE ( 'NONE', *, *, #3978, .T. ) ;
#4939 = ORIENTED_EDGE ( 'NONE', *, *, #2523, .T. ) ;
#4940 = DIRECTION ( 'NONE',  ( 1.458100904399333800E-016, -1.000000000000000000, 0.0000000000000000000 ) ) ;
#4941 = EDGE_CURVE ( 'NONE', #388, #2469, #2101, .T. ) ;
#4942 = AXIS2_PLACEMENT_3D ( 'NONE', #5296, #521, #3883 ) ;
#4943 = DIRECTION ( 'NONE',  ( -1.000000000000000000, -1.458100904399333800E-016, 0.0000000000000000000 ) ) ;
#4944 = PRESENTATION_STYLE_ASSIGNMENT (( #1573 ) ) ;
#4945 =( NAMED_UNIT ( * ) SI_UNIT ( $, .STERADIAN. ) SOLID_ANGLE_UNIT ( ) );
#4946 = ORIENTED_EDGE ( 'NONE', *, *, #1685, .T. ) ;
#4947 = CARTESIAN_POINT ( 'NONE',  ( 1.619999999999999900, 1.525000000000000400, -5.225000000000002300 ) ) ;
#4948 = ORIENTED_EDGE ( 'NONE', *, *, #5579, .F. ) ;
#4949 = CARTESIAN_POINT ( 'NONE',  ( 0.9500000000000011800, 8.673617379884037400E-016, 0.2250000000000012500 ) ) ;
#4950 = DIRECTION ( 'NONE',  ( 1.000000000000000000, 1.458100904399333800E-016, 0.0000000000000000000 ) ) ;
#4951 = EDGE_CURVE ( 'NONE', #1425, #1117, #4662, .T. ) ;
#4952 = FACE_OUTER_BOUND ( 'NONE', #1435, .T. ) ;
#4953 = ORIENTED_EDGE ( 'NONE', *, *, #3802, .T. ) ;
#4954 = CARTESIAN_POINT ( 'NONE',  ( 5.080000000000001000, 1.125000000000000900, -2.975000000000000100 ) ) ;
#4955 = LINE ( 'NONE', #209, #1563 ) ;
#4956 = CARTESIAN_POINT ( 'NONE',  ( -1.970000000000003100, 1.124999999999999800, -3.924999999999999800 ) ) ;
#4957 = LINE ( 'NONE', #3842, #3521 ) ;
#4958 = ORIENTED_EDGE ( 'NONE', *, *, #3963, .T. ) ;
#4959 = CARTESIAN_POINT ( 'NONE',  ( -1.589999999999997600, 1.024999999999999700, -1.775000000000000600 ) ) ;
#4960 = EDGE_CURVE ( 'NONE', #4085, #5404, #5202, .T. ) ;
#4961 = LINE ( 'NONE', #1413, #1640 ) ;
#4962 = VECTOR ( 'NONE', #3390, 1000.000000000000000 ) ;
#4963 = LINE ( 'NONE', #5678, #1875 ) ;
#4964 = CARTESIAN_POINT ( 'NONE',  ( 3.490000000000000200, 1.005000000000000600, -2.975000000000000100 ) ) ;
#4965 = DIRECTION ( 'NONE',  ( 1.000000000000000000, 1.458100904399333800E-016, 0.0000000000000000000 ) ) ;
#4966 = ORIENTED_EDGE ( 'NONE', *, *, #6208, .F. ) ;
#4967 = VECTOR ( 'NONE', #3540, 1000.000000000000000 ) ;
#4968 = VECTOR ( 'NONE', #2772, 1000.000000000000000 ) ;
#4969 = DIRECTION ( 'NONE',  ( 1.458100904399333800E-016, -1.000000000000000000, 0.0000000000000000000 ) ) ;
#4970 = CARTESIAN_POINT ( 'NONE',  ( 2.894999999999998200, 1.125000000000000400, -10.02500000000000000 ) ) ;
#4971 = AXIS2_PLACEMENT_3D ( 'NONE', #3146, #5614, #3639 ) ;
#4972 = DIRECTION ( 'NONE',  ( 1.000000000000000000, 1.458100904399333800E-016, 0.0000000000000000000 ) ) ;
#4973 = CIRCLE ( 'NONE', #2952, 0.5000000000000000000 ) ;
#4974 = VERTEX_POINT ( 'NONE', #2888 ) ;
#4975 = LINE ( 'NONE', #3767, #2320 ) ;
#4976 = ORIENTED_EDGE ( 'NONE', *, *, #3604, .T. ) ;
#4977 = DIRECTION ( 'NONE',  ( 0.01745240643728364300, 2.544736961014803800E-018, -0.9998476951563911600 ) ) ;
#4978 = AXIS2_PLACEMENT_3D ( 'NONE', #5270, #5332, #3866 ) ;
#4979 = ORIENTED_EDGE ( 'NONE', *, *, #4555, .F. ) ;
#4980 = VERTEX_POINT ( 'NONE', #3399 ) ;
#4981 = CYLINDRICAL_SURFACE ( 'NONE', #6217, 0.3499999999999992000 ) ;
#4982 = LINE ( 'NONE', #3823, #5736 ) ;
#4983 = DIRECTION ( 'NONE',  ( 1.458100904399333800E-016, -1.000000000000000000, -0.0000000000000000000 ) ) ;
#4984 = ORIENTED_EDGE ( 'NONE', *, *, #3059, .F. ) ;
#4985 = ORIENTED_EDGE ( 'NONE', *, *, #3456, .F. ) ;
#4986 = CARTESIAN_POINT ( 'NONE',  ( -4.129999999999998100, 1.024999999999999500, -1.775000000000000600 ) ) ;
#4987 = ORIENTED_EDGE ( 'NONE', *, *, #285, .F. ) ;
#4988 = EDGE_CURVE ( 'NONE', #668, #4121, #832, .T. ) ;
#4989 = CARTESIAN_POINT ( 'NONE',  ( 2.859999999999996300, 1.125000000000000400, -3.924999999999999800 ) ) ;
#4990 = CARTESIAN_POINT ( 'NONE',  ( -2.219999999999999800, 1.524999999999999700, -10.77500000000000200 ) ) ;
#4991 = CARTESIAN_POINT ( 'NONE',  ( 3.490000000000000200, 1.100643141363176300, -1.709592697925149200 ) ) ;
#4992 = EDGE_LOOP ( 'NONE', ( #3106, #4156, #2758, #5161 ) ) ;
#4993 = ORIENTED_EDGE ( 'NONE', *, *, #5767, .F. ) ;
#4994 = CARTESIAN_POINT ( 'NONE',  ( -1.589999999999997600, 1.124999999999999800, -10.77500000000000200 ) ) ;
#4995 = ADVANCED_FACE ( 'NONE', ( #78 ), #4343, .F. ) ;
#4996 = CARTESIAN_POINT ( 'NONE',  ( 1.590000000000001200, 1.125000000000000400, -3.775000000000000400 ) ) ;
#4997 = EDGE_LOOP ( 'NONE', ( #2683, #5610, #850, #3748, #5350, #4979 ) ) ;
#4998 = DIRECTION ( 'NONE',  ( 1.000000000000000000, 0.0000000000000000000, 0.0000000000000000000 ) ) ;
#4999 = DIRECTION ( 'NONE',  ( 1.000000000000000000, 1.458100904399333800E-016, 0.0000000000000000000 ) ) ;
#5000 = VERTEX_POINT ( 'NONE', #5312 ) ;
#5001 = LINE ( 'NONE', #4753, #1306 ) ;
#5002 = ADVANCED_FACE ( 'NONE', ( #4894 ), #1051, .F. ) ;
#5003 = CARTESIAN_POINT ( 'NONE',  ( -4.129999999999998100, 1.100643141363175200, -1.709592697925149200 ) ) ;
#5004 = CARTESIAN_POINT ( 'NONE',  ( 3.490000000000000200, 0.4243568586368256500, -0.3159192701184133100 ) ) ;
#5005 = AXIS2_PLACEMENT_3D ( 'NONE', #624, #4935, #3537 ) ;
#5006 = FACE_OUTER_BOUND ( 'NONE', #5437, .T. ) ;
#5007 = CARTESIAN_POINT ( 'NONE',  ( 1.590000000000001200, 1.825000000000000200, -3.775000000000000400 ) ) ;
#5008 = LINE ( 'NONE', #846, #3955 ) ;
#5009 = DIRECTION ( 'NONE',  ( -1.458100904399333800E-016, 1.000000000000000000, 0.0000000000000000000 ) ) ;
#5010 = EDGE_CURVE ( 'NONE', #5911, #1132, #3465, .T. ) ;
#5011 = FILL_AREA_STYLE_COLOUR ( '', #5409 ) ;
#5012 = VECTOR ( 'NONE', #5335, 1000.000000000000100 ) ;
#5013 = DIRECTION ( 'NONE',  ( 1.000000000000000000, 1.458100904399333800E-016, 0.0000000000000000000 ) ) ;
#5014 = DIRECTION ( 'NONE',  ( 1.000000000000000000, 1.458100904399332600E-016, 0.0000000000000000000 ) ) ;
#5015 = ORIENTED_EDGE ( 'NONE', *, *, #5687, .T. ) ;
#5016 = DIRECTION ( 'NONE',  ( -0.0000000000000000000, -0.0000000000000000000, 1.000000000000000000 ) ) ;
#5017 = EDGE_LOOP ( 'NONE', ( #609, #1898, #5214, #1229 ) ) ;
#5018 = DIRECTION ( 'NONE',  ( -1.000000000000000000, -1.458100904399333800E-016, 0.0000000000000000000 ) ) ;
#5019 = AXIS2_PLACEMENT_3D ( 'NONE', #5339, #504, #37 ) ;
#5020 = CARTESIAN_POINT ( 'NONE',  ( -4.760000000000004200, 1.124999999999999300, -3.924999999999999800 ) ) ;
#5021 = LINE ( 'NONE', #2345, #3737 ) ;
#5022 = EDGE_LOOP ( 'NONE', ( #4584, #3183, #1904, #5877 ) ) ;
#5023 = ORIENTED_EDGE ( 'NONE', *, *, #59, .T. ) ;
#5024 = EDGE_CURVE ( 'NONE', #5871, #2011, #1199, .T. ) ;
#5025 = DIRECTION ( 'NONE',  ( 0.0000000000000000000, 0.0000000000000000000, -1.000000000000000000 ) ) ;
#5026 = DIRECTION ( 'NONE',  ( 1.458100904399333800E-016, -1.000000000000000000, -0.0000000000000000000 ) ) ;
#5027 = ADVANCED_FACE ( 'NONE', ( #1048 ), #2486, .F. ) ;
#5028 = DIRECTION ( 'NONE',  ( 1.458100904399333800E-016, -1.000000000000000000, 0.0000000000000000000 ) ) ;
#5029 = VECTOR ( 'NONE', #2233, 1000.000000000000000 ) ;
#5030 = EDGE_CURVE ( 'NONE', #921, #5899, #2931, .T. ) ;
#5031 = AXIS2_PLACEMENT_3D ( 'NONE', #5429, #4473, #721 ) ;
#5032 = VERTEX_POINT ( 'NONE', #4848 ) ;
#5033 = DIRECTION ( 'NONE',  ( 0.0000000000000000000, -1.000000000000000000, 0.0000000000000000000 ) ) ;
#5034 = DIRECTION ( 'NONE',  ( 1.000000000000000000, 1.458100904399333800E-016, -0.0000000000000000000 ) ) ;
#5035 = FACE_OUTER_BOUND ( 'NONE', #3670, .T. ) ;
#5036 = ADVANCED_FACE ( 'NONE', ( #3919 ), #2425, .T. ) ;
#5037 = ORIENTED_EDGE ( 'NONE', *, *, #6127, .T. ) ;
#5038 = EDGE_CURVE ( 'NONE', #910, #2659, #4005, .T. ) ;
#5039 = DIRECTION ( 'NONE',  ( -1.458100904399333800E-016, 1.000000000000000000, 0.0000000000000000000 ) ) ;
#5040 = CIRCLE ( 'NONE', #4469, 1.599999999999999900 ) ;
#5041 = DIRECTION ( 'NONE',  ( -1.458100904399333800E-016, 1.000000000000000000, 0.0000000000000000000 ) ) ;
#5042 = EDGE_LOOP ( 'NONE', ( #4553, #5104, #6203, #2943 ) ) ;
#5043 = DIRECTION ( 'NONE',  ( -1.458100904399333800E-016, 1.000000000000000000, -0.0000000000000000000 ) ) ;
#5044 = CARTESIAN_POINT ( 'NONE',  ( -4.129999999999998100, -2.168404344971006200E-016, -0.2505119680435638500 ) ) ;
#5045 = FACE_OUTER_BOUND ( 'NONE', #3775, .T. ) ;
#5046 = LINE ( 'NONE', #2717, #3602 ) ;
#5047 = DIRECTION ( 'NONE',  ( -3.212450881438531300E-016, -4.684077535563959900E-032, 1.000000000000000000 ) ) ;
#5048 = EDGE_CURVE ( 'NONE', #2950, #5578, #2712, .T. ) ;
#5049 = VECTOR ( 'NONE', #3960, 1000.000000000000000 ) ;
#5050 = CARTESIAN_POINT ( 'NONE',  ( 2.220000000000003300, 1.125000000000000400, -3.775000000000000400 ) ) ;
#5051 = AXIS2_PLACEMENT_3D ( 'NONE', #4078, #2104, #3098 ) ;
#5052 = FACE_OUTER_BOUND ( 'NONE', #607, .T. ) ;
#5053 = DIRECTION ( 'NONE',  ( 1.501062806046814100E-015, -1.000000000000000000, 4.379057701015053300E-047 ) ) ;
#5054 = ORIENTED_EDGE ( 'NONE', *, *, #5479, .T. ) ;
#5055 = ORIENTED_EDGE ( 'NONE', *, *, #2626, .T. ) ;
#5056 = PLANE ( 'NONE',  #937 ) ;
#5057 = LINE ( 'NONE', #272, #4150 ) ;
#5058 = ORIENTED_EDGE ( 'NONE', *, *, #4630, .T. ) ;
#5059 = FACE_OUTER_BOUND ( 'NONE', #1587, .T. ) ;
#5060 = CARTESIAN_POINT ( 'NONE',  ( 1.590000000000001200, 1.525000000000000400, -2.975000000000000100 ) ) ;
#5061 = ORIENTED_EDGE ( 'NONE', *, *, #4540, .T. ) ;
#5062 = EDGE_CURVE ( 'NONE', #4914, #3288, #1433, .T. ) ;
#5063 = DIRECTION ( 'NONE',  ( 1.458100904399333800E-016, -1.000000000000000000, -0.0000000000000000000 ) ) ;
#5064 = DIRECTION ( 'NONE',  ( 1.000000000000000000, 1.458100904399333800E-016, -0.0000000000000000000 ) ) ;
#5065 = VERTEX_POINT ( 'NONE', #582 ) ;
#5066 = DIRECTION ( 'NONE',  ( 1.501062806046814100E-015, -1.000000000000000000, 4.379057701015053300E-047 ) ) ;
#5067 = ORIENTED_EDGE ( 'NONE', *, *, #2924, .T. ) ;
#5068 = VECTOR ( 'NONE', #1550, 1000.000000000000000 ) ;
#5069 = ADVANCED_FACE ( 'NONE', ( #5052 ), #1642, .T. ) ;
#5070 = CARTESIAN_POINT ( 'NONE',  ( -2.859999999999998100, 1.124999999999999600, -10.77500000000000200 ) ) ;
#5071 = ORIENTED_EDGE ( 'NONE', *, *, #165, .T. ) ;
#5072 = AXIS2_PLACEMENT_3D ( 'NONE', #2269, #3264, #363 ) ;
#5073 = VERTEX_POINT ( 'NONE', #1625 ) ;
#5074 = DIRECTION ( 'NONE',  ( -1.000000000000000000, -1.458100904399333800E-016, 0.0000000000000000000 ) ) ;
#5075 = CARTESIAN_POINT ( 'NONE',  ( -1.589999999999997600, 4.336808689942019700E-016, -0.2505119680435621300 ) ) ;
#5076 = ORIENTED_EDGE ( 'NONE', *, *, #88, .F. ) ;
#5077 = EDGE_LOOP ( 'NONE', ( #1468, #6178, #5672, #3197 ) ) ;
#5078 = ORIENTED_EDGE ( 'NONE', *, *, #6009, .T. ) ;
#5079 = DIRECTION ( 'NONE',  ( 1.102953328332533500E-016, -0.7564314136317584800, -0.6540730207484939400 ) ) ;
#5080 = EDGE_CURVE ( 'NONE', #1206, #1764, #1879, .T. ) ;
#5081 = CIRCLE ( 'NONE', #5330, 0.2000000000000000900 ) ;
#5082 = PLANE ( 'NONE',  #1998 ) ;
#5083 = ORIENTED_EDGE ( 'NONE', *, *, #5479, .F. ) ;
#5084 = CARTESIAN_POINT ( 'NONE',  ( -1.589999999999997600, 4.336808689942019700E-016, 0.4250000000000017700 ) ) ;
#5085 = CIRCLE ( 'NONE', #1414, 0.2500000000000000600 ) ;
#5086 = DIRECTION ( 'NONE',  ( 1.458100904399333800E-016, -1.000000000000000000, -0.0000000000000000000 ) ) ;
#5087 = DIRECTION ( 'NONE',  ( -1.000000000000000000, -2.465190328815661900E-032, -0.0000000000000000000 ) ) ;
#5088 = CARTESIAN_POINT ( 'NONE',  ( 1.590000000000001200, 1.005000000000000300, -11.07499999999999900 ) ) ;
#5089 = EDGE_LOOP ( 'NONE', ( #3923, #2392, #555, #5838 ) ) ;
#5090 = DIRECTION ( 'NONE',  ( -1.458100904399333800E-016, 1.000000000000000000, 2.736911063134407700E-048 ) ) ;
#5091 = LINE ( 'NONE', #4546, #2520 ) ;
#5092 = DIRECTION ( 'NONE',  ( 1.000000000000000000, 1.458100904399333800E-016, 0.0000000000000000000 ) ) ;
#5093 = AXIS2_PLACEMENT_3D ( 'NONE', #2167, #2697, #5540 ) ;
#5094 = CARTESIAN_POINT ( 'NONE',  ( -4.097131737053301100, 1.124999999999999600, -8.829774775735726800 ) ) ;
#5095 = ORIENTED_EDGE ( 'NONE', *, *, #2379, .F. ) ;
#5096 = DIRECTION ( 'NONE',  ( 1.458100904399333800E-016, -1.000000000000000000, -0.0000000000000000000 ) ) ;
#5097 = ORIENTED_EDGE ( 'NONE', *, *, #4567, .T. ) ;
#5098 = DIRECTION ( 'NONE',  ( 1.000000000000000000, 0.0000000000000000000, 0.0000000000000000000 ) ) ;
#5099 = ADVANCED_FACE ( 'NONE', ( #5343 ), #3562, .F. ) ;
#5100 = AXIS2_PLACEMENT_3D ( 'NONE', #2691, #2734, #820 ) ;
#5101 = CARTESIAN_POINT ( 'NONE',  ( -2.859999999999998100, 1.124999999999999600, -3.924999999999999800 ) ) ;
#5102 = LINE ( 'NONE', #4065, #3812 ) ;
#5103 = ORIENTED_EDGE ( 'NONE', *, *, #351, .T. ) ;
#5104 = ORIENTED_EDGE ( 'NONE', *, *, #5924, .F. ) ;
#5105 = CARTESIAN_POINT ( 'NONE',  ( 5.204999999999999200, 1.005000000000001000, -3.775000000000000400 ) ) ;
#5106 = FACE_OUTER_BOUND ( 'NONE', #1286, .T. ) ;
#5107 = ORIENTED_EDGE ( 'NONE', *, *, #6018, .T. ) ;
#5108 = EDGE_CURVE ( 'NONE', #3338, #1003, #757, .T. ) ;
#5109 = CYLINDRICAL_SURFACE ( 'NONE', #1207, 0.3499999999999992000 ) ;
#5110 = VECTOR ( 'NONE', #3572, 1000.000000000000000 ) ;
#5111 = ORIENTED_EDGE ( 'NONE', *, *, #1190, .T. ) ;
#5112 = CARTESIAN_POINT ( 'NONE',  ( -1.589999999999997600, 1.644999999999999800, -2.975000000000000100 ) ) ;
#5113 = CARTESIAN_POINT ( 'NONE',  ( 1.619946693304737100, 1.125000000000000400, -5.231108342253052400 ) ) ;
#5114 = FACE_OUTER_BOUND ( 'NONE', #986, .T. ) ;
#5115 = FACE_OUTER_BOUND ( 'NONE', #4468, .T. ) ;
#5116 = CARTESIAN_POINT ( 'NONE',  ( 0.5500000000000001600, 0.6049999999999990900, -11.47500000000000100 ) ) ;
#5117 = EDGE_CURVE ( 'NONE', #5204, #2533, #1799, .T. ) ;
#5118 = LINE ( 'NONE', #3490, #2236 ) ;
#5119 = ADVANCED_FACE ( 'NONE', ( #4145 ), #6099, .T. ) ;
#5120 = CARTESIAN_POINT ( 'NONE',  ( -3.929999999999999300, 0.4000000000000000800, 0.4250000000000000400 ) ) ;
#5121 = CARTESIAN_POINT ( 'NONE',  ( 2.540000000000000500, 1.125000000000000400, -10.77500000000000200 ) ) ;
#5122 = DIRECTION ( 'NONE',  ( 1.458100904399333800E-016, -1.000000000000000000, -0.0000000000000000000 ) ) ;
#5123 = VERTEX_POINT ( 'NONE', #3991 ) ;
#5124 = VECTOR ( 'NONE', #1833, 1000.000000000000000 ) ;
#5125 = CARTESIAN_POINT ( 'NONE',  ( 3.490000000000000200, 0.4000000000000011300, -0.2505119680435638500 ) ) ;
#5126 = LINE ( 'NONE', #4131, #5269 ) ;
#5127 = AXIS2_PLACEMENT_3D ( 'NONE', #4034, #1624, #4998 ) ;
#5128 = ADVANCED_FACE ( 'NONE', ( #3310 ), #4052, .T. ) ;
#5129 = VECTOR ( 'NONE', #2750, 1000.000000000000000 ) ;
#5130 = ORIENTED_EDGE ( 'NONE', *, *, #1980, .F. ) ;
#5131 = DIRECTION ( 'NONE',  ( 0.0000000000000000000, -1.000000000000000000, 0.0000000000000000000 ) ) ;
#5132 = FACE_OUTER_BOUND ( 'NONE', #1737, .T. ) ;
#5133 = CARTESIAN_POINT ( 'NONE',  ( 0.9500000000000011800, 1.645000000000000200, -2.975000000000000100 ) ) ;
#5134 = EDGE_CURVE ( 'NONE', #4452, #2533, #4069, .T. ) ;
#5135 = VERTEX_POINT ( 'NONE', #5937 ) ;
#5136 = ORIENTED_EDGE ( 'NONE', *, *, #4456, .F. ) ;
#5137 = DIRECTION ( 'NONE',  ( -1.000000000000000000, -2.710505431213759600E-016, 0.0000000000000000000 ) ) ;
#5138 = AXIS2_PLACEMENT_3D ( 'NONE', #4454, #4856, #1083 ) ;
#5139 = ORIENTED_EDGE ( 'NONE', *, *, #2144, .T. ) ;
#5140 = LINE ( 'NONE', #5756, #2193 ) ;
#5141 = DIRECTION ( 'NONE',  ( 1.000000000000000000, 1.458100904399333800E-016, -0.0000000000000000000 ) ) ;
#5142 = FACE_OUTER_BOUND ( 'NONE', #5284, .T. ) ;
#5143 = ORIENTED_EDGE ( 'NONE', *, *, #4244, .T. ) ;
#5144 = CARTESIAN_POINT ( 'NONE',  ( 3.490000000000000200, 1.525000000000000600, -10.77500000000000200 ) ) ;
#5145 = VERTEX_POINT ( 'NONE', #3047 ) ;
#5146 = ORIENTED_EDGE ( 'NONE', *, *, #2958, .F. ) ;
#5147 = ORIENTED_EDGE ( 'NONE', *, *, #1574, .F. ) ;
#5148 = EDGE_CURVE ( 'NONE', #5810, #1071, #3153, .T. ) ;
#5149 = CARTESIAN_POINT ( 'NONE',  ( 3.809999999999999200, 1.125000000000000700, -5.225000000000002300 ) ) ;
#5150 = CARTESIAN_POINT ( 'NONE',  ( -0.9499999999999995100, 0.4000000000000005200, 0.2250000000000012500 ) ) ;
#5151 = DIRECTION ( 'NONE',  ( 0.01745240643728364300, 2.544736961014803800E-018, -0.9998476951563911600 ) ) ;
#5152 = ORIENTED_EDGE ( 'NONE', *, *, #5171, .F. ) ;
#5153 = EDGE_LOOP ( 'NONE', ( #3651, #3099, #133, #1438 ) ) ;
#5154 = DIRECTION ( 'NONE',  ( -9.537044630965832400E-017, 0.6540730207484939400, -0.7564314136317583600 ) ) ;
#5155 = EDGE_CURVE ( 'NONE', #4832, #3583, #1499, .T. ) ;
#5156 = AXIS2_PLACEMENT_3D ( 'NONE', #1340, #3318, #5179 ) ;
#5157 = ORIENTED_EDGE ( 'NONE', *, *, #1701, .F. ) ;
#5158 = CARTESIAN_POINT ( 'NONE',  ( 0.9500000000000011800, 1.525000000000000100, -3.674999999999999400 ) ) ;
#5159 = ADVANCED_FACE ( 'NONE', ( #2028 ), #605, .T. ) ;
#5160 = CARTESIAN_POINT ( 'NONE',  ( 1.590000000000001200, 1.645000000000000200, -3.775000000000000400 ) ) ;
#5161 = ORIENTED_EDGE ( 'NONE', *, *, #5228, .F. ) ;
#5162 = EDGE_CURVE ( 'NONE', #1117, #270, #5570, .T. ) ;
#5163 = CARTESIAN_POINT ( 'NONE',  ( -1.990000000000002200, 1.324999999999999700, -11.47500000000000100 ) ) ;
#5164 = ORIENTED_EDGE ( 'NONE', *, *, #5248, .T. ) ;
#5165 = VECTOR ( 'NONE', #5553, 1000.000000000000000 ) ;
#5166 = DIRECTION ( 'NONE',  ( -1.458100904399333800E-016, 1.000000000000000000, 0.0000000000000000000 ) ) ;
#5167 = DIRECTION ( 'NONE',  ( 4.320902962630624700E-017, -0.7071067811865460200, -0.7071067811865490200 ) ) ;
#5168 = DIRECTION ( 'NONE',  ( 0.0000000000000000000, 0.0000000000000000000, -1.000000000000000000 ) ) ;
#5169 = LINE ( 'NONE', #3544, #3728 ) ;
#5170 = EDGE_LOOP ( 'NONE', ( #3242, #5967, #3436, #1821 ) ) ;
#5171 = EDGE_CURVE ( 'NONE', #3260, #2980, #4507, .T. ) ;
#5172 = DIRECTION ( 'NONE',  ( -1.458100904399333800E-016, 1.000000000000000000, 0.0000000000000000000 ) ) ;
#5173 = AXIS2_PLACEMENT_3D ( 'NONE', #2131, #241, #2061 ) ;
#5174 = CARTESIAN_POINT ( 'NONE',  ( -4.129999999999998100, 1.100643141363175200, -1.709592697925149200 ) ) ;
#5175 = VECTOR ( 'NONE', #5890, 1000.000000000000000 ) ;
#5176 = ORIENTED_EDGE ( 'NONE', *, *, #1596, .F. ) ;
#5177 = VERTEX_POINT ( 'NONE', #2189 ) ;
#5178 = DIRECTION ( 'NONE',  ( 1.000000000000000000, 1.458100904399333800E-016, 0.0000000000000000000 ) ) ;
#5179 = DIRECTION ( 'NONE',  ( -1.000000000000000000, -6.110679571450340000E-017, 0.0000000000000000000 ) ) ;
#5180 = DIRECTION ( 'NONE',  ( 1.000000000000000000, 1.458100904399333800E-016, 0.0000000000000000000 ) ) ;
#5181 = ORIENTED_EDGE ( 'NONE', *, *, #5462, .F. ) ;
#5182 = EDGE_CURVE ( 'NONE', #4974, #5731, #5199, .T. ) ;
#5183 = DIRECTION ( 'NONE',  ( -1.458100904399333800E-016, 1.000000000000000000, -0.0000000000000000000 ) ) ;
#5184 = ADVANCED_FACE ( 'NONE', ( #3911 ), #279, .F. ) ;
#5185 = CARTESIAN_POINT ( 'NONE',  ( 5.204999999999999200, 1.325000000000000800, -11.47500000000000100 ) ) ;
#5186 = LINE ( 'NONE', #129, #3747 ) ;
#5187 = CARTESIAN_POINT ( 'NONE',  ( 1.970000000000003100, 1.125000000000000400, -3.674999999999999400 ) ) ;
#5188 = CARTESIAN_POINT ( 'NONE',  ( 3.490000000000000200, 1.645000000000000500, -2.975000000000000100 ) ) ;
#5189 = VERTEX_POINT ( 'NONE', #3178 ) ;
#5190 = CARTESIAN_POINT ( 'NONE',  ( -4.129999999999998100, 1.124999999999999600, -2.975000000000000100 ) ) ;
#5191 = VECTOR ( 'NONE', #5751, 1000.000000000000100 ) ;
#5192 = VECTOR ( 'NONE', #338, 1000.000000000000000 ) ;
#5193 = ORIENTED_EDGE ( 'NONE', *, *, #3156, .F. ) ;
#5194 = PLANE ( 'NONE',  #4533 ) ;
#5195 = EDGE_CURVE ( 'NONE', #463, #615, #4434, .T. ) ;
#5196 = ORIENTED_EDGE ( 'NONE', *, *, #3642, .T. ) ;
#5197 = LINE ( 'NONE', #5537, #3910 ) ;
#5198 = DIRECTION ( 'NONE',  ( 1.000000000000000000, 1.458100904399333800E-016, -4.565061778886334000E-016 ) ) ;
#5199 = CIRCLE ( 'NONE', #5387, 0.3499999999999992000 ) ;
#5200 = CARTESIAN_POINT ( 'NONE',  ( 3.690000000000000400, 0.4000000000000011300, 0.2250000000000012500 ) ) ;
#5201 = CARTESIAN_POINT ( 'NONE',  ( -4.760000000000004200, 1.124999999999999300, -3.924999999999999800 ) ) ;
#5202 = LINE ( 'NONE', #5852, #6024 ) ;
#5203 = DIRECTION ( 'NONE',  ( -9.537044630965836100E-017, 0.6540730207484941600, -0.7564314136317582500 ) ) ;
#5204 = VERTEX_POINT ( 'NONE', #4607 ) ;
#5205 = DIRECTION ( 'NONE',  ( -1.000000000000000000, -1.458100904399333800E-016, -0.0000000000000000000 ) ) ;
#5206 = DIRECTION ( 'NONE',  ( 1.458100904399333800E-016, -1.000000000000000000, -0.0000000000000000000 ) ) ;
#5207 = ORIENTED_EDGE ( 'NONE', *, *, #4339, .F. ) ;
#5208 = ORIENTED_EDGE ( 'NONE', *, *, #625, .T. ) ;
#5209 = VECTOR ( 'NONE', #5242, 1000.000000000000000 ) ;
#5210 = VERTEX_POINT ( 'NONE', #6003 ) ;
#5211 = AXIS2_PLACEMENT_3D ( 'NONE', #637, #188, #126 ) ;
#5212 = LINE ( 'NONE', #2378, #2644 ) ;
#5213 = ORIENTED_EDGE ( 'NONE', *, *, #304, .F. ) ;
#5214 = ORIENTED_EDGE ( 'NONE', *, *, #4151, .F. ) ;
#5215 = CARTESIAN_POINT ( 'NONE',  ( 2.220000000000003300, 1.125000000000000400, -3.924999999999999800 ) ) ;
#5216 = VERTEX_POINT ( 'NONE', #1703 ) ;
#5217 = CARTESIAN_POINT ( 'NONE',  ( 0.9500000000000011800, 0.4000000000000007400, -0.2505119680435621300 ) ) ;
#5218 = ADVANCED_FACE ( 'NONE', ( #5718 ), #1276, .F. ) ;
#5219 = EDGE_CURVE ( 'NONE', #4079, #4121, #1649, .T. ) ;
#5220 = EDGE_CURVE ( 'NONE', #3498, #1725, #1722, .T. ) ;
#5221 = CIRCLE ( 'NONE', #5019, 0.3499999999999992000 ) ;
#5222 = ORIENTED_EDGE ( 'NONE', *, *, #5848, .T. ) ;
#5223 = ORIENTED_EDGE ( 'NONE', *, *, #3269, .T. ) ;
#5224 = VERTEX_POINT ( 'NONE', #3644 ) ;
#5225 = ORIENTED_EDGE ( 'NONE', *, *, #5876, .F. ) ;
#5226 = EDGE_LOOP ( 'NONE', ( #2419, #4735, #913, #1242 ) ) ;
#5227 = FACE_OUTER_BOUND ( 'NONE', #4669, .T. ) ;
#5228 = EDGE_CURVE ( 'NONE', #5441, #5874, #2928, .T. ) ;
#5229 = DIRECTION ( 'NONE',  ( -0.0000000000000000000, -0.0000000000000000000, 1.000000000000000000 ) ) ;
#5230 = ORIENTED_EDGE ( 'NONE', *, *, #1715, .T. ) ;
#5231 = EDGE_CURVE ( 'NONE', #329, #2955, #5126, .T. ) ;
#5232 = LINE ( 'NONE', #4839, #110 ) ;
#5233 = AXIS2_PLACEMENT_3D ( 'NONE', #4175, #1349, #1847 ) ;
#5234 = CARTESIAN_POINT ( 'NONE',  ( 0.5699999999999976200, 1.525000000000000100, -3.674999999999999400 ) ) ;
#5235 = ORIENTED_EDGE ( 'NONE', *, *, #944, .F. ) ;
#5236 = VECTOR ( 'NONE', #100, 1000.000000000000000 ) ;
#5237 = CARTESIAN_POINT ( 'NONE',  ( 4.129999999999999900, 0.4000000000000012400, 0.2250000000000012500 ) ) ;
#5238 = AXIS2_PLACEMENT_3D ( 'NONE', #4959, #2064, #5443 ) ;
#5239 = CARTESIAN_POINT ( 'NONE',  ( -0.5699999999999976200, 1.524999999999999900, -3.674999999999999400 ) ) ;
#5240 = ORIENTED_EDGE ( 'NONE', *, *, #5859, .F. ) ;
#5241 = CARTESIAN_POINT ( 'NONE',  ( -0.9499999999999995100, 1.024999999999999900, -1.774999999999998800 ) ) ;
#5242 = DIRECTION ( 'NONE',  ( -1.458100904399333800E-016, 1.000000000000000000, -0.0000000000000000000 ) ) ;
#5243 = EDGE_LOOP ( 'NONE', ( #41, #2333, #6063, #4993, #5328, #3208, #1674, #2348 ) ) ;
#5244 = ADVANCED_FACE ( 'NONE', ( #448 ), #4627, .F. ) ;
#5245 = VERTEX_POINT ( 'NONE', #3094 ) ;
#5246 = DIRECTION ( 'NONE',  ( 1.458100904399333800E-016, -1.000000000000000000, -0.0000000000000000000 ) ) ;
#5247 = CIRCLE ( 'NONE', #1344, 0.5000000000000002200 ) ;
#5248 = EDGE_CURVE ( 'NONE', #5000, #1885, #4218, .T. ) ;
#5249 = ORIENTED_EDGE ( 'NONE', *, *, #891, .F. ) ;
#5250 = EDGE_LOOP ( 'NONE', ( #4484, #6156, #458, #4086 ) ) ;
#5251 = AXIS2_PLACEMENT_3D ( 'NONE', #4986, #4025, #5033 ) ;
#5252 = CARTESIAN_POINT ( 'NONE',  ( 4.129999999999999900, 1.005000000000000800, -11.07499999999999900 ) ) ;
#5253 = LINE ( 'NONE', #5215, #2909 ) ;
#5254 = ORIENTED_EDGE ( 'NONE', *, *, #481, .T. ) ;
#5255 = CARTESIAN_POINT ( 'NONE',  ( -4.129999999999998100, 1.644999999999999400, -2.975000000000000100 ) ) ;
#5256 = VECTOR ( 'NONE', #954, 1000.000000000000000 ) ;
#5257 = EDGE_CURVE ( 'NONE', #1301, #4774, #6248, .T. ) ;
#5258 = VECTOR ( 'NONE', #5053, 1000.000000000000000 ) ;
#5259 = VERTEX_POINT ( 'NONE', #257 ) ;
#5260 = COLOUR_RGB ( '',0.9686274509803921600, 0.8784313725490196000, 0.5999999999999999800 ) ;
#5261 = CARTESIAN_POINT ( 'NONE',  ( 2.859999999999998100, 1.525000000000000600, -6.625000000000000900 ) ) ;
#5262 = EDGE_CURVE ( 'NONE', #2398, #1920, #5639, .T. ) ;
#5263 = PLANE ( 'NONE',  #4250 ) ;
#5264 = FACE_OUTER_BOUND ( 'NONE', #1921, .T. ) ;
#5265 = LINE ( 'NONE', #1387, #971 ) ;
#5266 = EDGE_LOOP ( 'NONE', ( #1601, #1657, #5394, #1130 ) ) ;
#5267 = FACE_OUTER_BOUND ( 'NONE', #3772, .T. ) ;
#5268 = DIRECTION ( 'NONE',  ( -1.458100904399333800E-016, 1.000000000000000000, 0.0000000000000000000 ) ) ;
#5269 = VECTOR ( 'NONE', #5087, 1000.000000000000000 ) ;
#5270 = CARTESIAN_POINT ( 'NONE',  ( 1.270000000000000200, 1.125000000000000200, -5.225000000000002300 ) ) ;
#5271 = EDGE_CURVE ( 'NONE', #4779, #2643, #5420, .T. ) ;
#5272 = ADVANCED_FACE ( 'NONE', ( #1427 ), #4582, .T. ) ;
#5273 = EDGE_LOOP ( 'NONE', ( #6202, #4796, #2105, #2045 ) ) ;
#5274 = CARTESIAN_POINT ( 'NONE',  ( -2.185000000000002700, 1.124999999999999800, -10.02500000000000000 ) ) ;
#5275 = VECTOR ( 'NONE', #4521, 1000.000000000000000 ) ;
#5276 = CLOSED_SHELL ( 'NONE', ( #3543, #2713, #5864, #33, #166, #713, #5805, #6070, #2321, #4171, #291, #4551, #2961, #3126, #771, #3097, #947, #641, #2809, #1618, #2150, #4387, #3954, #6218, #5119, #4995, #2597, #4325, #3791, #2590 ) ) ;
#5277 = CARTESIAN_POINT ( 'NONE',  ( 1.590000000000001200, 1.025000000000000100, -1.774999999999998800 ) ) ;
#5278 = LINE ( 'NONE', #4039, #911 ) ;
#5279 = DIRECTION ( 'NONE',  ( 0.0000000000000000000, -1.000000000000000000, -1.626303258728255900E-015 ) ) ;
#5280 = VERTEX_POINT ( 'NONE', #5556 ) ;
#5281 = CARTESIAN_POINT ( 'NONE',  ( 0.9500000000000011800, 1.025000000000000100, -1.774999999999998800 ) ) ;
#5282 = DIRECTION ( 'NONE',  ( 1.458100904399333800E-016, -1.000000000000000000, 0.0000000000000000000 ) ) ;
#5283 = ORIENTED_EDGE ( 'NONE', *, *, #5902, .T. ) ;
#5284 = EDGE_LOOP ( 'NONE', ( #1628, #1511, #2728, #1055 ) ) ;
#5285 = FACE_OUTER_BOUND ( 'NONE', #5925, .T. ) ;
#5286 = DIRECTION ( 'NONE',  ( -1.606225440719265900E-016, -2.342038767781980200E-032, -1.000000000000000000 ) ) ;
#5287 = CIRCLE ( 'NONE', #1099, 0.2000000000000000900 ) ;
#5288 = DIRECTION ( 'NONE',  ( 1.458100904399333800E-016, -1.000000000000000000, 0.0000000000000000000 ) ) ;
#5289 = EDGE_CURVE ( 'NONE', #5245, #4381, #144, .T. ) ;
#5290 = CARTESIAN_POINT ( 'NONE',  ( -3.490000000000000200, 2.168404344971010800E-016, -0.2505119680435638500 ) ) ;
#5291 = ORIENTED_EDGE ( 'NONE', *, *, #3495, .F. ) ;
#5292 = DIRECTION ( 'NONE',  ( -1.000000000000000000, -1.034584430772185300E-016, 4.235164736271504200E-017 ) ) ;
#5293 = VERTEX_POINT ( 'NONE', #1328 ) ;
#5294 = ORIENTED_EDGE ( 'NONE', *, *, #2111, .T. ) ;
#5295 = ORIENTED_EDGE ( 'NONE', *, *, #6074, .F. ) ;
#5296 = CARTESIAN_POINT ( 'NONE',  ( -3.689999999999998600, 0.4000000000000000800, 0.2249999999999995100 ) ) ;
#5297 = ORIENTED_EDGE ( 'NONE', *, *, #2978, .F. ) ;
#5298 = AXIS2_PLACEMENT_3D ( 'NONE', #1305, #3893, #1066 ) ;
#5299 = DIRECTION ( 'NONE',  ( 1.000000000000000000, 0.0000000000000000000, 0.0000000000000000000 ) ) ;
#5300 = VECTOR ( 'NONE', #403, 1000.000000000000000 ) ;
#5301 = DIRECTION ( 'NONE',  ( 1.458100904399333800E-016, -1.000000000000000000, 0.0000000000000000000 ) ) ;
#5302 = ORIENTED_EDGE ( 'NONE', *, *, #2230, .T. ) ;
#5303 = ADVANCED_FACE ( 'NONE', ( #2706 ), #1808, .F. ) ;
#5304 = CARTESIAN_POINT ( 'NONE',  ( 7.620000000000000100, 1.525000000000001200, -2.975000000000000100 ) ) ;
#5305 = CIRCLE ( 'NONE', #5552, 0.1000000000000000500 ) ;
#5306 = CARTESIAN_POINT ( 'NONE',  ( 4.725000000000001400, 1.125000000000000900, -10.02500000000000000 ) ) ;
#5307 = CYLINDRICAL_SURFACE ( 'NONE', #3355, 1.599999999999999900 ) ;
#5308 = CARTESIAN_POINT ( 'NONE',  ( 7.620000000000000100, 1.125000000000001100, -2.975000000000000100 ) ) ;
#5309 = EDGE_CURVE ( 'NONE', #1931, #1700, #3077, .T. ) ;
#5310 = VECTOR ( 'NONE', #1987, 1000.000000000000000 ) ;
#5311 = CARTESIAN_POINT ( 'NONE',  ( -0.3199999999999974000, 1.524999999999999900, -3.774999999999999000 ) ) ;
#5312 = CARTESIAN_POINT ( 'NONE',  ( -0.3200000000000164400, 1.525000000000000100, -6.625000000003668200 ) ) ;
#5313 = DIRECTION ( 'NONE',  ( 1.548860246407857400E-016, 2.258394526075472000E-032, -1.000000000000000000 ) ) ;
#5314 = ORIENTED_EDGE ( 'NONE', *, *, #5080, .F. ) ;
#5315 = DIRECTION ( 'NONE',  ( -8.234364482433709200E-016, 1.000000000000000000, -6.776263578034404700E-016 ) ) ;
#5316 = CIRCLE ( 'NONE', #2749, 0.1000000000000000500 ) ;
#5317 = EDGE_LOOP ( 'NONE', ( #383, #5502, #1632, #3174 ) ) ;
#5318 = CARTESIAN_POINT ( 'NONE',  ( -3.490000000000000200, 1.644999999999999600, -3.775000000000000400 ) ) ;
#5319 = ORIENTED_EDGE ( 'NONE', *, *, #1754, .F. ) ;
#5320 = DIRECTION ( 'NONE',  ( 1.458100904399333800E-016, -1.000000000000000000, 0.0000000000000000000 ) ) ;
#5321 = LINE ( 'NONE', #4272, #805 ) ;
#5322 = CARTESIAN_POINT ( 'NONE',  ( 0.9828682629467021500, 1.125000000000000200, -8.829774775735728600 ) ) ;
#5323 = CARTESIAN_POINT ( 'NONE',  ( 1.619946693304737100, 1.125000000000000400, -5.231108342253052400 ) ) ;
#5324 = ORIENTED_EDGE ( 'NONE', *, *, #2314, .T. ) ;
#5325 = DIRECTION ( 'NONE',  ( -1.458100904399333800E-016, 1.000000000000000000, 0.0000000000000000000 ) ) ;
#5326 = EDGE_CURVE ( 'NONE', #6245, #5280, #2556, .T. ) ;
#5327 = VECTOR ( 'NONE', #2675, 1000.000000000000000 ) ;
#5328 = ORIENTED_EDGE ( 'NONE', *, *, #3306, .F. ) ;
#5329 = DIRECTION ( 'NONE',  ( 0.0000000000000000000, 0.0000000000000000000, -1.000000000000000000 ) ) ;
#5330 = AXIS2_PLACEMENT_3D ( 'NONE', #3210, #4574, #5137 ) ;
#5331 = CARTESIAN_POINT ( 'NONE',  ( 3.490000000000000200, 0.1217842931841219400, -0.5775484784178112100 ) ) ;
#5332 = DIRECTION ( 'NONE',  ( -1.458100904399333800E-016, 1.000000000000000000, 0.0000000000000000000 ) ) ;
#5333 = ADVANCED_FACE ( 'NONE', ( #1119 ), #825, .F. ) ;
#5334 = VECTOR ( 'NONE', #3837, 1000.000000000000000 ) ;
#5335 = DIRECTION ( 'NONE',  ( -0.01029357226245786000, -1.500906702538970600E-018, 0.9999470197815869500 ) ) ;
#5336 = LINE ( 'NONE', #3168, #6166 ) ;
#5337 = ORIENTED_EDGE ( 'NONE', *, *, #747, .F. ) ;
#5338 = DIRECTION ( 'NONE',  ( -1.458100904399333800E-016, 1.000000000000000000, 0.0000000000000000000 ) ) ;
#5339 = CARTESIAN_POINT ( 'NONE',  ( 1.270000000000000200, 1.525000000000000100, -5.225000000000002300 ) ) ;
#5340 = EDGE_CURVE ( 'NONE', #1792, #2344, #4814, .T. ) ;
#5341 = CARTESIAN_POINT ( 'NONE',  ( -4.129999999999998100, 1.024999999999999500, -1.775000000000000600 ) ) ;
#5342 = LINE ( 'NONE', #5190, #3757 ) ;
#5343 = FACE_OUTER_BOUND ( 'NONE', #84, .T. ) ;
#5344 = EDGE_CURVE ( 'NONE', #5731, #1663, #2251, .T. ) ;
#5345 = CARTESIAN_POINT ( 'NONE',  ( -5.205000000000001000, 1.824999999999999100, -2.975000000000000100 ) ) ;
#5346 = LINE ( 'NONE', #946, #3236 ) ;
#5347 = LINE ( 'NONE', #6134, #1804 ) ;
#5348 = DIRECTION ( 'NONE',  ( 0.0000000000000000000, 0.0000000000000000000, -1.000000000000000000 ) ) ;
#5349 = ORIENTED_EDGE ( 'NONE', *, *, #3534, .F. ) ;
#5350 = ORIENTED_EDGE ( 'NONE', *, *, #5491, .F. ) ;
#5351 = PLANE ( 'NONE',  #5842 ) ;
#5352 = CARTESIAN_POINT ( 'NONE',  ( -3.490000000000000200, 1.644999999999999600, -2.975000000000000100 ) ) ;
#5353 = ORIENTED_EDGE ( 'NONE', *, *, #5832, .F. ) ;
#5355 = EDGE_CURVE ( 'NONE', #3703, #246, #974, .T. ) ;
#5354 = LINE ( 'NONE', #5453, #5275 ) ;
#5356 = ORIENTED_EDGE ( 'NONE', *, *, #2157, .T. ) ;
#5357 = CIRCLE ( 'NONE', #4978, 0.3499999999999992000 ) ;
#5358 = ORIENTED_EDGE ( 'NONE', *, *, #5586, .F. ) ;
#5359 = ORIENTED_EDGE ( 'NONE', *, *, #285, .T. ) ;
#5360 = CARTESIAN_POINT ( 'NONE',  ( 5.204999999999999200, 1.525000000000000800, -3.775000000000000400 ) ) ;
#5361 = ORIENTED_EDGE ( 'NONE', *, *, #1042, .F. ) ;
#5362 = LINE ( 'NONE', #2498, #3014 ) ;
#5363 = ORIENTED_EDGE ( 'NONE', *, *, #758, .T. ) ;
#5364 = ORIENTED_EDGE ( 'NONE', *, *, #5646, .F. ) ;
#5365 = DIRECTION ( 'NONE',  ( -1.458100904399333800E-016, 1.000000000000000000, 0.0000000000000000000 ) ) ;
#5366 = ADVANCED_FACE ( 'NONE', ( #2400 ), #3729, .F. ) ;
#5367 = VERTEX_POINT ( 'NONE', #3282 ) ;
#5368 = DIRECTION ( 'NONE',  ( 1.000000000000000000, 0.0000000000000000000, 0.0000000000000000000 ) ) ;
#5369 = EDGE_CURVE ( 'NONE', #167, #2769, #829, .T. ) ;
#5370 = DIRECTION ( 'NONE',  ( 1.000000000000000000, 0.0000000000000000000, 0.0000000000000000000 ) ) ;
#5371 = ORIENTED_EDGE ( 'NONE', *, *, #5326, .F. ) ;
#5372 = CARTESIAN_POINT ( 'NONE',  ( -0.5499999999999983800, 1.325000000000000000, -11.47500000000000100 ) ) ;
#5373 = ORIENTED_EDGE ( 'NONE', *, *, #4903, .T. ) ;
#5374 = AXIS2_PLACEMENT_3D ( 'NONE', #3444, #1033, #1079 ) ;
#5375 = DIRECTION ( 'NONE',  ( 0.01745240643728340100, 2.544736961014768400E-018, 0.9998476951563911600 ) ) ;
#5376 = VECTOR ( 'NONE', #5926, 1000.000000000000000 ) ;
#5377 = ORIENTED_EDGE ( 'NONE', *, *, #2538, .T. ) ;
#5378 = CARTESIAN_POINT ( 'NONE',  ( 4.129999999999999900, 1.301042606982605700E-015, -1.775000000000000600 ) ) ;
#5379 = PRODUCT_DEFINITION_FORMATION_WITH_SPECIFIED_SOURCE ( 'ANY', '', #487, .NOT_KNOWN. ) ;
#5380 = CIRCLE ( 'NONE', #1616, 0.5000000000000002200 ) ;
#5381 = EDGE_CURVE ( 'NONE', #6150, #6079, #3388, .T. ) ;
#5382 = CARTESIAN_POINT ( 'NONE',  ( -0.9499999999999995100, 1.024999999999999900, -1.774999999999998800 ) ) ;
#5383 =( LENGTH_UNIT ( ) NAMED_UNIT ( * ) SI_UNIT ( .MILLI., .METRE. ) );
#5384 = ORIENTED_EDGE ( 'NONE', *, *, #5971, .F. ) ;
#5385 = DIRECTION ( 'NONE',  ( 0.5773502691896266200, -0.5773502691896264000, 0.5773502691896241800 ) ) ;
#5386 = FACE_OUTER_BOUND ( 'NONE', #657, .T. ) ;
#5387 = AXIS2_PLACEMENT_3D ( 'NONE', #6020, #1688, #2633 ) ;
#5388 = CARTESIAN_POINT ( 'NONE',  ( -3.490000000000000200, 1.524999999999999500, -3.674999999999999400 ) ) ;
#5389 = CARTESIAN_POINT ( 'NONE',  ( -3.490000000000000200, 1.004999999999999700, -3.775000000000000400 ) ) ;
#5390 = CARTESIAN_POINT ( 'NONE',  ( -0.3199999999999974000, 1.125000000000000000, -3.774999999999999000 ) ) ;
#5391 = ORIENTED_EDGE ( 'NONE', *, *, #331, .F. ) ;
#5392 = DIRECTION ( 'NONE',  ( 1.501062806046814100E-015, -1.000000000000000000, 4.379057701015053300E-047 ) ) ;
#5393 = EDGE_CURVE ( 'NONE', #1282, #2898, #3527, .T. ) ;
#5394 = ORIENTED_EDGE ( 'NONE', *, *, #4810, .T. ) ;
#5395 = SURFACE_SIDE_STYLE ('',( #3295 ) ) ;
#5396 = DIRECTION ( 'NONE',  ( -1.000000000000000000, -1.458100904399333800E-016, 1.606225440719265900E-016 ) ) ;
#5397 = ADVANCED_FACE ( 'NONE', ( #1353 ), #4734, .T. ) ;
#5398 = VERTEX_POINT ( 'NONE', #3706 ) ;
#5399 = EDGE_LOOP ( 'NONE', ( #2880, #1026, #1532, #5356 ) ) ;
#5400 = FILL_AREA_STYLE_COLOUR ( '', #5260 ) ;
#5401 = DIRECTION ( 'NONE',  ( -1.000000000000000000, -1.458100904399333800E-016, 0.0000000000000000000 ) ) ;
#5402 = LINE ( 'NONE', #2547, #5849 ) ;
#5403 = CARTESIAN_POINT ( 'NONE',  ( -0.3199999999999974000, 1.125000000000000000, -3.774999999999999000 ) ) ;
#5404 = VERTEX_POINT ( 'NONE', #1374 ) ;
#5405 = DIRECTION ( 'NONE',  ( -4.320902962630630300E-017, 0.7071067811865460200, -0.7071067811865490200 ) ) ;
#5406 = CARTESIAN_POINT ( 'NONE',  ( -0.9499999999999995100, 1.644999999999999800, -2.975000000000000100 ) ) ;
#5407 = DIRECTION ( 'NONE',  ( 0.0000000000000000000, -1.000000000000000000, 0.0000000000000000000 ) ) ;
#5408 = CYLINDRICAL_SURFACE ( 'NONE', #2290, 0.2000000000000000900 ) ;
#5409 = COLOUR_RGB ( '',0.2509803921568627400, 0.2509803921568627400, 0.2509803921568627400 ) ;
#5410 = VERTEX_POINT ( 'NONE', #6111 ) ;
#5411 = EDGE_CURVE ( 'NONE', #2623, #5000, #3992, .T. ) ;
#5412 = VECTOR ( 'NONE', #3917, 1000.000000000000000 ) ;
#5413 = CARTESIAN_POINT ( 'NONE',  ( 3.109999999999996300, 1.525000000000000600, -3.674999999999999400 ) ) ;
#5414 = VECTOR ( 'NONE', #4644, 1000.000000000000000 ) ;
#5415 = LINE ( 'NONE', #2283, #5791 ) ;
#5416 = CARTESIAN_POINT ( 'NONE',  ( -0.9200000000000007100, 1.524999999999999900, -5.225000000000002300 ) ) ;
#5417 = ORIENTED_EDGE ( 'NONE', *, *, #2304, .T. ) ;
#5418 = AXIS2_PLACEMENT_3D ( 'NONE', #5075, #2620, #1167 ) ;
#5419 = LINE ( 'NONE', #5623, #1647 ) ;
#5420 = LINE ( 'NONE', #1196, #301 ) ;
#5421 = ORIENTED_EDGE ( 'NONE', *, *, #506, .F. ) ;
#5422 = CARTESIAN_POINT ( 'NONE',  ( 0.3199999999999974000, 1.125000000000000200, -3.924999999999999800 ) ) ;
#5423 = ORIENTED_EDGE ( 'NONE', *, *, #4276, .F. ) ;
#5424 = VECTOR ( 'NONE', #2609, 1000.000000000000000 ) ;
#5425 = DIRECTION ( 'NONE',  ( 1.458100904399333800E-016, -1.000000000000000000, 0.0000000000000000000 ) ) ;
#5426 = VECTOR ( 'NONE', #6054, 1000.000000000000000 ) ;
#5427 = EDGE_CURVE ( 'NONE', #1505, #615, #5046, .T. ) ;
#5428 = CARTESIAN_POINT ( 'NONE',  ( 0.9500000000000011800, 1.100643141363175900, -1.709592697925149200 ) ) ;
#5429 = CARTESIAN_POINT ( 'NONE',  ( -3.155277774416255000, 1.124999999999999600, -8.752773196134491200 ) ) ;
#5430 = EDGE_LOOP ( 'NONE', ( #3385, #3111, #2669, #6011, #4314, #3965, #198, #3396, #1577, #3692, #2166, #2822 ) ) ;
#5431 = CARTESIAN_POINT ( 'NONE',  ( 2.540000000000000500, 1.525000000000000400, -10.77500000000000200 ) ) ;
#5432 = ORIENTED_EDGE ( 'NONE', *, *, #1347, .T. ) ;
#5433 = ORIENTED_EDGE ( 'NONE', *, *, #779, .T. ) ;
#5434 = DIRECTION ( 'NONE',  ( 1.458100904399333800E-016, -1.000000000000000000, -0.0000000000000000000 ) ) ;
#5435 = VECTOR ( 'NONE', #4463, 1000.000000000000000 ) ;
#5436 = LINE ( 'NONE', #2473, #319 ) ;
#5437 = EDGE_LOOP ( 'NONE', ( #2936, #1538, #5157, #5918, #4288, #2802 ) ) ;
#5438 = CARTESIAN_POINT ( 'NONE',  ( -4.129999999999998100, 0.5000000000000000000, -0.2505119680435638500 ) ) ;
#5439 = EDGE_CURVE ( 'NONE', #4760, #3176, #443, .T. ) ;
#5440 = ORIENTED_EDGE ( 'NONE', *, *, #3415, .F. ) ;
#5441 = VERTEX_POINT ( 'NONE', #2901 ) ;
#5442 = EDGE_LOOP ( 'NONE', ( #3367, #4191, #4232, #1806 ) ) ;
#5443 = DIRECTION ( 'NONE',  ( 0.0000000000000000000, -1.000000000000000000, -4.336808689942015400E-015 ) ) ;
#5444 = AXIS2_PLACEMENT_3D ( 'NONE', #3177, #784, #6064 ) ;
#5445 = DIRECTION ( 'NONE',  ( -1.458100904399333800E-016, 1.000000000000000000, -0.0000000000000000000 ) ) ;
#5446 = ORIENTED_EDGE ( 'NONE', *, *, #2458, .T. ) ;
#5447 = CARTESIAN_POINT ( 'NONE',  ( 4.129999999999999900, 1.525000000000000600, -1.775000000000000600 ) ) ;
#5449 = EDGE_CURVE ( 'NONE', #3016, #4762, #4806, .T. ) ;
#5448 = VECTOR ( 'NONE', #1933, 1000.000000000000100 ) ;
#5450 = CARTESIAN_POINT ( 'NONE',  ( -0.9499999999999995100, 1.125000000000000000, -2.975000000000000100 ) ) ;
#5451 = DIRECTION ( 'NONE',  ( -0.0000000000000000000, -0.0000000000000000000, 1.000000000000000000 ) ) ;
#5452 = AXIS2_PLACEMENT_3D ( 'NONE', #4775, #2369, #5286 ) ;
#5453 = CARTESIAN_POINT ( 'NONE',  ( -1.589999999999997600, 1.644999999999999800, -2.975000000000000100 ) ) ;
#5454 = LINE ( 'NONE', #485, #1611 ) ;
#5455 = VECTOR ( 'NONE', #1324, 1000.000000000000000 ) ;
#5456 = CARTESIAN_POINT ( 'NONE',  ( -3.089999999999999000, 1.324999999999999500, -11.47500000000000100 ) ) ;
#5457 = CARTESIAN_POINT ( 'NONE',  ( 1.970000000000003100, 1.525000000000000400, -3.924999999999999800 ) ) ;
#5458 = EDGE_CURVE ( 'NONE', #4308, #739, #293, .T. ) ;
#5459 = CIRCLE ( 'NONE', #2764, 0.3499999999999996400 ) ;
#5460 = ORIENTED_EDGE ( 'NONE', *, *, #1901, .F. ) ;
#5461 = DIRECTION ( 'NONE',  ( 1.000000000000000000, 1.458100904399333800E-016, 0.0000000000000000000 ) ) ;
#5462 = EDGE_CURVE ( 'NONE', #1591, #2201, #2021, .T. ) ;
#5463 = VECTOR ( 'NONE', #2089, 1000.000000000000100 ) ;
#5464 = DIRECTION ( 'NONE',  ( -1.606225440719265900E-016, -2.342038767781980200E-032, -1.000000000000000000 ) ) ;
#5465 = ORIENTED_EDGE ( 'NONE', *, *, #30, .T. ) ;
#5466 = EDGE_LOOP ( 'NONE', ( #3628, #778, #4833, #3325 ) ) ;
#5467 = ADVANCED_FACE ( 'NONE', ( #894 ), #2086, .F. ) ;
#5468 = DIRECTION ( 'NONE',  ( 0.0000000000000000000, -1.000000000000000000, 0.0000000000000000000 ) ) ;
#5469 = CARTESIAN_POINT ( 'NONE',  ( -4.097131737053301100, 1.124999999999999600, -8.829774775735726800 ) ) ;
#5470 = EDGE_CURVE ( 'NONE', #6245, #788, #3145, .T. ) ;
#5471 = LINE ( 'NONE', #3350, #4049 ) ;
#5472 = CARTESIAN_POINT ( 'NONE',  ( -1.389999999999998800, 0.4000000000000004100, 0.4250000000000000400 ) ) ;
#5473 = VERTEX_POINT ( 'NONE', #4841 ) ;
#5474 = CARTESIAN_POINT ( 'NONE',  ( -1.589999999999997600, 0.5000000000000004400, -0.2505119680435621300 ) ) ;
#5475 = CIRCLE ( 'NONE', #40, 0.1000000000000000500 ) ;
#5476 = EDGE_LOOP ( 'NONE', ( #4789, #996, #5754, #168 ) ) ;
#5477 = DIRECTION ( 'NONE',  ( -0.01029357226245747700, -1.500906702538914400E-018, -0.9999470197815869500 ) ) ;
#5478 = DIRECTION ( 'NONE',  ( 1.000000000000000000, 0.0000000000000000000, 0.0000000000000000000 ) ) ;
#5479 = EDGE_CURVE ( 'NONE', #4153, #3075, #3759, .T. ) ;
#5480 = ORIENTED_EDGE ( 'NONE', *, *, #2299, .F. ) ;
#5481 = VECTOR ( 'NONE', #4476, 1000.000000000000000 ) ;
#5482 = ORIENTED_EDGE ( 'NONE', *, *, #779, .F. ) ;
#5483 = PLANE ( 'NONE',  #1383 ) ;
#5484 = DIRECTION ( 'NONE',  ( -0.01029357226245811500, -1.500906702539007600E-018, 0.9999470197815869500 ) ) ;
#5485 = CARTESIAN_POINT ( 'NONE',  ( 2.220000000000003300, 1.125000000000000400, -3.924999999999999800 ) ) ;
#5486 = ORIENTED_EDGE ( 'NONE', *, *, #1634, .T. ) ;
#5487 = VECTOR ( 'NONE', #1626, 1000.000000000000000 ) ;
#5488 = VECTOR ( 'NONE', #2514, 1000.000000000000000 ) ;
#5489 = ADVANCED_FACE ( 'NONE', ( #3832 ), #468, .F. ) ;
#5490 = CARTESIAN_POINT ( 'NONE',  ( 1.590000000000001200, 1.645000000000000200, -11.07499999999999900 ) ) ;
#5491 = EDGE_CURVE ( 'NONE', #788, #4608, #3460, .T. ) ;
#5492 = CARTESIAN_POINT ( 'NONE',  ( 4.129999999999999900, 1.645000000000000500, -11.07499999999999900 ) ) ;
#5493 = LINE ( 'NONE', #1038, #4219 ) ;
#5494 = LINE ( 'NONE', #4422, #1504 ) ;
#5495 = VERTEX_POINT ( 'NONE', #426 ) ;
#5496 = ADVANCED_FACE ( 'NONE', ( #5115 ), #513, .F. ) ;
#5497 = CARTESIAN_POINT ( 'NONE',  ( -4.725000000000003200, 1.124999999999999300, -10.02499999999999700 ) ) ;
#5498 = ORIENTED_EDGE ( 'NONE', *, *, #3059, .T. ) ;
#5499 = DIRECTION ( 'NONE',  ( 1.000000000000000000, 1.458100904399333800E-016, 1.548860246407857400E-016 ) ) ;
#5500 = ORIENTED_EDGE ( 'NONE', *, *, #5155, .F. ) ;
#5501 = LINE ( 'NONE', #6212, #6030 ) ;
#5502 = ORIENTED_EDGE ( 'NONE', *, *, #5344, .F. ) ;
#5503 = LINE ( 'NONE', #6094, #5426 ) ;
#5504 = CARTESIAN_POINT ( 'NONE',  ( 0.9500000000000011800, 1.645000000000000200, -3.775000000000000400 ) ) ;
#5505 = ORIENTED_EDGE ( 'NONE', *, *, #2299, .T. ) ;
#5506 = ORIENTED_EDGE ( 'NONE', *, *, #4397, .T. ) ;
#5507 = DIRECTION ( 'NONE',  ( 3.212450881438531300E-016, 4.684077535563959900E-032, -1.000000000000000000 ) ) ;
#5508 = ORIENTED_EDGE ( 'NONE', *, *, #2144, .F. ) ;
#5509 = EDGE_CURVE ( 'NONE', #4842, #19, #2243, .T. ) ;
#5510 = DIRECTION ( 'NONE',  ( 0.0000000000000000000, -1.000000000000000000, 0.0000000000000000000 ) ) ;
#5511 = CARTESIAN_POINT ( 'NONE',  ( 1.970000000000003100, 1.525000000000000400, -1.774999999999998800 ) ) ;
#5512 = EDGE_LOOP ( 'NONE', ( #5506, #611, #858, #3621 ) ) ;
#5513 = ORIENTED_EDGE ( 'NONE', *, *, #304, .T. ) ;
#5514 = DIRECTION ( 'NONE',  ( -1.000000000000000000, -1.458100904399333800E-016, 0.0000000000000000000 ) ) ;
#5515 = ORIENTED_EDGE ( 'NONE', *, *, #411, .F. ) ;
#5516 = CARTESIAN_POINT ( 'NONE',  ( 1.590000000000001200, 1.125000000000000400, -10.77500000000000200 ) ) ;
#5517 = EDGE_LOOP ( 'NONE', ( #3557, #5295, #2582, #6130, #6069, #4740 ) ) ;
#5518 = CARTESIAN_POINT ( 'NONE',  ( 5.080000000000001000, 1.525000000000000800, -10.77500000000000200 ) ) ;
#5519 = CYLINDRICAL_SURFACE ( 'NONE', #2018, 0.3499999999999992000 ) ;
#5520 = DIRECTION ( 'NONE',  ( 1.000000000000000000, 1.458100904399333800E-016, 1.548860246407857400E-016 ) ) ;
#5521 = ORIENTED_EDGE ( 'NONE', *, *, #1856, .T. ) ;
#5522 = AXIS2_PLACEMENT_3D ( 'NONE', #2464, #2003, #2441 ) ;
#5523 = CARTESIAN_POINT ( 'NONE',  ( -0.3199999999999974000, 1.125000000000000000, -3.924999999999999800 ) ) ;
#5524 = LINE ( 'NONE', #3046, #4850 ) ;
#5525 = PLANE ( 'NONE',  #1579 ) ;
#5526 = EDGE_CURVE ( 'NONE', #3908, #1695, #5938, .T. ) ;
#5527 = EDGE_CURVE ( 'NONE', #4452, #3418, #1570, .T. ) ;
#5528 = CARTESIAN_POINT ( 'NONE',  ( 0.0000000000000000000, 1.325000000000000000, -2.975000000000000100 ) ) ;
#5529 = ADVANCED_FACE ( 'NONE', ( #5264 ), #1871, .F. ) ;
#5530 = FACE_OUTER_BOUND ( 'NONE', #5430, .T. ) ;
#5531 = STYLED_ITEM ( 'NONE', ( #5717 ), #1994 ) ;
#5532 = DIRECTION ( 'NONE',  ( 1.458100904399333800E-016, -1.000000000000000000, 0.0000000000000000000 ) ) ;
#5533 = CARTESIAN_POINT ( 'NONE',  ( 3.109999999999996300, 1.125000000000000400, -3.924999999999999800 ) ) ;
#5534 = VERTEX_POINT ( 'NONE', #5290 ) ;
#5535 = AXIS2_PLACEMENT_3D ( 'NONE', #1424, #5800, #3366 ) ;
#5536 = ORIENTED_EDGE ( 'NONE', *, *, #851, .T. ) ;
#5537 = CARTESIAN_POINT ( 'NONE',  ( -0.9499999999999995100, 0.1217842931841215100, -0.5775484784178112100 ) ) ;
#5538 = ORIENTED_EDGE ( 'NONE', *, *, #5117, .T. ) ;
#5539 = EDGE_CURVE ( 'NONE', #1725, #1832, #3676, .T. ) ;
#5540 = DIRECTION ( 'NONE',  ( 1.000000000000000000, 0.0000000000000000000, 0.0000000000000000000 ) ) ;
#5541 = DIRECTION ( 'NONE',  ( 1.458100904399333800E-016, -1.000000000000000000, 0.0000000000000000000 ) ) ;
#5542 = CARTESIAN_POINT ( 'NONE',  ( -1.557131737053300200, 1.124999999999999800, -8.829774775735728600 ) ) ;
#5543 = VECTOR ( 'NONE', #1105, 1000.000000000000000 ) ;
#5544 = EDGE_CURVE ( 'NONE', #2490, #3005, #1717, .T. ) ;
#5545 = AXIS2_PLACEMENT_3D ( 'NONE', #2414, #905, #3795 ) ;
#5546 = ORIENTED_EDGE ( 'NONE', *, *, #1857, .T. ) ;
#5547 = CARTESIAN_POINT ( 'NONE',  ( 1.149999999999999900, 1.025000000000000100, 0.4250000000000000400 ) ) ;
#5548 = SURFACE_SIDE_STYLE ('',( #5854 ) ) ;
#5549 = LINE ( 'NONE', #193, #810 ) ;
#5550 = ORIENTED_EDGE ( 'NONE', *, *, #2551, .F. ) ;
#5551 = CARTESIAN_POINT ( 'NONE',  ( -1.557131737053300200, 1.524999999999999900, -8.829774775735719700 ) ) ;
#5552 = AXIS2_PLACEMENT_3D ( 'NONE', #3822, #941, #5279 ) ;
#5553 = DIRECTION ( 'NONE',  ( 1.000000000000000000, 1.458100904399333800E-016, -0.0000000000000000000 ) ) ;
#5554 = VECTOR ( 'NONE', #1636, 1000.000000000000200 ) ;
#5555 = CARTESIAN_POINT ( 'NONE',  ( -1.619946693304737100, 1.124999999999999800, -5.231108342253048900 ) ) ;
#5556 = CARTESIAN_POINT ( 'NONE',  ( -3.689999999999998600, 2.168404344971010800E-016, 0.4250000000000000400 ) ) ;
#5557 = ORIENTED_EDGE ( 'NONE', *, *, #4071, .T. ) ;
#5558 = ADVANCED_FACE ( 'NONE', ( #136 ), #4577, .F. ) ;
#5559 = DIRECTION ( 'NONE',  ( -0.01029357226245748000, -1.500906702538914700E-018, -0.9999470197815869500 ) ) ;
#5560 = ORIENTED_EDGE ( 'NONE', *, *, #5628, .F. ) ;
#5561 = LINE ( 'NONE', #2920, #3303 ) ;
#5562 = VECTOR ( 'NONE', #4817, 1000.000000000000000 ) ;
#5563 = CIRCLE ( 'NONE', #4700, 0.2000000000000000900 ) ;
#5564 = CARTESIAN_POINT ( 'NONE',  ( 3.522868262946701200, 1.125000000000000700, -8.829774775735726800 ) ) ;
#5565 = EDGE_CURVE ( 'NONE', #3939, #1326, #1114, .T. ) ;
#5566 = EDGE_LOOP ( 'NONE', ( #1557, #1881, #3951, #248 ) ) ;
#5567 = FACE_BOUND ( 'NONE', #2718, .T. ) ;
#5568 = DIRECTION ( 'NONE',  ( -1.458100904399333800E-016, 1.000000000000000000, -0.0000000000000000000 ) ) ;
#5569 = AXIS2_PLACEMENT_3D ( 'NONE', #2141, #1135, #189 ) ;
#5570 = LINE ( 'NONE', #2127, #2856 ) ;
#5571 = ORIENTED_EDGE ( 'NONE', *, *, #1150, .T. ) ;
#5572 = ORIENTED_EDGE ( 'NONE', *, *, #809, .T. ) ;
#5573 = CARTESIAN_POINT ( 'NONE',  ( 3.089999999999999000, 2.045000000000001300, -11.47500000000000100 ) ) ;
#5574 = LINE ( 'NONE', #6060, #5725 ) ;
#5575 = ORIENTED_EDGE ( 'NONE', *, *, #4135, .T. ) ;
#5576 = LINE ( 'NONE', #5217, #5728 ) ;
#5577 = CARTESIAN_POINT ( 'NONE',  ( 0.6152777744162542000, 1.525000000000000100, -8.752773196134491200 ) ) ;
#5578 = VERTEX_POINT ( 'NONE', #1954 ) ;
#5579 = EDGE_CURVE ( 'NONE', #2093, #5441, #752, .T. ) ;
#5580 = DIRECTION ( 'NONE',  ( 1.000000000000000000, 1.458100904399333800E-016, 0.0000000000000000000 ) ) ;
#5581 = EDGE_LOOP ( 'NONE', ( #4240, #5139, #4532, #3835 ) ) ;
#5582 = ORIENTED_EDGE ( 'NONE', *, *, #1783, .T. ) ;
#5583 = LINE ( 'NONE', #1111, #3327 ) ;
#5584 = DIRECTION ( 'NONE',  ( 1.000000000000000000, 1.458100904399333800E-016, 0.0000000000000000000 ) ) ;
#5585 = VECTOR ( 'NONE', #4923, 1000.000000000000000 ) ;
#5586 = EDGE_CURVE ( 'NONE', #1152, #1859, #3304, .T. ) ;
#5587 = CARTESIAN_POINT ( 'NONE',  ( 1.590000000000001200, 1.645000000000000200, -2.975000000000000100 ) ) ;
#5588 = VERTEX_POINT ( 'NONE', #592 ) ;
#5589 = PRESENTATION_LAYER_ASSIGNMENT (  '', '', ( #1919 ) ) ;
#5590 = CARTESIAN_POINT ( 'NONE',  ( 0.9500000000000011800, 0.4243568586368250400, -0.3159192701184133100 ) ) ;
#5591 = ADVANCED_FACE ( 'NONE', ( #2395 ), #3896, .F. ) ;
#5592 = EDGE_LOOP ( 'NONE', ( #1516, #61, #2168, #2323 ) ) ;
#5593 = VERTEX_POINT ( 'NONE', #2979 ) ;
#5594 = VERTEX_POINT ( 'NONE', #5809 ) ;
#5595 = EDGE_CURVE ( 'NONE', #450, #5787, #1270, .T. ) ;
#5596 = ADVANCED_FACE ( 'NONE', ( #3382 ), #601, .F. ) ;
#5597 = ORIENTED_EDGE ( 'NONE', *, *, #3330, .F. ) ;
#5598 = DIRECTION ( 'NONE',  ( 1.458100904399333800E-016, -1.000000000000000000, 0.0000000000000000000 ) ) ;
#5599 = DIRECTION ( 'NONE',  ( -1.000000000000000000, -1.458100904399333800E-016, 0.0000000000000000000 ) ) ;
#5600 = VECTOR ( 'NONE', #5761, 1000.000000000000000 ) ;
#5601 = DIRECTION ( 'NONE',  ( -1.458100904399333800E-016, 1.000000000000000000, 0.0000000000000000000 ) ) ;
#5602 = CARTESIAN_POINT ( 'NONE',  ( 1.270000000000000200, 1.125000000000000200, -5.225000000000002300 ) ) ;
#5603 = VERTEX_POINT ( 'NONE', #111 ) ;
#5604 = ORIENTED_EDGE ( 'NONE', *, *, #4654, .T. ) ;
#5606 = EDGE_CURVE ( 'NONE', #739, #5534, #4887, .T. ) ;
#5605 = CIRCLE ( 'NONE', #1729, 0.1000000000000000500 ) ;
#5607 = DIRECTION ( 'NONE',  ( 0.0000000000000000000, 0.0000000000000000000, -1.000000000000000000 ) ) ;
#5608 = AXIS2_PLACEMENT_3D ( 'NONE', #382, #2771, #1371 ) ;
#5609 = DIRECTION ( 'NONE',  ( -0.0000000000000000000, -0.0000000000000000000, 1.000000000000000000 ) ) ;
#5610 = ORIENTED_EDGE ( 'NONE', *, *, #2882, .F. ) ;
#5611 = CYLINDRICAL_SURFACE ( 'NONE', #333, 0.1000000000000000500 ) ;
#5612 = ORIENTED_EDGE ( 'NONE', *, *, #2986, .T. ) ;
#5613 = FILL_AREA_STYLE ('',( #5011 ) ) ;
#5614 = DIRECTION ( 'NONE',  ( 4.320902962630622200E-017, -0.7071067811865459100, -0.7071067811865491300 ) ) ;
#5615 = LINE ( 'NONE', #6078, #3049 ) ;
#5616 = ADVANCED_FACE ( 'NONE', ( #2171 ), #1490, .F. ) ;
#5617 = ORIENTED_EDGE ( 'NONE', *, *, #4198, .F. ) ;
#5618 = VERTEX_POINT ( 'NONE', #65 ) ;
#5619 = CARTESIAN_POINT ( 'NONE',  ( -4.129999999999998100, 1.004999999999999400, -11.07499999999999900 ) ) ;
#5620 = CARTESIAN_POINT ( 'NONE',  ( 1.557131737053300200, 1.125000000000000200, -8.829774775735726800 ) ) ;
#5621 = CARTESIAN_POINT ( 'NONE',  ( -1.589999999999997600, 1.004999999999999900, -2.975000000000000100 ) ) ;
#5622 = AXIS2_PLACEMENT_3D ( 'NONE', #5094, #1731, #1753 ) ;
#5623 = CARTESIAN_POINT ( 'NONE',  ( 1.590000000000001200, 1.005000000000000300, -2.975000000000000100 ) ) ;
#5624 = FACE_OUTER_BOUND ( 'NONE', #3946, .T. ) ;
#5625 = ORIENTED_EDGE ( 'NONE', *, *, #2314, .F. ) ;
#5626 = DIRECTION ( 'NONE',  ( -1.458100904399333800E-016, 1.000000000000000000, 0.0000000000000000000 ) ) ;
#5627 = CARTESIAN_POINT ( 'NONE',  ( 0.9500000000000011800, 1.005000000000000300, -11.07499999999999900 ) ) ;
#5628 = EDGE_CURVE ( 'NONE', #1507, #5578, #74, .T. ) ;
#5629 = LINE ( 'NONE', #2748, #4487 ) ;
#5630 = ORIENTED_EDGE ( 'NONE', *, *, #1982, .T. ) ;
#5631 = DIRECTION ( 'NONE',  ( 1.000000000000000000, 1.458100904399333800E-016, 0.0000000000000000000 ) ) ;
#5632 = VECTOR ( 'NONE', #1977, 1000.000000000000000 ) ;
#5633 = PRESENTATION_STYLE_ASSIGNMENT (( #1302 ) ) ;
#5634 = DIRECTION ( 'NONE',  ( 0.5773502691896259500, 0.5773502691896269500, -0.5773502691896242900 ) ) ;
#5635 = CARTESIAN_POINT ( 'NONE',  ( -4.129999999999998100, 1.124999999999999600, -3.924999999999999800 ) ) ;
#5636 = ORIENTED_EDGE ( 'NONE', *, *, #2605, .T. ) ;
#5637 = VECTOR ( 'NONE', #4504, 1000.000000000000000 ) ;
#5638 = DIRECTION ( 'NONE',  ( -1.000000000000000000, -1.458100904399333800E-016, 0.0000000000000000000 ) ) ;
#5639 = LINE ( 'NONE', #4115, #1580 ) ;
#5640 = AXIS2_PLACEMENT_3D ( 'NONE', #1605, #5959, #3968 ) ;
#5641 = FACE_BOUND ( 'NONE', #5652, .T. ) ;
#5642 = CARTESIAN_POINT ( 'NONE',  ( 3.490000000000000200, 1.825000000000000400, -3.774999999999999000 ) ) ;
#5643 = LINE ( 'NONE', #5635, #2482 ) ;
#5644 = CARTESIAN_POINT ( 'NONE',  ( 0.0000000000000000000, 1.125000000000000000, -2.975000000000000100 ) ) ;
#5645 = ADVANCED_FACE ( 'NONE', ( #5711 ), #4650, .T. ) ;
#5646 = EDGE_CURVE ( 'NONE', #2869, #5726, #2630, .T. ) ;
#5647 = EDGE_CURVE ( 'NONE', #4974, #5893, #2313, .T. ) ;
#5648 = ORIENTED_EDGE ( 'NONE', *, *, #5340, .F. ) ;
#5649 = ORIENTED_EDGE ( 'NONE', *, *, #723, .F. ) ;
#5650 = CARTESIAN_POINT ( 'NONE',  ( 0.5699999999999976200, 1.125000000000000200, -3.674999999999999400 ) ) ;
#5651 = AXIS2_PLACEMENT_3D ( 'NONE', #5908, #1974, #3941 ) ;
#5652 = EDGE_LOOP ( 'NONE', ( #5181, #1211, #2347, #5742, #368, #2282, #5667, #5240, #5715, #2224, #3924, #2149 ) ) ;
#5653 = FACE_OUTER_BOUND ( 'NONE', #6114, .T. ) ;
#5654 = VERTEX_POINT ( 'NONE', #3944 ) ;
#5655 = CARTESIAN_POINT ( 'NONE',  ( 2.220000000000003300, 1.525000000000000400, -3.924999999999999800 ) ) ;
#5656 = FACE_OUTER_BOUND ( 'NONE', #3632, .T. ) ;
#5657 = ORIENTED_EDGE ( 'NONE', *, *, #3224, .T. ) ;
#5658 = DIRECTION ( 'NONE',  ( -1.458100904399333800E-016, 1.000000000000000000, 0.0000000000000000000 ) ) ;
#5659 = AXIS2_PLACEMENT_3D ( 'NONE', #3039, #164, #3529 ) ;
#5660 = DIRECTION ( 'NONE',  ( -4.565061778886334000E-016, -6.656320708432995900E-032, -1.000000000000000000 ) ) ;
#5661 = VERTEX_POINT ( 'NONE', #1575 ) ;
#5662 = ORIENTED_EDGE ( 'NONE', *, *, #4369, .F. ) ;
#5663 = DIRECTION ( 'NONE',  ( 1.000000000000000000, 0.0000000000000000000, 0.0000000000000000000 ) ) ;
#5664 = EDGE_CURVE ( 'NONE', #4980, #4760, #1193, .T. ) ;
#5665 = CARTESIAN_POINT ( 'NONE',  ( 4.760000000000002500, 1.525000000000000800, -3.774999999999999000 ) ) ;
#5666 = CARTESIAN_POINT ( 'NONE',  ( -4.129999999999998100, 2.447125105937309400E-031, 0.4250000000000000400 ) ) ;
#5667 = ORIENTED_EDGE ( 'NONE', *, *, #3074, .F. ) ;
#5668 = ORIENTED_EDGE ( 'NONE', *, *, #3038, .F. ) ;
#5669 = CARTESIAN_POINT ( 'NONE',  ( -3.929999999999999300, 1.024999999999999500, 0.2249999999999995100 ) ) ;
#5670 = EDGE_CURVE ( 'NONE', #2186, #3745, #4138, .T. ) ;
#5671 = ORIENTED_EDGE ( 'NONE', *, *, #4418, .F. ) ;
#5672 = ORIENTED_EDGE ( 'NONE', *, *, #862, .T. ) ;
#5673 = CARTESIAN_POINT ( 'NONE',  ( 4.159946693304736000, 1.125000000000000700, -5.231108342253052400 ) ) ;
#5674 = DIRECTION ( 'NONE',  ( -0.01029357226245786000, -1.500906702538970600E-018, 0.9999470197815869500 ) ) ;
#5675 = VECTOR ( 'NONE', #137, 1000.000000000000000 ) ;
#5676 = VERTEX_POINT ( 'NONE', #2117 ) ;
#5677 = EDGE_CURVE ( 'NONE', #488, #4388, #3069, .T. ) ;
#5678 = CARTESIAN_POINT ( 'NONE',  ( 3.490000000000000200, 1.084202172485504800E-015, 0.4250000000000000400 ) ) ;
#5679 = LINE ( 'NONE', #864, #5455 ) ;
#5680 = CARTESIAN_POINT ( 'NONE',  ( 1.590000000000001200, 1.403215706815879500, -1.447963489625753200 ) ) ;
#5681 = ADVANCED_FACE ( 'NONE', ( #4430 ), #3906, .T. ) ;
#5682 = DIRECTION ( 'NONE',  ( 0.0000000000000000000, -1.000000000000000000, 0.0000000000000000000 ) ) ;
#5683 = DIRECTION ( 'NONE',  ( 0.0000000000000000000, -1.000000000000000000, 4.336808689942015400E-015 ) ) ;
#5684 = FACE_OUTER_BOUND ( 'NONE', #298, .T. ) ;
#5685 = CARTESIAN_POINT ( 'NONE',  ( -0.9499999999999995100, 1.825000000000000000, -3.774999999999999000 ) ) ;
#5686 = PLANE ( 'NONE',  #3144 ) ;
#5687 = EDGE_CURVE ( 'NONE', #989, #4980, #1565, .T. ) ;
#5688 = ORIENTED_EDGE ( 'NONE', *, *, #4012, .T. ) ;
#5689 = ORIENTED_EDGE ( 'NONE', *, *, #75, .T. ) ;
#5690 = ORIENTED_EDGE ( 'NONE', *, *, #2754, .F. ) ;
#5691 = CARTESIAN_POINT ( 'NONE',  ( -1.589999999999997600, 4.336808689942019700E-016, -1.775000000000000600 ) ) ;
#5692 = DIRECTION ( 'NONE',  ( 1.000000000000000000, 1.458100904399333800E-016, 0.0000000000000000000 ) ) ;
#5693 = FACE_OUTER_BOUND ( 'NONE', #4278, .T. ) ;
#5694 = VERTEX_POINT ( 'NONE', #5909 ) ;
#5695 = EDGE_CURVE ( 'NONE', #3164, #942, #4879, .T. ) ;
#5696 = CARTESIAN_POINT ( 'NONE',  ( 0.9200533066952634200, 1.525000000000000100, -5.231108342253052400 ) ) ;
#5697 = DIRECTION ( 'NONE',  ( -1.458100904399333800E-016, 1.000000000000000000, 0.0000000000000000000 ) ) ;
#5698 = FACE_OUTER_BOUND ( 'NONE', #3872, .T. ) ;
#5699 = PLANE ( 'NONE',  #1399 ) ;
#5700 = AXIS2_PLACEMENT_3D ( 'NONE', #1478, #3031, #600 ) ;
#5701 = ORIENTED_EDGE ( 'NONE', *, *, #5148, .T. ) ;
#5702 = CARTESIAN_POINT ( 'NONE',  ( -4.129999999999998100, 1.403215706815878600, -1.447963489625753200 ) ) ;
#5703 = VECTOR ( 'NONE', #1497, 1000.000000000000000 ) ;
#5704 = ORIENTED_EDGE ( 'NONE', *, *, #2850, .F. ) ;
#5705 = CARTESIAN_POINT ( 'NONE',  ( -1.589999999999997600, 1.004999999999999900, -10.77500000000000200 ) ) ;
#5706 = EDGE_CURVE ( 'NONE', #922, #3002, #2307, .T. ) ;
#5707 = ADVANCED_FACE ( 'NONE', ( #1946 ), #4277, .T. ) ;
#5708 = ORIENTED_EDGE ( 'NONE', *, *, #3415, .T. ) ;
#5709 = LINE ( 'NONE', #3556, #2847 ) ;
#5710 = CARTESIAN_POINT ( 'NONE',  ( 4.129999999999999900, 1.525000000000000600, -10.77500000000000200 ) ) ;
#5711 = FACE_OUTER_BOUND ( 'NONE', #2646, .T. ) ;
#5712 = CARTESIAN_POINT ( 'NONE',  ( -0.9828682629467004900, 1.524999999999999900, -8.829774775735728600 ) ) ;
#5713 = FACE_OUTER_BOUND ( 'NONE', #171, .T. ) ;
#5714 = DIRECTION ( 'NONE',  ( -1.000000000000000000, -1.458100904399333800E-016, -0.0000000000000000000 ) ) ;
#5715 = ORIENTED_EDGE ( 'NONE', *, *, #2030, .F. ) ;
#5716 = CARTESIAN_POINT ( 'NONE',  ( -3.522868262946701200, 1.124999999999999600, -8.829774775735726800 ) ) ;
#5717 = PRESENTATION_STYLE_ASSIGNMENT (( #3298 ) ) ;
#5718 = FACE_OUTER_BOUND ( 'NONE', #4210, .T. ) ;
#5719 = CARTESIAN_POINT ( 'NONE',  ( 5.080000000000001000, 1.125000000000000900, -10.77500000000000200 ) ) ;
#5720 = EDGE_LOOP ( 'NONE', ( #5860, #1906, #768, #1476 ) ) ;
#5721 = DIRECTION ( 'NONE',  ( 0.0000000000000000000, 0.0000000000000000000, -1.000000000000000000 ) ) ;
#5722 = DIRECTION ( 'NONE',  ( 1.000000000000000000, 1.458100904399333800E-016, -0.0000000000000000000 ) ) ;
#5723 = CARTESIAN_POINT ( 'NONE',  ( -4.129999999999998100, 2.447125105937309400E-031, 0.4250000000000000400 ) ) ;
#5724 = VERTEX_POINT ( 'NONE', #676 ) ;
#5725 = VECTOR ( 'NONE', #4601, 1000.000000000000000 ) ;
#5726 = VERTEX_POINT ( 'NONE', #3083 ) ;
#5727 = AXIS2_PLACEMENT_3D ( 'NONE', #603, #3974, #3486 ) ;
#5728 = VECTOR ( 'NONE', #3290, 1000.000000000000000 ) ;
#5729 = ORIENTED_EDGE ( 'NONE', *, *, #3394, .T. ) ;
#5730 = ORIENTED_EDGE ( 'NONE', *, *, #4591, .T. ) ;
#5731 = VERTEX_POINT ( 'NONE', #4947 ) ;
#5732 = CARTESIAN_POINT ( 'NONE',  ( 0.0000000000000000000, 1.525000000000000100, -2.975000000000000100 ) ) ;
#5733 = ORIENTED_EDGE ( 'NONE', *, *, #4691, .F. ) ;
#5734 = CARTESIAN_POINT ( 'NONE',  ( 0.0000000000000000000, 2.650000000000000400, -2.975000000000000100 ) ) ;
#5735 = VECTOR ( 'NONE', #5348, 1000.000000000000000 ) ;
#5736 = VECTOR ( 'NONE', #4788, 1000.000000000000000 ) ;
#5737 = ORIENTED_EDGE ( 'NONE', *, *, #823, .F. ) ;
#5738 = EDGE_LOOP ( 'NONE', ( #1530, #4002, #3475, #1097, #4416, #4427, #606, #3627, #3654, #1028, #4665, #4455, #1064, #4655, #6120, #2340, #3343, #695 ) ) ;
#5739 = DIRECTION ( 'NONE',  ( 1.000000000000000000, 0.0000000000000000000, 0.0000000000000000000 ) ) ;
#5740 = AXIS2_PLACEMENT_3D ( 'NONE', #5801, #1001, #2453 ) ;
#5741 = CARTESIAN_POINT ( 'NONE',  ( -4.129999999999998100, 1.004999999999999400, -2.975000000000000100 ) ) ;
#5742 = ORIENTED_EDGE ( 'NONE', *, *, #700, .F. ) ;
#5743 = ORIENTED_EDGE ( 'NONE', *, *, #719, .T. ) ;
#5744 = AXIS2_PLACEMENT_3D ( 'NONE', #5322, #425, #965 ) ;
#5745 = ORIENTED_EDGE ( 'NONE', *, *, #1030, .T. ) ;
#5746 = CARTESIAN_POINT ( 'NONE',  ( -3.689999999999998600, 2.168404344971010800E-016, 0.2249999999999995100 ) ) ;
#5747 = ADVANCED_FACE ( 'NONE', ( #1343 ), #4066, .F. ) ;
#5748 = DIRECTION ( 'NONE',  ( 0.7071067811865460200, 1.031033037155004600E-016, -0.7071067811865490200 ) ) ;
#5749 = CARTESIAN_POINT ( 'NONE',  ( 3.109999999999996300, 1.125000000000000400, -3.674999999999999400 ) ) ;
#5750 = EDGE_CURVE ( 'NONE', #1385, #4608, #2622, .T. ) ;
#5751 = DIRECTION ( 'NONE',  ( 0.01745240643728328300, 2.544736961014750700E-018, 0.9998476951563911600 ) ) ;
#5752 = EDGE_LOOP ( 'NONE', ( #5963, #4350, #4844, #15 ) ) ;
#5753 = DIRECTION ( 'NONE',  ( 9.537044630965833600E-017, -0.6540730207484939400, 0.7564314136317582500 ) ) ;
#5754 = ORIENTED_EDGE ( 'NONE', *, *, #614, .T. ) ;
#5755 = FACE_OUTER_BOUND ( 'NONE', #3356, .T. ) ;
#5756 = CARTESIAN_POINT ( 'NONE',  ( -5.205000000000001000, 0.8249999999999992900, -11.47500000000000100 ) ) ;
#5757 = EDGE_CURVE ( 'NONE', #2715, #5073, #2016, .T. ) ;
#5758 = VERTEX_POINT ( 'NONE', #2054 ) ;
#5759 = VECTOR ( 'NONE', #1608, 1000.000000000000000 ) ;
#5760 = CARTESIAN_POINT ( 'NONE',  ( -0.9499999999999995100, 1.125000000000000000, -10.77500000000000200 ) ) ;
#5761 = DIRECTION ( 'NONE',  ( 1.000000000000000000, 1.458100904399333800E-016, -0.0000000000000000000 ) ) ;
#5762 = AXIS2_PLACEMENT_3D ( 'NONE', #4676, #3735, #1793 ) ;
#5763 = VERTEX_POINT ( 'NONE', #4542 ) ;
#5764 = CARTESIAN_POINT ( 'NONE',  ( 1.270000000000000200, 1.125000000000000200, -5.225000000000002300 ) ) ;
#5765 = CARTESIAN_POINT ( 'NONE',  ( -2.859999999999998100, 1.824999999999999500, -3.774999999999999000 ) ) ;
#5766 = CARTESIAN_POINT ( 'NONE',  ( -5.205000000000001000, 0.8249999999999992900, -2.975000000000000100 ) ) ;
#5767 = EDGE_CURVE ( 'NONE', #3783, #2248, #4208, .T. ) ;
#5768 = ORIENTED_EDGE ( 'NONE', *, *, #3716, .T. ) ;
#5769 = ORIENTED_EDGE ( 'NONE', *, *, #2962, .F. ) ;
#5770 = CARTESIAN_POINT ( 'NONE',  ( 5.204999999999999200, 1.825000000000000800, -2.975000000000000100 ) ) ;
#5771 = AXIS2_PLACEMENT_3D ( 'NONE', #2238, #6126, #813 ) ;
#5772 = DIRECTION ( 'NONE',  ( -1.458100904399333800E-016, 1.000000000000000000, -0.0000000000000000000 ) ) ;
#5773 = CARTESIAN_POINT ( 'NONE',  ( -3.522868262946701200, 1.124999999999999600, -8.829774775735723200 ) ) ;
#5774 = ADVANCED_FACE ( 'NONE', ( #2767 ), #673, .T. ) ;
#5775 = FACE_OUTER_BOUND ( 'NONE', #5961, .T. ) ;
#5776 = ORIENTED_EDGE ( 'NONE', *, *, #5010, .F. ) ;
#5777 = AXIS2_PLACEMENT_3D ( 'NONE', #2972, #4390, #4921 ) ;
#5778 = DIRECTION ( 'NONE',  ( -1.458100904399333800E-016, 1.000000000000000000, 0.0000000000000000000 ) ) ;
#5779 = DIRECTION ( 'NONE',  ( 0.0000000000000000000, -1.000000000000000000, 0.0000000000000000000 ) ) ;
#5780 = VECTOR ( 'NONE', #4130, 1000.000000000000000 ) ;
#5781 = EDGE_CURVE ( 'NONE', #2256, #5763, #744, .T. ) ;
#5782 = VECTOR ( 'NONE', #1968, 1000.000000000000000 ) ;
#5783 = ORIENTED_EDGE ( 'NONE', *, *, #1655, .F. ) ;
#5784 = DIRECTION ( 'NONE',  ( 0.0000000000000000000, 0.0000000000000000000, -1.000000000000000000 ) ) ;
#5785 = EDGE_CURVE ( 'NONE', #2011, #2062, #131, .T. ) ;
#5786 = DIRECTION ( 'NONE',  ( -1.458100904399333800E-016, 1.000000000000000000, 0.0000000000000000000 ) ) ;
#5787 = VERTEX_POINT ( 'NONE', #5929 ) ;
#5788 = VECTOR ( 'NONE', #2944, 1000.000000000000000 ) ;
#5789 = CARTESIAN_POINT ( 'NONE',  ( 4.760000000000002500, 1.525000000000000800, -10.77500000000000200 ) ) ;
#5790 = VECTOR ( 'NONE', #3332, 1000.000000000000000 ) ;
#5791 = VECTOR ( 'NONE', #1823, 1000.000000000000000 ) ;
#5792 = VERTEX_POINT ( 'NONE', #4492 ) ;
#5793 = VECTOR ( 'NONE', #4157, 1000.000000000000000 ) ;
#5794 = VECTOR ( 'NONE', #1747, 1000.000000000000100 ) ;
#5795 = EDGE_CURVE ( 'NONE', #3454, #3908, #287, .T. ) ;
#5796 = CYLINDRICAL_SURFACE ( 'NONE', #5740, 0.5000000000000000000 ) ;
#5797 = DIRECTION ( 'NONE',  ( -1.000000000000000000, -1.458100904399333800E-016, -0.0000000000000000000 ) ) ;
#5798 = CYLINDRICAL_SURFACE ( 'NONE', #5072, 0.2500000000000002200 ) ;
#5799 = ORIENTED_EDGE ( 'NONE', *, *, #2068, .T. ) ;
#5800 = DIRECTION ( 'NONE',  ( 1.458100904399333800E-016, -1.000000000000000000, -0.0000000000000000000 ) ) ;
#5801 = CARTESIAN_POINT ( 'NONE',  ( 0.9500000000000011800, 1.025000000000000100, -1.774999999999998800 ) ) ;
#5802 = EDGE_LOOP ( 'NONE', ( #5254, #4103, #1380, #2143 ) ) ;
#5803 = EDGE_LOOP ( 'NONE', ( #5353, #558, #551, #6034 ) ) ;
#5804 = VECTOR ( 'NONE', #959, 1000.000000000000000 ) ;
#5805 = ADVANCED_FACE ( 'NONE', ( #1034 ), #3040, .F. ) ;
#5806 = SURFACE_STYLE_USAGE ( .BOTH. , #509 ) ;
#5807 = FACE_OUTER_BOUND ( 'NONE', #662, .T. ) ;
#5808 = EDGE_CURVE ( 'NONE', #3885, #4898, #2542, .T. ) ;
#5809 = CARTESIAN_POINT ( 'NONE',  ( -4.725000000000003200, 1.124999999999999300, -10.02500000000000000 ) ) ;
#5810 = VERTEX_POINT ( 'NONE', #5485 ) ;
#5811 = CARTESIAN_POINT ( 'NONE',  ( 0.3199999999999974000, 1.125000000000000200, -3.924999999999999800 ) ) ;
#5812 = ORIENTED_EDGE ( 'NONE', *, *, #3762, .F. ) ;
#5813 = AXIS2_PLACEMENT_3D ( 'NONE', #2447, #4937, #1546 ) ;
#5814 = ORIENTED_EDGE ( 'NONE', *, *, #6200, .F. ) ;
#5815 = EDGE_LOOP ( 'NONE', ( #5769, #4274, #5361, #5560 ) ) ;
#5816 = EDGE_LOOP ( 'NONE', ( #842, #5015, #4647, #2658 ) ) ;
#5817 = MANIFOLD_SOLID_BREP ( 'LPattern1', #3809 ) ;
#5818 = ORIENTED_EDGE ( 'NONE', *, *, #2531, .F. ) ;
#5819 = EDGE_CURVE ( 'NONE', #4677, #3315, #4062, .T. ) ;
#5820 = ORIENTED_EDGE ( 'NONE', *, *, #4124, .F. ) ;
#5821 = DIRECTION ( 'NONE',  ( 1.000000000000000000, 1.355252715606880500E-016, 0.0000000000000000000 ) ) ;
#5822 = ORIENTED_EDGE ( 'NONE', *, *, #150, .T. ) ;
#5823 = LINE ( 'NONE', #6226, #3799 ) ;
#5824 = CARTESIAN_POINT ( 'NONE',  ( 5.204999999999999200, 1.645000000000000700, -3.775000000000000400 ) ) ;
#5825 = AXIS2_PLACEMENT_3D ( 'NONE', #3926, #2004, #1526 ) ;
#5826 = DIRECTION ( 'NONE',  ( 0.0000000000000000000, 0.0000000000000000000, -1.000000000000000000 ) ) ;
#5827 = EDGE_LOOP ( 'NONE', ( #4368, #5538, #5976, #4562 ) ) ;
#5828 = DIRECTION ( 'NONE',  ( 1.458100904399333800E-016, -1.000000000000000000, -0.0000000000000000000 ) ) ;
#5829 = LINE ( 'NONE', #1720, #1311 ) ;
#5830 = CARTESIAN_POINT ( 'NONE',  ( -0.5499999999999983800, 2.045000000000000800, -11.47500000000000100 ) ) ;
#5831 = DIRECTION ( 'NONE',  ( 0.0000000000000000000, 0.0000000000000000000, -1.000000000000000000 ) ) ;
#5832 = EDGE_CURVE ( 'NONE', #2830, #3498, #216, .T. ) ;
#5833 = CYLINDRICAL_SURFACE ( 'NONE', #5374, 0.2000000000000000900 ) ;
#5834 = ADVANCED_FACE ( 'NONE', ( #1643 ), #5082, .F. ) ;
#5835 = EDGE_LOOP ( 'NONE', ( #3096, #5440, #4148, #1493 ) ) ;
#5836 = PLANE ( 'NONE',  #5813 ) ;
#5837 = DIRECTION ( 'NONE',  ( 1.000000000000000000, 0.0000000000000000000, 0.0000000000000000000 ) ) ;
#5838 = ORIENTED_EDGE ( 'NONE', *, *, #1023, .F. ) ;
#5839 = DIRECTION ( 'NONE',  ( 1.458100904399333800E-016, -1.000000000000000000, 0.0000000000000000000 ) ) ;
#5840 = ORIENTED_EDGE ( 'NONE', *, *, #3001, .T. ) ;
#5841 = DIRECTION ( 'NONE',  ( -1.458100904399333800E-016, 1.000000000000000000, -0.0000000000000000000 ) ) ;
#5842 = AXIS2_PLACEMENT_3D ( 'NONE', #1542, #2423, #993 ) ;
#5843 = FACE_OUTER_BOUND ( 'NONE', #364, .T. ) ;
#5844 = DIRECTION ( 'NONE',  ( 2.168404344971007900E-016, -1.000000000000000000, 0.0000000000000000000 ) ) ;
#5845 = CARTESIAN_POINT ( 'NONE',  ( 3.109999999999996300, 1.525000000000000600, -3.674999999999999400 ) ) ;
#5846 = ORIENTED_EDGE ( 'NONE', *, *, #3810, .F. ) ;
#5847 = DIRECTION ( 'NONE',  ( 1.000000000000000000, 1.458100904399333800E-016, 3.212450881438531300E-016 ) ) ;
#5848 = EDGE_CURVE ( 'NONE', #3745, #2191, #1492, .T. ) ;
#5849 = VECTOR ( 'NONE', #3482, 1000.000000000000000 ) ;
#5850 = ORIENTED_EDGE ( 'NONE', *, *, #2226, .T. ) ;
#5851 = AXIS2_PLACEMENT_3D ( 'NONE', #4337, #1517, #2394 ) ;
#5852 = CARTESIAN_POINT ( 'NONE',  ( -4.129999999999998100, 2.447125105937309400E-031, -1.775000000000000600 ) ) ;
#5853 = VECTOR ( 'NONE', #115, 1000.000000000000000 ) ;
#5854 = SURFACE_STYLE_FILL_AREA ( #5613 ) ;
#5855 = AXIS2_PLACEMENT_3D ( 'NONE', #527, #459, #6211 ) ;
#5856 = EDGE_LOOP ( 'NONE', ( #242, #4920, #5818, #4589, #2989, #3551, #2280, #3045, #5349, #3587, #3566, #3511, #2861, #2043, #3859, #3481, #1844, #6162 ) ) ;
#5857 = DIRECTION ( 'NONE',  ( -0.01029357226245748000, -1.500906702538914700E-018, -0.9999470197815869500 ) ) ;
#5858 = DIRECTION ( 'NONE',  ( -0.0000000000000000000, -0.0000000000000000000, 1.000000000000000000 ) ) ;
#5859 = EDGE_CURVE ( 'NONE', #3171, #5676, #5336, .T. ) ;
#5860 = ORIENTED_EDGE ( 'NONE', *, *, #587, .F. ) ;
#5861 = DIRECTION ( 'NONE',  ( 1.458100904399333800E-016, -1.000000000000000000, 0.0000000000000000000 ) ) ;
#5862 = LINE ( 'NONE', #2326, #5788 ) ;
#5863 = VECTOR ( 'NONE', #3829, 1000.000000000000000 ) ;
#5864 = ADVANCED_FACE ( 'NONE', ( #367 ), #2731, .F. ) ;
#5865 = CARTESIAN_POINT ( 'NONE',  ( 0.9500000000000011800, 1.645000000000000000, -11.07499999999999900 ) ) ;
#5866 = EDGE_CURVE ( 'NONE', #3437, #671, #4132, .T. ) ;
#5867 = CARTESIAN_POINT ( 'NONE',  ( 4.510000000000001600, 1.525000000000000800, -1.775000000000000600 ) ) ;
#5868 = AXIS2_PLACEMENT_3D ( 'NONE', #5308, #1918, #2 ) ;
#5869 = CIRCLE ( 'NONE', #2474, 0.2500000000000000000 ) ;
#5870 = CARTESIAN_POINT ( 'NONE',  ( 1.590000000000001200, 1.125000000000000400, -3.924999999999999800 ) ) ;
#5871 = VERTEX_POINT ( 'NONE', #4110 ) ;
#5872 = CARTESIAN_POINT ( 'NONE',  ( -1.589999999999997600, 0.4000000000000004100, 0.2250000000000012500 ) ) ;
#5873 = CARTESIAN_POINT ( 'NONE',  ( 3.490000000000000200, 1.005000000000000600, -11.07499999999999900 ) ) ;
#5874 = VERTEX_POINT ( 'NONE', #6100 ) ;
#5876 = EDGE_CURVE ( 'NONE', #6151, #1773, #2988, .T. ) ;
#5875 = FACE_OUTER_BOUND ( 'NONE', #1817, .T. ) ;
#5877 = ORIENTED_EDGE ( 'NONE', *, *, #1042, .T. ) ;
#5878 = VECTOR ( 'NONE', #2584, 1000.000000000000000 ) ;
#5879 = ORIENTED_EDGE ( 'NONE', *, *, #6139, .T. ) ;
#5880 = CARTESIAN_POINT ( 'NONE',  ( -5.695277774416255500, 1.124999999999999100, -8.752773196134491200 ) ) ;
#5881 = EDGE_LOOP ( 'NONE', ( #5193, #1961, #793, #579, #5820, #4330 ) ) ;
#5882 = CARTESIAN_POINT ( 'NONE',  ( 3.809999999999999200, 1.125000000000000700, -5.225000000000002300 ) ) ;
#5883 = ORIENTED_EDGE ( 'NONE', *, *, #4000, .F. ) ;
#5884 = VECTOR ( 'NONE', #3949, 1000.000000000000000 ) ;
#5885 = VECTOR ( 'NONE', #3870, 1000.000000000000000 ) ;
#5886 = PLANE ( 'NONE',  #585 ) ;
#5887 = ORIENTED_EDGE ( 'NONE', *, *, #392, .T. ) ;
#5888 = VERTEX_POINT ( 'NONE', #2178 ) ;
#5889 = DIRECTION ( 'NONE',  ( 0.0000000000000000000, -1.000000000000000000, 0.0000000000000000000 ) ) ;
#5890 = DIRECTION ( 'NONE',  ( -0.0000000000000000000, -0.0000000000000000000, 1.000000000000000000 ) ) ;
#5891 = EDGE_CURVE ( 'NONE', #2001, #4832, #2165, .T. ) ;
#5892 = CARTESIAN_POINT ( 'NONE',  ( 3.490000000000000200, 8.673617379884037400E-016, -0.2505119680435638500 ) ) ;
#5893 = VERTEX_POINT ( 'NONE', #5113 ) ;
#5894 = CARTESIAN_POINT ( 'NONE',  ( -3.490000000000000200, 0.5000000000000001100, -0.2505119680435638500 ) ) ;
#5895 = ORIENTED_EDGE ( 'NONE', *, *, #5470, .T. ) ;
#5896 = ORIENTED_EDGE ( 'NONE', *, *, #2865, .F. ) ;
#5897 = AXIS2_PLACEMENT_3D ( 'NONE', #3694, #4123, #3671 ) ;
#5898 = LINE ( 'NONE', #1153, #1384 ) ;
#5899 = VERTEX_POINT ( 'NONE', #271 ) ;
#5900 = DIRECTION ( 'NONE',  ( 0.0000000000000000000, -1.000000000000000000, 0.0000000000000000000 ) ) ;
#5901 = DIRECTION ( 'NONE',  ( 1.031033037155008900E-016, -0.7071067811865489100, -0.7071067811865461300 ) ) ;
#5902 = EDGE_CURVE ( 'NONE', #4842, #102, #4726, .T. ) ;
#5903 = CARTESIAN_POINT ( 'NONE',  ( -1.589999999999997600, 1.524999999999999700, -3.774999999999999000 ) ) ;
#5904 = ORIENTED_EDGE ( 'NONE', *, *, #6215, .F. ) ;
#5905 = EDGE_CURVE ( 'NONE', #6042, #2932, #5939, .T. ) ;
#5906 = VECTOR ( 'NONE', #2516, 1000.000000000000100 ) ;
#5907 = AXIS2_PLACEMENT_3D ( 'NONE', #2146, #3661, #236 ) ;
#5908 = CARTESIAN_POINT ( 'NONE',  ( 2.540000000000000500, 1.125000000000000400, -2.975000000000000100 ) ) ;
#5909 = CARTESIAN_POINT ( 'NONE',  ( -4.129999999999998100, 1.644999999999999400, -11.07499999999999900 ) ) ;
#5910 = ORIENTED_EDGE ( 'NONE', *, *, #2195, .T. ) ;
#5911 = VERTEX_POINT ( 'NONE', #759 ) ;
#5912 = CARTESIAN_POINT ( 'NONE',  ( -3.155277774416255000, 1.124999999999999600, -8.752773196134491200 ) ) ;
#5913 = PLANE ( 'NONE',  #814 ) ;
#5914 = EDGE_CURVE ( 'NONE', #3005, #4895, #1263, .T. ) ;
#5915 = ORIENTED_EDGE ( 'NONE', *, *, #4540, .F. ) ;
#5916 = DIRECTION ( 'NONE',  ( 1.458100904399333800E-016, -1.000000000000000000, 0.0000000000000000000 ) ) ;
#5917 = LINE ( 'NONE', #3554, #5543 ) ;
#5918 = ORIENTED_EDGE ( 'NONE', *, *, #4526, .T. ) ;
#5919 = ORIENTED_EDGE ( 'NONE', *, *, #4988, .F. ) ;
#5920 = DIRECTION ( 'NONE',  ( 1.458100904399333800E-016, -1.000000000000000000, -0.0000000000000000000 ) ) ;
#5921 = DIRECTION ( 'NONE',  ( 1.000000000000000000, 1.458100904399333800E-016, -0.0000000000000000000 ) ) ;
#5922 = CARTESIAN_POINT ( 'NONE',  ( 5.204999999999999200, 1.125000000000000900, -3.775000000000000400 ) ) ;
#5923 = CIRCLE ( 'NONE', #6089, 1.599999999999999900 ) ;
#5924 = EDGE_CURVE ( 'NONE', #2007, #4405, #2022, .T. ) ;
#5925 = EDGE_LOOP ( 'NONE', ( #5095, #834, #2422, #5636 ) ) ;
#5926 = DIRECTION ( 'NONE',  ( -0.0000000000000000000, -0.0000000000000000000, 1.000000000000000000 ) ) ;
#5927 = AXIS2_PLACEMENT_3D ( 'NONE', #1646, #5986, #2617 ) ;
#5928 = DIRECTION ( 'NONE',  ( 0.0000000000000000000, -1.000000000000000000, 0.0000000000000000000 ) ) ;
#5929 = CARTESIAN_POINT ( 'NONE',  ( 3.490000000000000200, 1.084202172485504800E-015, -0.2505119680435638500 ) ) ;
#5930 = LINE ( 'NONE', #5555, #362 ) ;
#5931 = ORIENTED_EDGE ( 'NONE', *, *, #2252, .F. ) ;
#5932 = DIRECTION ( 'NONE',  ( -4.320902962630632700E-017, 0.7071067811865461300, -0.7071067811865489100 ) ) ;
#5933 = DIRECTION ( 'NONE',  ( 1.458100904399333800E-016, -1.000000000000000000, -0.0000000000000000000 ) ) ;
#5934 = LINE ( 'NONE', #2860, #892 ) ;
#5935 = CARTESIAN_POINT ( 'NONE',  ( -4.129999999999998100, 1.524999999999999500, -3.775000000000000400 ) ) ;
#5936 = AXIS2_PLACEMENT_3D ( 'NONE', #5474, #6135, #300 ) ;
#5937 = CARTESIAN_POINT ( 'NONE',  ( 3.490000000000000200, 1.125000000000000700, -3.674999999999999400 ) ) ;
#5938 = LINE ( 'NONE', #4756, #2994 ) ;
#5939 = CIRCLE ( 'NONE', #4181, 0.2500000000000002200 ) ;
#5940 = ADVANCED_FACE ( 'NONE', ( #4285 ), #2240, .T. ) ;
#5941 = ORIENTED_EDGE ( 'NONE', *, *, #63, .T. ) ;
#5942 = VECTOR ( 'NONE', #4053, 1000.000000000000000 ) ;
#5943 = VECTOR ( 'NONE', #1831, 1000.000000000000000 ) ;
#5944 = PLANE ( 'NONE',  #5418 ) ;
#5945 = FACE_OUTER_BOUND ( 'NONE', #4303, .T. ) ;
#5946 = DIRECTION ( 'NONE',  ( -1.239088197126290300E-016, -1.806715620860384200E-032, -1.000000000000000000 ) ) ;
#5947 = LINE ( 'NONE', #4254, #2254 ) ;
#5948 = EDGE_CURVE ( 'NONE', #2155, #4088, #5265, .T. ) ;
#5949 = DIRECTION ( 'NONE',  ( -1.458100904399333800E-016, 1.000000000000000000, 2.736911063134407700E-048 ) ) ;
#5950 = ORIENTED_EDGE ( 'NONE', *, *, #1654, .F. ) ;
#5951 = ORIENTED_EDGE ( 'NONE', *, *, #424, .T. ) ;
#5952 = DIRECTION ( 'NONE',  ( -1.000000000000000000, -1.458100904399333800E-016, -0.0000000000000000000 ) ) ;
#5953 = VERTEX_POINT ( 'NONE', #5239 ) ;
#5954 = ORIENTED_EDGE ( 'NONE', *, *, #674, .T. ) ;
#5955 = FACE_OUTER_BOUND ( 'NONE', #5022, .T. ) ;
#5956 = VECTOR ( 'NONE', #651, 1000.000000000000000 ) ;
#5957 = CARTESIAN_POINT ( 'NONE',  ( -4.129999999999998100, 1.403215706815878600, -1.447963489625753200 ) ) ;
#5958 = ORIENTED_EDGE ( 'NONE', *, *, #6193, .T. ) ;
#5959 = DIRECTION ( 'NONE',  ( -1.000000000000000000, -1.458100904399333800E-016, 0.0000000000000000000 ) ) ;
#5960 = ORIENTED_EDGE ( 'NONE', *, *, #562, .T. ) ;
#5961 = EDGE_LOOP ( 'NONE', ( #4520, #767, #1888, #267 ) ) ;
#5962 = DIRECTION ( 'NONE',  ( 1.548860246407857400E-016, 2.258394526075472000E-032, -1.000000000000000000 ) ) ;
#5963 = ORIENTED_EDGE ( 'NONE', *, *, #5162, .F. ) ;
#5964 = ORIENTED_EDGE ( 'NONE', *, *, #3509, .F. ) ;
#5965 = AXIS2_PLACEMENT_3D ( 'NONE', #3881, #4885, #4421 ) ;
#5966 = CARTESIAN_POINT ( 'NONE',  ( 0.9500000000000011800, 1.025000000000000100, -1.774999999999998800 ) ) ;
#5967 = ORIENTED_EDGE ( 'NONE', *, *, #266, .T. ) ;
#5968 = ORIENTED_EDGE ( 'NONE', *, *, #4630, .F. ) ;
#5969 = CARTESIAN_POINT ( 'NONE',  ( 4.129999999999999900, 1.005000000000000600, -10.77500000000000200 ) ) ;
#5970 = DIRECTION ( 'NONE',  ( 0.0000000000000000000, -1.000000000000000000, 0.0000000000000000000 ) ) ;
#5971 = EDGE_CURVE ( 'NONE', #102, #3702, #5563, .T. ) ;
#5973 = EDGE_CURVE ( 'NONE', #4866, #19, #4963, .T. ) ;
#5972 = VECTOR ( 'NONE', #2897, 1000.000000000000000 ) ;
#5974 = ADVANCED_FACE ( 'NONE', ( #2385 ), #2788, .T. ) ;
#5975 = DIRECTION ( 'NONE',  ( -1.000000000000000000, -1.458100904399332600E-016, 0.0000000000000000000 ) ) ;
#5976 = ORIENTED_EDGE ( 'NONE', *, *, #5134, .F. ) ;
#5977 = AXIS2_PLACEMENT_3D ( 'NONE', #2667, #5631, #1756 ) ;
#5978 = DIRECTION ( 'NONE',  ( 1.239088197126290300E-016, 1.806715620860384200E-032, 1.000000000000000000 ) ) ;
#5979 = PLANE ( 'NONE',  #2701 ) ;
#5980 = CYLINDRICAL_SURFACE ( 'NONE', #3879, 0.2500000000000000000 ) ;
#5981 = CARTESIAN_POINT ( 'NONE',  ( 1.590000000000001200, 1.125000000000000400, -3.674999999999999400 ) ) ;
#5982 = CARTESIAN_POINT ( 'NONE',  ( -1.589999999999997600, 1.024999999999999700, -1.775000000000000600 ) ) ;
#5983 = AXIS2_PLACEMENT_3D ( 'NONE', #3890, #2853, #4771 ) ;
#5984 = CARTESIAN_POINT ( 'NONE',  ( -4.510000000000003300, 1.524999999999999500, -3.674999999999999400 ) ) ;
#5985 = EDGE_CURVE ( 'NONE', #1301, #3002, #3528, .T. ) ;
#5986 = DIRECTION ( 'NONE',  ( -1.000000000000000000, -1.458100904399333800E-016, 0.0000000000000000000 ) ) ;
#5987 = VECTOR ( 'NONE', #730, 1000.000000000000000 ) ;
#5988 = CARTESIAN_POINT ( 'NONE',  ( 3.690000000000000400, 0.4000000000000011300, 0.4250000000000000400 ) ) ;
#5989 = CARTESIAN_POINT ( 'NONE',  ( 2.185000000000002700, 1.525000000000000600, -10.02500000000000000 ) ) ;
#5990 = EDGE_CURVE ( 'NONE', #469, #6031, #2550, .T. ) ;
#5991 = VERTEX_POINT ( 'NONE', #6181 ) ;
#5992 = DIRECTION ( 'NONE',  ( 0.0000000000000000000, 0.0000000000000000000, -1.000000000000000000 ) ) ;
#5993 = VERTEX_POINT ( 'NONE', #6209 ) ;
#5994 = CARTESIAN_POINT ( 'NONE',  ( 2.859999999999998100, 1.125000000000000400, -6.625000000000000900 ) ) ;
#5995 = ORIENTED_EDGE ( 'NONE', *, *, #4267, .F. ) ;
#5996 = CARTESIAN_POINT ( 'NONE',  ( 0.3549999999999994300, 1.125000000000000200, -10.02500000000000000 ) ) ;
#5997 = DIRECTION ( 'NONE',  ( -1.458100904399333800E-016, 1.000000000000000000, 0.0000000000000000000 ) ) ;
#5998 = EDGE_CURVE ( 'NONE', #3125, #564, #2245, .T. ) ;
#5999 = VECTOR ( 'NONE', #5607, 1000.000000000000000 ) ;
#6000 = CARTESIAN_POINT ( 'NONE',  ( 3.459999999999999500, 1.125000000000000700, -5.225000000000002300 ) ) ;
#6001 = ORIENTED_EDGE ( 'NONE', *, *, #4326, .T. ) ;
#6002 = DIRECTION ( 'NONE',  ( 1.458100904399333800E-016, -1.000000000000000000, 0.0000000000000000000 ) ) ;
#6003 = CARTESIAN_POINT ( 'NONE',  ( -4.725000000000003200, 1.524999999999999500, -10.02500000000000000 ) ) ;
#6004 = DIRECTION ( 'NONE',  ( -9.537044630965832400E-017, 0.6540730207484939400, -0.7564314136317583600 ) ) ;
#6005 = VECTOR ( 'NONE', #1641, 1000.000000000000000 ) ;
#6006 = ADVANCED_FACE ( 'NONE', ( #6244 ), #3786, .F. ) ;
#6007 = ORIENTED_EDGE ( 'NONE', *, *, #3672, .F. ) ;
#6008 = UNCERTAINTY_MEASURE_WITH_UNIT (LENGTH_MEASURE( 1.000000000000000100E-005 ), #863, 'distance_accuracy_value', 'NONE');
#6009 = EDGE_CURVE ( 'NONE', #5603, #2201, #602, .T. ) ;
#6010 = VECTOR ( 'NONE', #538, 1000.000000000000000 ) ;
#6011 = ORIENTED_EDGE ( 'NONE', *, *, #1554, .F. ) ;
#6012 = CARTESIAN_POINT ( 'NONE',  ( 2.860000000000001200, 1.525000000000000600, -3.775000000000000400 ) ) ;
#6013 = CARTESIAN_POINT ( 'NONE',  ( 5.204999999999999200, 1.125000000000000900, -3.775000000000000400 ) ) ;
#6014 = LINE ( 'NONE', #3, #598 ) ;
#6015 = VECTOR ( 'NONE', #4458, 1000.000000000000000 ) ;
#6016 = DIRECTION ( 'NONE',  ( -1.458100904399333800E-016, 1.000000000000000000, 0.0000000000000000000 ) ) ;
#6017 = DIRECTION ( 'NONE',  ( 0.0000000000000000000, 0.0000000000000000000, -1.000000000000000000 ) ) ;
#6018 = EDGE_CURVE ( 'NONE', #1959, #2581, #4652, .T. ) ;
#6019 = CARTESIAN_POINT ( 'NONE',  ( -0.5699999999999976200, 1.524999999999999900, -3.924999999999999800 ) ) ;
#6020 = CARTESIAN_POINT ( 'NONE',  ( 1.270000000000000200, 1.525000000000000100, -5.225000000000002300 ) ) ;
#6021 = ORIENTED_EDGE ( 'NONE', *, *, #1335, .F. ) ;
#6022 = VECTOR ( 'NONE', #4205, 1000.000000000000000 ) ;
#6023 = CARTESIAN_POINT ( 'NONE',  ( -2.220000000000003300, 1.124999999999999800, -6.625000000000000900 ) ) ;
#6024 = VECTOR ( 'NONE', #1943, 1000.000000000000000 ) ;
#6025 = VERTEX_POINT ( 'NONE', #1841 ) ;
#6026 = EDGE_CURVE ( 'NONE', #5888, #3908, #3305, .T. ) ;
#6027 = DIRECTION ( 'NONE',  ( -1.458100904399333800E-016, 1.000000000000000000, 0.0000000000000000000 ) ) ;
#6028 = DIRECTION ( 'NONE',  ( 0.0000000000000000000, 0.0000000000000000000, -1.000000000000000000 ) ) ;
#6029 = ORIENTED_EDGE ( 'NONE', *, *, #4207, .T. ) ;
#6030 = VECTOR ( 'NONE', #2768, 1000.000000000000000 ) ;
#6031 = VERTEX_POINT ( 'NONE', #4658 ) ;
#6032 = LINE ( 'NONE', #3630, #3472 ) ;
#6033 = DIRECTION ( 'NONE',  ( -0.9998476951563912700, -1.457878828569123600E-016, -0.01745240643728365000 ) ) ;
#6034 = ORIENTED_EDGE ( 'NONE', *, *, #5220, .F. ) ;
#6035 = EDGE_LOOP ( 'NONE', ( #3494, #1337, #3947, #773 ) ) ;
#6036 = ORIENTED_EDGE ( 'NONE', *, *, #4185, .F. ) ;
#6038 = EDGE_CURVE ( 'NONE', #453, #3489, #5415, .T. ) ;
#6037 = VECTOR ( 'NONE', #1840, 1000.000000000000000 ) ;
#6039 = LINE ( 'NONE', #943, #4307 ) ;
#6040 = ADVANCED_FACE ( 'NONE', ( #1719 ), #840, .T. ) ;
#6041 = EDGE_LOOP ( 'NONE', ( #2663, #3247, #1166, #5421 ) ) ;
#6042 = VERTEX_POINT ( 'NONE', #5655 ) ;
#6043 = DIRECTION ( 'NONE',  ( 1.000000000000000000, 1.458100904399333800E-016, 0.0000000000000000000 ) ) ;
#6044 = EDGE_LOOP ( 'NONE', ( #3339, #1350, #5730, #2577 ) ) ;
#6045 = EDGE_LOOP ( 'NONE', ( #2072, #5283, #2894, #2002 ) ) ;
#6046 = DIRECTION ( 'NONE',  ( 1.458100904399333800E-016, -1.000000000000000000, 0.0000000000000000000 ) ) ;
#6047 = ORIENTED_EDGE ( 'NONE', *, *, #472, .T. ) ;
#6048 = EDGE_LOOP ( 'NONE', ( #5111, #728, #3326, #4821 ) ) ;
#6049 = LINE ( 'NONE', #184, #5376 ) ;
#6050 = CARTESIAN_POINT ( 'NONE',  ( 1.590000000000001200, 8.673617379884037400E-016, -0.2505119680435638500 ) ) ;
#6051 = ORIENTED_EDGE ( 'NONE', *, *, #4815, .F. ) ;
#6052 = CARTESIAN_POINT ( 'NONE',  ( 5.204999999999999200, 1.125000000000000900, -3.775000000000000400 ) ) ;
#6053 = AXIS2_PLACEMENT_3D ( 'NONE', #4956, #1672, #177 ) ;
#6054 = DIRECTION ( 'NONE',  ( -1.000000000000000000, -1.458100904399333800E-016, 0.0000000000000000000 ) ) ;
#6055 = LINE ( 'NONE', #2455, #1981 ) ;
#6056 = CARTESIAN_POINT ( 'NONE',  ( -1.589999999999997600, 0.4000000000000004100, -1.775000000000000600 ) ) ;
#6057 = DIRECTION ( 'NONE',  ( 1.458100904399333800E-016, -1.000000000000000000, 0.0000000000000000000 ) ) ;
#6058 = VECTOR ( 'NONE', #5096, 1000.000000000000000 ) ;
#6059 = AXIS2_PLACEMENT_3D ( 'NONE', #5020, #259, #2100 ) ;
#6060 = CARTESIAN_POINT ( 'NONE',  ( -0.9499999999999995100, 1.644999999999999800, -11.07499999999999900 ) ) ;
#6061 = ADVANCED_FACE ( 'NONE', ( #2396 ), #4706, .T. ) ;
#6062 = CARTESIAN_POINT ( 'NONE',  ( -1.924722225583746400, 1.124999999999999800, -8.752773196134491200 ) ) ;
#6063 = ORIENTED_EDGE ( 'NONE', *, *, #2978, .T. ) ;
#6064 = DIRECTION ( 'NONE',  ( -1.000000000000000000, -1.458100904399333800E-016, 0.0000000000000000000 ) ) ;
#6065 = FACE_OUTER_BOUND ( 'NONE', #1997, .T. ) ;
#6066 = DIRECTION ( 'NONE',  ( -1.458100904399333800E-016, 1.000000000000000000, -0.0000000000000000000 ) ) ;
#6067 = ORIENTED_EDGE ( 'NONE', *, *, #3549, .T. ) ;
#6068 = CARTESIAN_POINT ( 'NONE',  ( 4.129999999999999900, 1.125000000000000700, -10.77500000000000200 ) ) ;
#6069 = ORIENTED_EDGE ( 'NONE', *, *, #4056, .F. ) ;
#6070 = ADVANCED_FACE ( 'NONE', ( #3376 ), #6093, .T. ) ;
#6071 = CARTESIAN_POINT ( 'NONE',  ( 5.695277774416253700, 1.125000000000000900, -8.752773196134491200 ) ) ;
#6072 = DIRECTION ( 'NONE',  ( -1.606225440719265900E-016, -2.342038767781980200E-032, -1.000000000000000000 ) ) ;
#6073 = VECTOR ( 'NONE', #5464, 1000.000000000000000 ) ;
#6074 = EDGE_CURVE ( 'NONE', #6076, #3288, #1109, .T. ) ;
#6075 = VERTEX_POINT ( 'NONE', #2930 ) ;
#6076 = VERTEX_POINT ( 'NONE', #1017 ) ;
#6077 = LINE ( 'NONE', #4667, #660 ) ;
#6078 = CARTESIAN_POINT ( 'NONE',  ( -1.589999999999997600, 0.1217842931841212900, -0.5775484784178112100 ) ) ;
#6079 = VERTEX_POINT ( 'NONE', #6243 ) ;
#6080 = CARTESIAN_POINT ( 'NONE',  ( 2.894999999999998200, 1.525000000000000800, -10.02500000000000000 ) ) ;
#6081 = EDGE_CURVE ( 'NONE', #1819, #2459, #2088, .T. ) ;
#6082 = DIRECTION ( 'NONE',  ( 2.083001291999051800E-017, -1.000000000000000000, -1.368455531567204200E-048 ) ) ;
#6083 = LINE ( 'NONE', #5996, #2841 ) ;
#6084 = DIRECTION ( 'NONE',  ( -1.000000000000000000, -1.458100904399333800E-016, -0.0000000000000000000 ) ) ;
#6085 = CARTESIAN_POINT ( 'NONE',  ( -0.3199999999999974000, 1.125000000000000000, -6.625000000000000900 ) ) ;
#6086 = VECTOR ( 'NONE', #940, 1000.000000000000000 ) ;
#6087 = VERTEX_POINT ( 'NONE', #4807 ) ;
#6088 = DIRECTION ( 'NONE',  ( 1.458100904399333800E-016, -1.000000000000000000, 0.0000000000000000000 ) ) ;
#6089 = AXIS2_PLACEMENT_3D ( 'NONE', #4317, #492, #440 ) ;
#6090 = LINE ( 'NONE', #969, #4805 ) ;
#6091 = VECTOR ( 'NONE', #2997, 1000.000000000000000 ) ;
#6092 = CARTESIAN_POINT ( 'NONE',  ( 3.690000000000000400, 1.025000000000000600, 0.4250000000000000400 ) ) ;
#6093 = CYLINDRICAL_SURFACE ( 'NONE', #3605, 0.2500000000000002200 ) ;
#6094 = CARTESIAN_POINT ( 'NONE',  ( -4.129999999999998100, 0.3999999999999999700, 0.4250000000000000400 ) ) ;
#6095 = ADVANCED_FACE ( 'NONE', ( #821 ), #3384, .T. ) ;
#6096 = EDGE_CURVE ( 'NONE', #4721, #402, #2702, .T. ) ;
#6097 = VECTOR ( 'NONE', #685, 1000.000000000000000 ) ;
#6098 = AXIS2_PLACEMENT_3D ( 'NONE', #4166, #5079, #4594 ) ;
#6099 = CYLINDRICAL_SURFACE ( 'NONE', #667, 0.2000000000000000900 ) ;
#6100 = CARTESIAN_POINT ( 'NONE',  ( -3.490000000000000200, 1.524999999999999500, -1.775000000000000600 ) ) ;
#6101 = CARTESIAN_POINT ( 'NONE',  ( 0.0000000000000000000, 0.6049999999999989800, -11.47500000000000100 ) ) ;
#6102 = AXIS2_PLACEMENT_3D ( 'NONE', #55, #4868, #2026 ) ;
#6103 = CARTESIAN_POINT ( 'NONE',  ( 0.5500000000000001600, 0.6049999999999990900, -11.47500000000000100 ) ) ;
#6104 = FACE_OUTER_BOUND ( 'NONE', #4992, .T. ) ;
#6105 = ORIENTED_EDGE ( 'NONE', *, *, #1772, .T. ) ;
#6106 = CYLINDRICAL_SURFACE ( 'NONE', #2992, 0.3499999999999996400 ) ;
#6107 = DIRECTION ( 'NONE',  ( -1.458100904399333800E-016, 1.000000000000000000, 0.0000000000000000000 ) ) ;
#6108 = ORIENTED_EDGE ( 'NONE', *, *, #1075, .T. ) ;
#6109 = EDGE_CURVE ( 'NONE', #2643, #668, #3228, .T. ) ;
#6110 = CARTESIAN_POINT ( 'NONE',  ( 1.590000000000001200, 1.025000000000000100, -1.774999999999998800 ) ) ;
#6111 = CARTESIAN_POINT ( 'NONE',  ( -1.589999999999997600, 4.336808689942019700E-016, -0.2505119680435621300 ) ) ;
#6112 = ORIENTED_EDGE ( 'NONE', *, *, #4903, .F. ) ;
#6113 = PLANE ( 'NONE',  #2058 ) ;
#6114 = EDGE_LOOP ( 'NONE', ( #5433, #1151, #3658, #1566 ) ) ;
#6115 = LINE ( 'NONE', #1316, #2338 ) ;
#6116 = CIRCLE ( 'NONE', #2190, 0.5000000000000002200 ) ;
#6117 = EDGE_CURVE ( 'NONE', #659, #5135, #4808, .T. ) ;
#6118 = EDGE_LOOP ( 'NONE', ( #2463, #4371, #1659, #1139 ) ) ;
#6119 = AXIS2_PLACEMENT_3D ( 'NONE', #2588, #1155, #4515 ) ;
#6120 = ORIENTED_EDGE ( 'NONE', *, *, #3781, .F. ) ;
#6121 = CARTESIAN_POINT ( 'NONE',  ( 5.204999999999999200, 2.649999999999999900, -11.47500000000000100 ) ) ;
#6122 = VERTEX_POINT ( 'NONE', #2404 ) ;
#6123 = CARTESIAN_POINT ( 'NONE',  ( -4.760000000000004200, 1.524999999999999200, -3.924999999999999800 ) ) ;
#6124 = ORIENTED_EDGE ( 'NONE', *, *, #4679, .T. ) ;
#6125 = ORIENTED_EDGE ( 'NONE', *, *, #2808, .F. ) ;
#6126 = DIRECTION ( 'NONE',  ( -1.000000000000000000, -1.458100904399333800E-016, -0.0000000000000000000 ) ) ;
#6127 = EDGE_CURVE ( 'NONE', #5398, #4405, #1947, .T. ) ;
#6128 = CARTESIAN_POINT ( 'NONE',  ( -2.219999999999999800, 1.124999999999999800, -2.975000000000000100 ) ) ;
#6129 = ORIENTED_EDGE ( 'NONE', *, *, #250, .F. ) ;
#6130 = ORIENTED_EDGE ( 'NONE', *, *, #1390, .T. ) ;
#6131 = ADVANCED_FACE ( 'NONE', ( #4503 ), #2852, .T. ) ;
#6132 = CARTESIAN_POINT ( 'NONE',  ( 3.490000000000000200, 1.525000000000000600, -3.774999999999999000 ) ) ;
#6133 = LINE ( 'NONE', #1533, #6210 ) ;
#6134 = CARTESIAN_POINT ( 'NONE',  ( 0.9500000000000011800, 1.100643141363176100, -1.709592697925149200 ) ) ;
#6135 = DIRECTION ( 'NONE',  ( 1.000000000000000000, 1.458100904399333800E-016, 0.0000000000000000000 ) ) ;
#6136 = ORIENTED_EDGE ( 'NONE', *, *, #5767, .T. ) ;
#6137 = VERTEX_POINT ( 'NONE', #17 ) ;
#6139 = EDGE_CURVE ( 'NONE', #5210, #4862, #445, .T. ) ;
#6138 = LINE ( 'NONE', #5957, #2813 ) ;
#6140 = CARTESIAN_POINT ( 'NONE',  ( -4.760000000000004200, 1.124999999999999300, -3.924999999999999800 ) ) ;
#6141 = FACE_OUTER_BOUND ( 'NONE', #3560, .T. ) ;
#6142 = DIRECTION ( 'NONE',  ( 1.000000000000000000, 0.0000000000000000000, 0.0000000000000000000 ) ) ;
#6143 = ORIENTED_EDGE ( 'NONE', *, *, #5606, .T. ) ;
#6144 = SURFACE_SIDE_STYLE ('',( #6169 ) ) ;
#6145 = EDGE_LOOP ( 'NONE', ( #4985, #4170, #2485, #4900, #1965, #3473, #5136, #5508, #4609, #2418, #4228, #1303, #4556, #1903, #3659, #1797, #2049, #1144 ) ) ;
#6146 = PLANE ( 'NONE',  #3932 ) ;
#6147 = EDGE_CURVE ( 'NONE', #6183, #1360, #295, .T. ) ;
#6148 = CARTESIAN_POINT ( 'NONE',  ( -1.990000000000002200, 2.045000000000000400, -11.47500000000000100 ) ) ;
#6149 = DIRECTION ( 'NONE',  ( -9.537044630965832400E-017, 0.6540730207484939400, -0.7564314136317583600 ) ) ;
#6150 = VERTEX_POINT ( 'NONE', #2383 ) ;
#6151 = VERTEX_POINT ( 'NONE', #1886 ) ;
#6152 = CARTESIAN_POINT ( 'NONE',  ( 3.930000000000001000, 0.4000000000000011300, 0.4250000000000000400 ) ) ;
#6153 = AXIS2_PLACEMENT_3D ( 'NONE', #775, #334, #4616 ) ;
#6154 = CARTESIAN_POINT ( 'NONE',  ( -1.270000000000000200, 1.524999999999999900, -5.225000000000002300 ) ) ;
#6155 = VECTOR ( 'NONE', #807, 1000.000000000000000 ) ;
#6156 = ORIENTED_EDGE ( 'NONE', *, *, #5706, .F. ) ;
#6157 = CARTESIAN_POINT ( 'NONE',  ( -4.530000000000002900, 0.6049999999999982100, -11.47500000000000100 ) ) ;
#6158 = DIRECTION ( 'NONE',  ( -1.000000000000000000, -1.458100904399332600E-016, 0.0000000000000000000 ) ) ;
#6159 = EDGE_CURVE ( 'NONE', #1368, #3421, #1572, .T. ) ;
#6160 = ADVANCED_FACE ( 'NONE', ( #4800 ), #3363, .F. ) ;
#6161 = FACE_OUTER_BOUND ( 'NONE', #2831, .T. ) ;
#6162 = ORIENTED_EDGE ( 'NONE', *, *, #3664, .F. ) ;
#6163 = DIRECTION ( 'NONE',  ( -1.458100904399333800E-016, 1.000000000000000000, 0.0000000000000000000 ) ) ;
#6164 = CARTESIAN_POINT ( 'NONE',  ( -0.5699999999999976200, 1.125000000000000000, -3.674999999999999400 ) ) ;
#6165 = LINE ( 'NONE', #1836, #5334 ) ;
#6166 = VECTOR ( 'NONE', #3189, 1000.000000000000000 ) ;
#6167 = CARTESIAN_POINT ( 'NONE',  ( 3.690000000000000400, 1.084202172485504800E-015, 0.2250000000000012500 ) ) ;
#6168 = ORIENTED_EDGE ( 'NONE', *, *, #3140, .F. ) ;
#6169 = SURFACE_STYLE_FILL_AREA ( #1801 ) ;
#6170 = CARTESIAN_POINT ( 'NONE',  ( 2.185000000000002700, 1.125000000000000400, -10.02500000000000000 ) ) ;
#6171 = UNCERTAINTY_MEASURE_WITH_UNIT (LENGTH_MEASURE( 1.000000000000000100E-005 ), #3887, 'distance_accuracy_value', 'NONE');
#6172 = CARTESIAN_POINT ( 'NONE',  ( 3.155277774416255000, 1.125000000000000400, -8.752773196134491200 ) ) ;
#6173 = LINE ( 'NONE', #1198, #4068 ) ;
#6174 = LINE ( 'NONE', #4897, #1046 ) ;
#6175 = CARTESIAN_POINT ( 'NONE',  ( 7.620000000000000100, 1.125000000000001100, -10.77500000000000200 ) ) ;
#6176 = VECTOR ( 'NONE', #5772, 1000.000000000000000 ) ;
#6177 = EDGE_CURVE ( 'NONE', #3583, #1282, #4957, .T. ) ;
#6178 = ORIENTED_EDGE ( 'NONE', *, *, #5155, .T. ) ;
#6179 = EDGE_LOOP ( 'NONE', ( #1483, #2415, #496, #27 ) ) ;
#6180 = FACE_OUTER_BOUND ( 'NONE', #1622, .T. ) ;
#6181 = CARTESIAN_POINT ( 'NONE',  ( -4.530000000000002900, 0.6049999999999983200, -11.47500000000000100 ) ) ;
#6182 = VECTOR ( 'NONE', #917, 1000.000000000000000 ) ;
#6183 = VERTEX_POINT ( 'NONE', #4852 ) ;
#6184 = CARTESIAN_POINT ( 'NONE',  ( -3.155277774416255000, 1.524999999999999700, -8.752773196134491200 ) ) ;
#6185 = AXIS2_PLACEMENT_3D ( 'NONE', #3999, #3958, #1595 ) ;
#6186 = DIRECTION ( 'NONE',  ( -0.01029357226245786000, -1.500906702538970600E-018, 0.9999470197815869500 ) ) ;
#6187 = VERTEX_POINT ( 'NONE', #4834 ) ;
#6188 = ORIENTED_EDGE ( 'NONE', *, *, #1884, .F. ) ;
#6189 = LINE ( 'NONE', #3740, #6037 ) ;
#6190 = ADVANCED_FACE ( 'NONE', ( #5713 ), #999, .T. ) ;
#6191 = CARTESIAN_POINT ( 'NONE',  ( 0.9500000000000011800, 1.100643141363176100, -1.709592697925149200 ) ) ;
#6192 = VECTOR ( 'NONE', #5401, 1000.000000000000000 ) ;
#6193 = EDGE_CURVE ( 'NONE', #232, #2502, #753, .T. ) ;
#6194 = PLANE ( 'NONE',  #1709 ) ;
#6195 = CARTESIAN_POINT ( 'NONE',  ( -3.109999999999998100, 1.124999999999999600, -3.674999999999999400 ) ) ;
#6196 = ORIENTED_EDGE ( 'NONE', *, *, #1354, .F. ) ;
#6197 = VERTEX_POINT ( 'NONE', #4447 ) ;
#6198 = CARTESIAN_POINT ( 'NONE',  ( -1.924722225583746400, 1.524999999999999700, -8.752773196134491200 ) ) ;
#6199 = ORIENTED_EDGE ( 'NONE', *, *, #2654, .F. ) ;
#6200 = EDGE_CURVE ( 'NONE', #668, #5694, #5118, .T. ) ;
#6201 = AXIS2_PLACEMENT_3D ( 'NONE', #3109, #2539, #5510 ) ;
#6202 = ORIENTED_EDGE ( 'NONE', *, *, #5781, .F. ) ;
#6203 = ORIENTED_EDGE ( 'NONE', *, *, #4084, .F. ) ;
#6204 = ORIENTED_EDGE ( 'NONE', *, *, #176, .F. ) ;
#6205 = DIRECTION ( 'NONE',  ( 1.000000000000000000, 0.0000000000000000000, 0.0000000000000000000 ) ) ;
#6206 = LINE ( 'NONE', #1615, #3793 ) ;
#6207 = ORIENTED_EDGE ( 'NONE', *, *, #2467, .T. ) ;
#6208 = EDGE_CURVE ( 'NONE', #423, #2197, #3993, .T. ) ;
#6209 = CARTESIAN_POINT ( 'NONE',  ( -2.894999999999998200, 1.524999999999999700, -10.02500000000000000 ) ) ;
#6210 = VECTOR ( 'NONE', #1571, 1000.000000000000000 ) ;
#6211 = DIRECTION ( 'NONE',  ( -1.458100904399333800E-016, 1.000000000000000000, 0.0000000000000000000 ) ) ;
#6212 = CARTESIAN_POINT ( 'NONE',  ( 5.204999999999999200, 1.825000000000000800, -3.775000000000000400 ) ) ;
#6213 = ORIENTED_EDGE ( 'NONE', *, *, #105, .T. ) ;
#6214 = FACE_OUTER_BOUND ( 'NONE', #2148, .T. ) ;
#6215 = EDGE_CURVE ( 'NONE', #2769, #5224, #3147, .T. ) ;
#6216 = DIRECTION ( 'NONE',  ( 1.458100904399333800E-016, -1.000000000000000000, 0.0000000000000000000 ) ) ;
#6217 = AXIS2_PLACEMENT_3D ( 'NONE', #3717, #1860, #5739 ) ;
#6218 = ADVANCED_FACE ( 'NONE', ( #2844 ), #1567, .F. ) ;
#6219 = DIRECTION ( 'NONE',  ( -0.01029357226245773300, -1.500906702538951900E-018, 0.9999470197815869500 ) ) ;
#6220 = DIRECTION ( 'NONE',  ( 1.458100904399333800E-016, -1.000000000000000000, -0.0000000000000000000 ) ) ;
#6221 = EDGE_LOOP ( 'NONE', ( #1475, #1679, #3292, #3215, #3633, #6168 ) ) ;
#6222 = DIRECTION ( 'NONE',  ( 1.000000000000000000, 1.458100904399333800E-016, 0.0000000000000000000 ) ) ;
#6223 = ORIENTED_EDGE ( 'NONE', *, *, #1291, .T. ) ;
#6224 = EDGE_CURVE ( 'NONE', #3421, #6151, #3072, .T. ) ;
#6225 = DIRECTION ( 'NONE',  ( 0.0000000000000000000, 0.0000000000000000000, -1.000000000000000000 ) ) ;
#6226 = CARTESIAN_POINT ( 'NONE',  ( 1.590000000000001200, 1.125000000000000400, -3.674999999999999400 ) ) ;
#6227 = CIRCLE ( 'NONE', #3134, 1.599999999999999600 ) ;
#6228 = EDGE_CURVE ( 'NONE', #23, #5259, #1495, .T. ) ;
#6229 = DIRECTION ( 'NONE',  ( -1.458100904399333800E-016, 1.000000000000000000, 0.0000000000000000000 ) ) ;
#6230 = AXIS2_PLACEMENT_3D ( 'NONE', #494, #4319, #4355 ) ;
#6231 = ORIENTED_EDGE ( 'NONE', *, *, #4253, .F. ) ;
#6232 = CARTESIAN_POINT ( 'NONE',  ( -1.589999999999997600, 0.4000000000000004100, -0.2505119680435621300 ) ) ;
#6233 = LINE ( 'NONE', #702, #1415 ) ;
#6234 = VECTOR ( 'NONE', #5315, 1000.000000000000000 ) ;
#6235 = ORIENTED_EDGE ( 'NONE', *, *, #714, .F. ) ;
#6236 = CARTESIAN_POINT ( 'NONE',  ( -3.522868262946701200, 1.524999999999999500, -8.829774775735726800 ) ) ;
#6237 = DIRECTION ( 'NONE',  ( 1.000000000000000000, 1.458100904399333800E-016, -0.0000000000000000000 ) ) ;
#6238 = EDGE_CURVE ( 'NONE', #2048, #4268, #3300, .T. ) ;
#6239 = ORIENTED_EDGE ( 'NONE', *, *, #2352, .T. ) ;
#6240 = CIRCLE ( 'NONE', #2708, 0.3499999999999992000 ) ;
#6241 = PLANE ( 'NONE',  #2668 ) ;
#6242 = VECTOR ( 'NONE', #4415, 1000.000000000000000 ) ;
#6243 = CARTESIAN_POINT ( 'NONE',  ( -0.9499999999999995100, 1.004999999999999900, -11.07499999999999900 ) ) ;
#6244 = FACE_OUTER_BOUND ( 'NONE', #4237, .T. ) ;
#6245 = VERTEX_POINT ( 'NONE', #1989 ) ;
#6246 = CARTESIAN_POINT ( 'NONE',  ( 4.129999999999999900, 1.025000000000000600, 0.2250000000000012500 ) ) ;
#6247 = FACE_OUTER_BOUND ( 'NONE', #524, .T. ) ;
#6248 = LINE ( 'NONE', #726, #1953 ) ;
#6249 = ADVANCED_FACE ( 'NONE', ( #1794 ), #370, .F. ) ;
#6250 = CARTESIAN_POINT ( 'NONE',  ( -0.9499999999999995100, 1.524999999999999900, -2.975000000000000100 ) ) ;
ENDSEC;
END-ISO-10303-21;
